INSERT INTO public.exams (id, name, code, subject_id, difficulty, is_complete, is_active, total_score, description, exam_level, duration_minutes, exam_template_id, parent_exam_id, variant_no, template, total_questions) VALUES ('638b6fe3-d53c-42d4-9e7d-36d9e05c4810', 'YLE - Flyers - Speaking', 'YLE-FLY-SPK', null, 'MEDIUM', true, true, 23, 'Đề thi quý: Flyers - Speaking', null, 45, null, null, null, '{"id": "743216ab-3d3b-4d03-ae7b-351d6cad0d43", "parts": [{"id": 1, "name": "Part 1", "skill": "SPEAKING", "groups": [{"number": 1, "questionCount": 7}], "points": 7, "isGroup": true, "category": "SPEAKING", "endIndex": 6, "startIndex": 0, "groupConfig": ["candidateImageUrl", "examinerImageUrl"], "instructions": "", "questionType": "LISTEN_AND_SPEAK_COMPARE_IMAGES", "questionCount": 7}, {"id": 2, "name": "Part 2", "skill": "SPEAKING", "points": 10, "isGroup": false, "category": "SPEAKING", "endIndex": 16, "sections": [{"name": "Part 2a", "groups": [{"number": 1, "questionCount": 5}], "isGroup": true, "endIndex": 11, "viewMode": "ANSWER", "sectionId": 1, "startIndex": 7, "groupConfig": ["title", "imageUrl", "fields"], "questionType": "LISTEN_AND_SPEAK_INFO_EXCHANGE", "questionCount": 5}, {"name": "Part 2b", "groups": [{"number": 1, "questionCount": 5}], "isGroup": true, "endIndex": 16, "viewMode": "ASK", "sectionId": 2, "startIndex": 12, "groupConfig": ["title", "imageUrl", "fields"], "questionType": "LISTEN_AND_SPEAK_INFO_EXCHANGE", "questionCount": 5}], "startIndex": 7, "instructions": "", "questionCount": 10}, {"id": 3, "name": "Part 3", "skill": "SPEAKING", "points": 5, "isGroup": false, "category": "SPEAKING", "endIndex": 17, "startIndex": 17, "instructions": "", "questionType": "LISTEN_AND_SPEAK_WITH_STORY_IMAGES", "questionCount": 1}, {"id": 4, "name": "Part 4", "skill": "SPEAKING", "groups": [{"number": 1, "questionCount": 5}], "points": 5, "isGroup": true, "category": "SPEAKING", "endIndex": 22, "startIndex": 18, "groupConfig": ["questions"], "instructions": "", "questionType": "LISTEN_AND_SPEAK_QUESTION_LIST", "questionCount": 5}], "title": "YLE Flyers Speaking", "subTitle": "YLE FLYERS SPEAKING", "examLevel": "A2", "totalParts": 4, "description": "Cambridge YLE Flyers - Speaking", "examLevelId": "735ebbdb-c074-4df1-9371-11fcb717e79d", "totalQuestions": 23}', 23);
INSERT INTO public.exams (id, name, code, subject_id, difficulty, is_complete, is_active, total_score, description, exam_level, duration_minutes, exam_template_id, parent_exam_id, variant_no, template, total_questions) VALUES ('a2fc8436-b9db-4dc0-a521-cfcd700244ac', '000', 'YLE-FLY-SPK-0', null, 'MEDIUM', false, false, 23, 'Đề thi quý: Flyers - Speaking', null, 45, null, '638b6fe3-d53c-42d4-9e7d-36d9e05c4810', 0, '{"id": "743216ab-3d3b-4d03-ae7b-351d6cad0d43", "parts": [{"id": 1, "name": "Part 1", "skill": "SPEAKING", "groups": [{"number": 1, "questionCount": 7}], "points": 7, "isGroup": true, "category": "SPEAKING", "endIndex": 6, "startIndex": 0, "groupConfig": ["candidateImageUrl", "examinerImageUrl"], "instructions": "", "questionType": "LISTEN_AND_SPEAK_COMPARE_IMAGES", "questionCount": 7}, {"id": 2, "name": "Part 2", "skill": "SPEAKING", "points": 10, "isGroup": false, "category": "SPEAKING", "endIndex": 16, "sections": [{"name": "Part 2a", "groups": [{"number": 1, "questionCount": 5}], "isGroup": true, "endIndex": 11, "viewMode": "ANSWER", "sectionId": 1, "startIndex": 7, "groupConfig": ["title", "imageUrl", "fields"], "questionType": "LISTEN_AND_SPEAK_INFO_EXCHANGE", "questionCount": 5}, {"name": "Part 2b", "groups": [{"number": 1, "questionCount": 5}], "isGroup": true, "endIndex": 16, "viewMode": "ASK", "sectionId": 2, "startIndex": 12, "groupConfig": ["title", "imageUrl", "fields"], "questionType": "LISTEN_AND_SPEAK_INFO_EXCHANGE", "questionCount": 5}], "startIndex": 7, "instructions": "", "questionCount": 10}, {"id": 3, "name": "Part 3", "skill": "SPEAKING", "points": 5, "isGroup": false, "category": "SPEAKING", "endIndex": 17, "startIndex": 17, "instructions": "", "questionType": "LISTEN_AND_SPEAK_WITH_STORY_IMAGES", "questionCount": 1}, {"id": 4, "name": "Part 4", "skill": "SPEAKING", "groups": [{"number": 1, "questionCount": 5}], "points": 5, "isGroup": true, "category": "SPEAKING", "endIndex": 22, "startIndex": 18, "groupConfig": ["questions"], "instructions": "", "questionType": "LISTEN_AND_SPEAK_QUESTION_LIST", "questionCount": 5}], "title": "YLE Flyers Speaking", "subTitle": "YLE FLYERS SPEAKING", "examLevel": "A2", "totalParts": 4, "description": "Cambridge YLE Flyers - Speaking", "examLevelId": "735ebbdb-c074-4df1-9371-11fcb717e79d", "totalQuestions": 23}', 23);
INSERT INTO public.question_banks (id, code, title, content, correct_answer, question_type, difficulty, skill, points, subject_id, exam_level, explanation) VALUES ('d591eb3d-5db8-450b-b40a-6dcd559e5435', 'LAC_Q2_2025_FLY_001', 'Nghe và so sánh', '{"audioUrl": "listen-and-speak/audio/1773970963847_f1fd983f_q2_fly_speaking_p1_1.mp3", "isBackup": false}', '{"expectedAnswers": ["My name is <name>. I''m <number> years old.", "I''m <name>. I''m <number>."]}', 'LISTEN_AND_SPEAK_COMPARE_IMAGES', 'medium', null, 1.00, null, null, '');
INSERT INTO public.question_banks (id, code, title, content, correct_answer, question_type, difficulty, skill, points, subject_id, exam_level, explanation) VALUES ('47ff48af-7292-44d5-87d2-d09c6d2b7b0b', 'LAC_Q2_2025_FLY_002', 'Nghe và so sánh', '{"audioUrl": "listen-and-speak/audio/1773971434201_d03659df_q2_fly_speaking_p1_2.mp3", "isBackup": false}', '{"expectedAnswers": ["In my picture, the artist doesn''t have a moustache.", "The artist doesn''t have a moustache in my picture."]}', 'LISTEN_AND_SPEAK_COMPARE_IMAGES', 'medium', null, 1.00, null, null, '');
INSERT INTO public.question_banks (id, code, title, content, correct_answer, question_type, difficulty, skill, points, subject_id, exam_level, explanation) VALUES ('e940bc1d-d7dd-4ecf-b1c3-dcf364452d66', 'LAC_Q2_2025_FLY_003', 'Nghe và so sánh', '{"audioUrl": "listen-and-speak/audio/1773971707271_82d3c690_q2_fly_speaking_p1_3.mp3", "isBackup": false}', '{"expectedAnswers": ["In my picture, I don''t see any money in the suitcase.", "There isn''t any money in the suitcase in my picture."]}', 'LISTEN_AND_SPEAK_COMPARE_IMAGES', 'medium', null, 1.00, null, null, '');
INSERT INTO public.question_banks (id, code, title, content, correct_answer, question_type, difficulty, skill, points, subject_id, exam_level, explanation) VALUES ('20b25873-a165-4950-a7e4-16b35d739579', 'LAC_Q2_2025_FLY_004', 'Nghe và so sánh', '{"audioUrl": "listen-and-speak/audio/1773972063590_cb10a125_q2_fly_speaking_p1_4.mp3", "isBackup": false}', '{"expectedAnswers": ["In my picture, the man in a blue uniform wear a black belt.", "He wearing a black belt in my picture."]}', 'LISTEN_AND_SPEAK_COMPARE_IMAGES', 'medium', null, 1.00, null, null, '');
INSERT INTO public.question_banks (id, code, title, content, correct_answer, question_type, difficulty, skill, points, subject_id, exam_level, explanation) VALUES ('be3bd260-a75d-4596-86c0-61605a2b1f9c', 'LAC_Q2_2025_FLY_005', 'Nghe và so sánh', '{"audioUrl": "listen-and-speak/audio/1773972334974_71bc4b14_q2_fly_speaking_p1_5.mp3", "isBackup": false}', '{"expectedAnswers": ["In my picture, I can also see two birds on the enormous suitcase. They are not the same color.", "The two birds on the enormous suitcase are in different colors in my picture."]}', 'LISTEN_AND_SPEAK_COMPARE_IMAGES', 'medium', null, 1.00, null, null, '');
INSERT INTO public.question_banks (id, code, title, content, correct_answer, question_type, difficulty, skill, points, subject_id, exam_level, explanation) VALUES ('58ab6d6c-6d52-4d27-8403-259e3283c9c2', 'LAC_Q2_2025_FLY_006', 'Nghe và so sánh', '{"audioUrl": "listen-and-speak/audio/1773972578686_c20c0bca_q2_fly_speaking_p1_6.mp3", "isBackup": false}', '{"expectedAnswers": ["In my picture, the clock shows it''s 7 o''clock.", "It''s 7 o''clock in my picture."]}', 'LISTEN_AND_SPEAK_COMPARE_IMAGES', 'medium', null, 1.00, null, null, '');
INSERT INTO public.question_banks (id, code, title, content, correct_answer, question_type, difficulty, skill, points, subject_id, exam_level, explanation) VALUES ('72e35cc6-bfe3-43a0-8947-64fd231e6c48', 'LAT_Q2_2025_007', 'Nghe và so sánh', '{"audioUrl": "listen-and-speak/audio/1773972757037_efdd6259_q2_fly_speaking_p1_7.mp3", "isBackup": false}', '{"expectedAnswers": ["In my picture, I can also see a man holding a cage. I can see a parrot in the cage.", "I can see a man holding a cage with a parrot in it."]}', 'LISTEN_AND_SPEAK_COMPARE_IMAGES', 'medium', null, 1.00, null, null, '');
INSERT INTO public.question_banks (id, code, title, content, correct_answer, question_type, difficulty, skill, points, subject_id, exam_level, explanation) VALUES ('98b85f3d-faa3-4bc7-988b-ebd99819b771', 'IE_Q2_2025_FLY_001', 'Trao đổi thông tin', '{"audioUrl": "info-exchange/audio/1773974134872_0d1a2fb1_q2_fly_speaking_p2_1.mp3"}', '{"expectedAnswers": ["It''s in King Road.", "Katy''s house is in King Road."]}', 'LISTEN_AND_SPEAK_INFO_EXCHANGE', 'medium', null, 1.00, null, null, '');
INSERT INTO public.question_banks (id, code, title, content, correct_answer, question_type, difficulty, skill, points, subject_id, exam_level, explanation) VALUES ('772471c1-2201-46f8-9b77-9bed454f68bf', 'IE_Q2_2025_FLY_002', 'Trao đổi thông tin', '{"audioUrl": "info-exchange/audio/1773974305982_4cc36890_q2_fly_speaking_p2_2.mp3"}', '{"expectedAnswers": ["It''s yellow.", "Her house is yellow."]}', 'LISTEN_AND_SPEAK_INFO_EXCHANGE', 'medium', null, 1.00, null, null, '');
INSERT INTO public.question_banks (id, code, title, content, correct_answer, question_type, difficulty, skill, points, subject_id, exam_level, explanation) VALUES ('1d2f62b5-e344-4f79-ae94-347a381d4882', 'IE_Q2_2025_FLY_003', 'Trao đổi thông tin', '{"audioUrl": "info-exchange/audio/1773974444835_e0b28f29_q2_fly_speaking_p2_3.mp3"}', '{"expectedAnswers": ["It has got 4 rooms.", "4 rooms."]}', 'LISTEN_AND_SPEAK_INFO_EXCHANGE', 'medium', null, 1.00, null, null, '');
INSERT INTO public.question_banks (id, code, title, content, correct_answer, question_type, difficulty, skill, points, subject_id, exam_level, explanation) VALUES ('136889bb-19b7-4775-9c78-aa43d3cdd846', 'IE_Q2_2025_FLY_004', 'Trao đổi thông tin', '{"audioUrl": "info-exchange/audio/1773975242058_8384babf_q2_fly_speaking_p2_4.mp3"}', '{"expectedAnswers": ["She likes the swimming pool most in her house.", "It''s the swimming pool."]}', 'LISTEN_AND_SPEAK_INFO_EXCHANGE', 'medium', null, 1.00, null, null, '');
INSERT INTO public.question_banks (id, code, title, content, correct_answer, question_type, difficulty, skill, points, subject_id, exam_level, explanation) VALUES ('b4d793d7-3891-49fc-ae98-035352a80e03', 'IE_Q2_2025_FLY_005', 'Trao đổi thông tin', '{"audioUrl": "info-exchange/audio/1773975359861_2bd520b5_q2_fly_speaking_p2_5.mp3"}', '{"expectedAnswers": ["Yes, it does."]}', 'LISTEN_AND_SPEAK_INFO_EXCHANGE', 'medium', null, 1.00, null, null, '');
INSERT INTO public.question_banks (id, code, title, content, correct_answer, question_type, difficulty, skill, points, subject_id, exam_level, explanation) VALUES ('589cbc42-a43f-4abb-a7c9-25ac2be15412', 'IE_Q2_2025_FLY_006', 'Trao đổi thông tin', '{"audioUrl": "info-exchange/audio/1773992236191_c7c40923_q2_fly_speaking_p2b_1.mp3"}', '{"expectedAnswers": ["Where is Alex''s house?"]}', 'LISTEN_AND_SPEAK_INFO_EXCHANGE', 'medium', null, 1.00, null, null, '');
INSERT INTO public.question_banks (id, code, title, content, correct_answer, question_type, difficulty, skill, points, subject_id, exam_level, explanation) VALUES ('cc0bc71d-42f2-4008-88de-65cce19a411d', 'IE_Q2_2025_FLY_007', 'Trao đổi thông tin', '{"audioUrl": "info-exchange/audio/1773992347978_67d40f67_q2_fly_speaking_p2b_2.mp3"}', '{"expectedAnswers": ["How many rooms has it got?"]}', 'LISTEN_AND_SPEAK_INFO_EXCHANGE', 'medium', null, 1.00, null, null, '');
INSERT INTO public.question_banks (id, code, title, content, correct_answer, question_type, difficulty, skill, points, subject_id, exam_level, explanation) VALUES ('ab261654-445b-4846-96cf-c29b9b4ae435', 'IE_Q2_2025_FLY_008', 'Trao đổi thông tin', '{"audioUrl": "info-exchange/audio/1773992772808_d67c1fab_q2_fly_speaking_p2b_3.mp3"}', '{"expectedAnswers": ["What colour is it?"]}', 'LISTEN_AND_SPEAK_INFO_EXCHANGE', 'medium', null, 1.00, null, null, '');
INSERT INTO public.question_banks (id, code, title, content, correct_answer, question_type, difficulty, skill, points, subject_id, exam_level, explanation) VALUES ('63532f03-c7cb-40e5-a295-9c5a57db77c6', 'IE_Q2_2025_FLY_009', 'Trao đổi thông tin', '{"audioUrl": "info-exchange/audio/1773992944693_e0c0c9da_q2_fly_speaking_p2b_4.mp3"}', '{"expectedAnswers": ["What does he like most in his house?"]}', 'LISTEN_AND_SPEAK_INFO_EXCHANGE', 'medium', null, 1.00, null, null, '');
INSERT INTO public.question_banks (id, code, title, content, correct_answer, question_type, difficulty, skill, points, subject_id, exam_level, explanation) VALUES ('f4855af8-436b-4f30-9518-e26741bf77ce', 'IE_Q2_2025_FLY_010', 'Trao đổi thông tin', '{"audioUrl": "info-exchange/audio/1773993072707_cc4cc72d_q2_fly_speaking_p2b_5.mp3"}', '{"expectedAnswers": ["Does his house have a garden?"]}', 'LISTEN_AND_SPEAK_INFO_EXCHANGE', 'medium', null, 1.00, null, null, '');
INSERT INTO public.question_banks (id, code, title, content, correct_answer, question_type, difficulty, skill, points, subject_id, exam_level, explanation) VALUES ('411bf065-3159-4779-8ca3-68fbebe0efa0', 'LTS_Q2_2025_FLY_001', 'Kể câu chuyện theo hình', '{"images": ["questions/story-images/images/1773993315211_b70ec8df_q2_fly_speaking_p3_1.png", "questions/story-images/images/1773993321658_9c103aca_q2_fly_speaking_p3_2.png", "questions/story-images/images/1773993326419_63eefd09_q2_fly_speaking_p3_3.png", "questions/story-images/images/1773993332641_6b320a35_q2_fly_speaking_p3_4.png", "questions/story-images/images/1773993339328_50d82d1e_q2_fly_speaking_p3_5.png"], "audioUrl": "listen-and-speak/audio/1773993532303_0e289f90_q2_fly_speaking_p3.mp3", "isBackup": false}', '{"expectedAnswers": ["Sophia''s grandmother gives her two tickets for a pop concert. She''s very excited because she loves pop music and she has never been to a concert before.", "Sophia goes to the concert by car, which is driven by her mother. She can''t hide her excitement on the way there.", "Suddenly, she sees a young woman is looking for a lift. She asks her mother to help that lady.", "Surprisingly, she finds out that that woman is a famous pop star, who is going to perform at the concert that she''s heading to. She''s really happy to know that.", "At the concert, the famous singer publicly thank Sophia for the favor, and sing a song for her in front of the crowd. It is a day to remember for Sophia."]}', 'LISTEN_AND_SPEAK_WITH_STORY_IMAGES', 'medium', null, 1.00, null, null, '');
INSERT INTO public.question_banks (id, code, title, content, correct_answer, question_type, difficulty, skill, points, subject_id, exam_level, explanation) VALUES ('911be815-6338-4f1b-b667-d0d64f0091ba', 'LAA_Q2_2025_FLY_001', 'Nghe & Trả lời', '{"audioUrl": "listen-and-speak/audio/1773994789920_66c0a167_q2_fly_speaking_p4_1.mp3", "activeQuestionId": "obj-1773994086543"}', '{"expectedAnswers": ["I wake up at <giờ> o''clock.", "At <giờ> o''clock."]}', 'LISTEN_AND_SPEAK_QUESTION_LIST', 'medium', null, 1.00, null, null, '');
INSERT INTO public.question_banks (id, code, title, content, correct_answer, question_type, difficulty, skill, points, subject_id, exam_level, explanation) VALUES ('0fbea6a9-0872-4f7e-835e-610c21c8679d', 'LAA_Q2_2025_FLY_002', 'Nghe & Trả lời', '{"audioUrl": "listen-and-speak/audio/1773995015590_bd7c0d71_q2_fly_speaking_p4_2.mp3", "activeQuestionId": "obj-1773994105876"}', '{"expectedAnswers": ["I wash my face", "I brush my teeth"]}', 'LISTEN_AND_SPEAK_QUESTION_LIST', 'medium', null, 1.00, null, null, '');
INSERT INTO public.question_banks (id, code, title, content, correct_answer, question_type, difficulty, skill, points, subject_id, exam_level, explanation) VALUES ('946c9a7a-e580-4664-8c3a-ab438b176626', 'LAA_Q2_2025_FLY_003', 'Nghe & Trả lời', '{"audioUrl": "listen-and-speak/audio/1773995457626_71db9b4c_q2_fly_speaking_p4_3.mp3", "activeQuestionId": "obj-1773994125207"}', '{"expectedAnswers": ["I go to school at <giờ> o''clock.", "At <giờ> o''clock."]}', 'LISTEN_AND_SPEAK_QUESTION_LIST', 'medium', null, 1.00, null, null, '');
INSERT INTO public.question_banks (id, code, title, content, correct_answer, question_type, difficulty, skill, points, subject_id, exam_level, explanation) VALUES ('2b9420ba-a715-4431-9b52-672b16a28c81', 'LAA_Q2_2025_FLY_004', 'Nghe & Trả lời', '{"audioUrl": "listen-and-speak/audio/1773995570137_6920c6f0_q2_fly_speaking_p4_4.mp3", "activeQuestionId": "obj-1773994138543"}', '{"expectedAnswers": ["I go to school by bike.", "I go to school by bus."]}', 'LISTEN_AND_SPEAK_QUESTION_LIST', 'medium', null, 1.00, null, null, '');
INSERT INTO public.question_banks (id, code, title, content, correct_answer, question_type, difficulty, skill, points, subject_id, exam_level, explanation) VALUES ('95f9f201-1215-4821-9c5b-ae917f6390a8', 'LAA_Q2_2025_FLY_005', 'Nghe & Trả lời', '{"audioUrl": "listen-and-speak/audio/1773995713160_5f4871da_q2_fly_speaking_p4_5.mp3", "activeQuestionId": "obj-1773994150512"}', '{"expectedAnswers": ["I have noodles for breakfast.", "I eat bread for breakfast."]}', 'LISTEN_AND_SPEAK_QUESTION_LIST', 'medium', null, 1.00, null, null, '');
INSERT INTO public.question_groups (id, payload, group_number, part_id, section_id, exam_id) VALUES ('767a6b48-7140-47d1-98ed-9a6c74832550', '{"examinerImageUrl": "questions/compare-images/images/1774251997981_2b1a669b_speaking_flyers_1_ex.webp", "candidateImageUrl": "questions/compare-images/images/1774251940093_d5d38607_speaking_flyers_1_can.webp"}', 1, '1', null, '638b6fe3-d53c-42d4-9e7d-36d9e05c4810');
INSERT INTO public.question_groups (id, payload, group_number, part_id, section_id, exam_id) VALUES ('27bea950-4119-4235-9ebe-909b8e22e9ec', '{"questions": [{"id": "obj-1773994086543", "text": "What time do you wake up?"}, {"id": "obj-1773994105876", "text": "What do you do first?"}, {"id": "obj-1773994125207", "text": "What time do you go to school?"}, {"id": "obj-1773994138543", "text": "How do you go to school?"}, {"id": "obj-1773994150512", "text": "Tell me about your breakfast."}]}', 1, '4', null, '638b6fe3-d53c-42d4-9e7d-36d9e05c4810');
INSERT INTO public.question_groups (id, payload, group_number, part_id, section_id, exam_id) VALUES ('8004eb36-1907-492e-9f3f-b84f7f197154', '{"title": "Katy''s House", "imageUrl": "info-exchange/images/1774252076204_2812e4d0_speaking_flyers_2.webp", "examinerFields": [{"key": "Where", "answer": "?"}, {"key": "How many/rooms", "answer": "?"}, {"key": "Colour", "answer": "?"}, {"key": "What/like most", "answer": "?"}, {"key": "garden", "answer": "?"}], "candidateFields": [{"key": "Where", "answer": "King Road"}, {"key": "How many/rooms", "answer": "4"}, {"key": "Colour", "answer": "yellow"}, {"key": "What/like most", "answer": "swimming pool"}, {"key": "garden", "answer": "yes"}]}', 1, '2', 1, '638b6fe3-d53c-42d4-9e7d-36d9e05c4810');
INSERT INTO public.question_groups (id, payload, group_number, part_id, section_id, exam_id) VALUES ('16ab37e2-4a44-443e-a1d6-a48dd3224c7d', '{"title": "Alex''s house", "imageUrl": "info-exchange/images/1774252090814_62a579f8_speaking_flyers_2.webp", "examinerFields": [{"key": "Where", "answer": "Silver Street"}, {"key": "How many/room", "answer": "5"}, {"key": "Colour", "answer": "blue"}, {"key": "What/like most", "answer": "living room"}, {"key": "garden", "answer": "no"}], "candidateFields": [{"key": "Where", "answer": "?"}, {"key": "How many/room", "answer": "?"}, {"key": "Colour", "answer": "?"}, {"key": "What/like most", "answer": "?"}, {"key": "garden", "answer": "?"}]}', 1, '2', 2, '638b6fe3-d53c-42d4-9e7d-36d9e05c4810');
INSERT INTO public.questions (id, content, correct_answer, points, question_type, explanation, exam_id, part_id, part_no, question_number, group_id, question_bank_id, question_skill_type, is_example, suggested_answers) VALUES ('a22ae001-898d-42c5-b7f9-a59b989ca09a', '{"audioUrl": "listen-and-speak/audio/1773972757037_efdd6259_q2_fly_speaking_p1_7.mp3", "isBackup": false}', '{"expectedAnswers": ["In my picture, I can also see a man holding a cage. I can see a parrot in the cage.", "I can see a man holding a cage with a parrot in it."]}', 1.00, 'LISTEN_AND_SPEAK_COMPARE_IMAGES', '', '638b6fe3-d53c-42d4-9e7d-36d9e05c4810', '1', 1, 7, '767a6b48-7140-47d1-98ed-9a6c74832550', '72e35cc6-bfe3-43a0-8947-64fd231e6c48', 'SPEAKING', false, null);
INSERT INTO public.questions (id, content, correct_answer, points, question_type, explanation, exam_id, part_id, part_no, question_number, group_id, question_bank_id, question_skill_type, is_example, suggested_answers) VALUES ('480d42b7-94f0-4820-94f4-98e4a11ade4d', '{"audioUrl": "info-exchange/audio/1773974305982_4cc36890_q2_fly_speaking_p2_2.mp3"}', '{"expectedAnswers": ["It''s yellow.", "Her house is yellow."]}', 1.00, 'LISTEN_AND_SPEAK_INFO_EXCHANGE', '', '638b6fe3-d53c-42d4-9e7d-36d9e05c4810', '2', 2, 9, '8004eb36-1907-492e-9f3f-b84f7f197154', '772471c1-2201-46f8-9b77-9bed454f68bf', 'SPEAKING', false, null);
INSERT INTO public.questions (id, content, correct_answer, points, question_type, explanation, exam_id, part_id, part_no, question_number, group_id, question_bank_id, question_skill_type, is_example, suggested_answers) VALUES ('ec2aedb1-d8ba-4481-82a6-f5884dbf4f85', '{"audioUrl": "info-exchange/audio/1773974444835_e0b28f29_q2_fly_speaking_p2_3.mp3"}', '{"expectedAnswers": ["It has got 4 rooms.", "4 rooms."]}', 1.00, 'LISTEN_AND_SPEAK_INFO_EXCHANGE', '', '638b6fe3-d53c-42d4-9e7d-36d9e05c4810', '2', 2, 10, '8004eb36-1907-492e-9f3f-b84f7f197154', '1d2f62b5-e344-4f79-ae94-347a381d4882', 'SPEAKING', false, null);
INSERT INTO public.questions (id, content, correct_answer, points, question_type, explanation, exam_id, part_id, part_no, question_number, group_id, question_bank_id, question_skill_type, is_example, suggested_answers) VALUES ('0fd71bb4-d9d0-46c6-9642-0516ba26695a', '{"audioUrl": "listen-and-speak/audio/1773970963847_f1fd983f_q2_fly_speaking_p1_1.mp3", "isBackup": false}', '{"expectedAnswers": ["My name is <name>. I''m <number> years old.", "I''m <name>. I''m <number>."]}', 1.00, 'LISTEN_AND_SPEAK_COMPARE_IMAGES', '', '638b6fe3-d53c-42d4-9e7d-36d9e05c4810', '1', 1, 1, '767a6b48-7140-47d1-98ed-9a6c74832550', 'd591eb3d-5db8-450b-b40a-6dcd559e5435', 'SPEAKING', false, null);
INSERT INTO public.questions (id, content, correct_answer, points, question_type, explanation, exam_id, part_id, part_no, question_number, group_id, question_bank_id, question_skill_type, is_example, suggested_answers) VALUES ('4186d211-e7a0-4f2f-a8ab-c4620a93a807', '{"audioUrl": "info-exchange/audio/1773974134872_0d1a2fb1_q2_fly_speaking_p2_1.mp3"}', '{"expectedAnswers": ["It''s in King Road.", "Katy''s house is in King Road."]}', 1.00, 'LISTEN_AND_SPEAK_INFO_EXCHANGE', '', '638b6fe3-d53c-42d4-9e7d-36d9e05c4810', '2', 2, 8, '8004eb36-1907-492e-9f3f-b84f7f197154', '98b85f3d-faa3-4bc7-988b-ebd99819b771', 'SPEAKING', false, null);
INSERT INTO public.questions (id, content, correct_answer, points, question_type, explanation, exam_id, part_id, part_no, question_number, group_id, question_bank_id, question_skill_type, is_example, suggested_answers) VALUES ('0a86b55c-46ba-4233-8d05-4e1731ffb115', '{"audioUrl": "info-exchange/audio/1773992944693_e0c0c9da_q2_fly_speaking_p2b_4.mp3"}', '{"expectedAnswers": ["What does he like most in his house?"]}', 1.00, 'LISTEN_AND_SPEAK_INFO_EXCHANGE', '', '638b6fe3-d53c-42d4-9e7d-36d9e05c4810', '2', 2, 16, '16ab37e2-4a44-443e-a1d6-a48dd3224c7d', '63532f03-c7cb-40e5-a295-9c5a57db77c6', 'SPEAKING', false, null);
INSERT INTO public.questions (id, content, correct_answer, points, question_type, explanation, exam_id, part_id, part_no, question_number, group_id, question_bank_id, question_skill_type, is_example, suggested_answers) VALUES ('3b27e167-a0be-488a-9f9a-bc3d2adc3157', '{"audioUrl": "listen-and-speak/audio/1773971434201_d03659df_q2_fly_speaking_p1_2.mp3", "isBackup": false}', '{"expectedAnswers": ["In my picture, the artist doesn''t have a moustache.", "The artist doesn''t have a moustache in my picture."]}', 1.00, 'LISTEN_AND_SPEAK_COMPARE_IMAGES', '', '638b6fe3-d53c-42d4-9e7d-36d9e05c4810', '1', 1, 2, '767a6b48-7140-47d1-98ed-9a6c74832550', '47ff48af-7292-44d5-87d2-d09c6d2b7b0b', 'SPEAKING', false, null);
INSERT INTO public.questions (id, content, correct_answer, points, question_type, explanation, exam_id, part_id, part_no, question_number, group_id, question_bank_id, question_skill_type, is_example, suggested_answers) VALUES ('a11167b1-51b0-435e-bdbb-bd6b4905ce15', '{"audioUrl": "listen-and-speak/audio/1773971707271_82d3c690_q2_fly_speaking_p1_3.mp3", "isBackup": false}', '{"expectedAnswers": ["In my picture, I don''t see any money in the suitcase.", "There isn''t any money in the suitcase in my picture."]}', 1.00, 'LISTEN_AND_SPEAK_COMPARE_IMAGES', '', '638b6fe3-d53c-42d4-9e7d-36d9e05c4810', '1', 1, 3, '767a6b48-7140-47d1-98ed-9a6c74832550', 'e940bc1d-d7dd-4ecf-b1c3-dcf364452d66', 'SPEAKING', false, null);
INSERT INTO public.questions (id, content, correct_answer, points, question_type, explanation, exam_id, part_id, part_no, question_number, group_id, question_bank_id, question_skill_type, is_example, suggested_answers) VALUES ('29aa76a5-79a6-472e-8713-95a58e759385', '{"audioUrl": "listen-and-speak/audio/1773972063590_cb10a125_q2_fly_speaking_p1_4.mp3", "isBackup": false}', '{"expectedAnswers": ["In my picture, the man in a blue uniform wear a black belt.", "He wearing a black belt in my picture."]}', 1.00, 'LISTEN_AND_SPEAK_COMPARE_IMAGES', '', '638b6fe3-d53c-42d4-9e7d-36d9e05c4810', '1', 1, 4, '767a6b48-7140-47d1-98ed-9a6c74832550', '20b25873-a165-4950-a7e4-16b35d739579', 'SPEAKING', false, null);
INSERT INTO public.questions (id, content, correct_answer, points, question_type, explanation, exam_id, part_id, part_no, question_number, group_id, question_bank_id, question_skill_type, is_example, suggested_answers) VALUES ('c2fdb3ec-fc4f-4f48-8009-eeede073356a', '{"audioUrl": "listen-and-speak/audio/1773972578686_c20c0bca_q2_fly_speaking_p1_6.mp3", "isBackup": false}', '{"expectedAnswers": ["In my picture, the clock shows it''s 7 o''clock.", "It''s 7 o''clock in my picture."]}', 1.00, 'LISTEN_AND_SPEAK_COMPARE_IMAGES', '', '638b6fe3-d53c-42d4-9e7d-36d9e05c4810', '1', 1, 6, '767a6b48-7140-47d1-98ed-9a6c74832550', '58ab6d6c-6d52-4d27-8403-259e3283c9c2', 'SPEAKING', false, null);
INSERT INTO public.questions (id, content, correct_answer, points, question_type, explanation, exam_id, part_id, part_no, question_number, group_id, question_bank_id, question_skill_type, is_example, suggested_answers) VALUES ('737b101c-cc00-4086-b951-9ace4bbd8500', '{"audioUrl": "listen-and-speak/audio/1773972334974_71bc4b14_q2_fly_speaking_p1_5.mp3", "isBackup": false}', '{"expectedAnswers": ["In my picture, I can also see two birds on the enormous suitcase. They are not the same colour.", "The two birds on the enormous suitcase are in different colours in my picture."]}', 1.00, 'LISTEN_AND_SPEAK_COMPARE_IMAGES', '', '638b6fe3-d53c-42d4-9e7d-36d9e05c4810', '1', 1, 5, '767a6b48-7140-47d1-98ed-9a6c74832550', 'be3bd260-a75d-4596-86c0-61605a2b1f9c', 'SPEAKING', false, null);
INSERT INTO public.questions (id, content, correct_answer, points, question_type, explanation, exam_id, part_id, part_no, question_number, group_id, question_bank_id, question_skill_type, is_example, suggested_answers) VALUES ('304f1a62-e4a1-4e7f-b1aa-7706969a6f5f', '{"audioUrl": "info-exchange/audio/1773975242058_8384babf_q2_fly_speaking_p2_4.mp3"}', '{"expectedAnswers": ["She likes the swimming pool most in her house.", "It''s the swimming pool."]}', 1.00, 'LISTEN_AND_SPEAK_INFO_EXCHANGE', '', '638b6fe3-d53c-42d4-9e7d-36d9e05c4810', '2', 2, 11, '8004eb36-1907-492e-9f3f-b84f7f197154', '136889bb-19b7-4775-9c78-aa43d3cdd846', 'SPEAKING', false, null);
INSERT INTO public.questions (id, content, correct_answer, points, question_type, explanation, exam_id, part_id, part_no, question_number, group_id, question_bank_id, question_skill_type, is_example, suggested_answers) VALUES ('ea30e6d5-a438-4eef-a20d-c4d62db1c424', '{"audioUrl": "info-exchange/audio/1773992236191_c7c40923_q2_fly_speaking_p2b_1.mp3"}', '{"expectedAnswers": ["Where is Alex''s house?"]}', 1.00, 'LISTEN_AND_SPEAK_INFO_EXCHANGE', '', '638b6fe3-d53c-42d4-9e7d-36d9e05c4810', '2', 2, 13, '16ab37e2-4a44-443e-a1d6-a48dd3224c7d', '589cbc42-a43f-4abb-a7c9-25ac2be15412', 'SPEAKING', false, null);
INSERT INTO public.questions (id, content, correct_answer, points, question_type, explanation, exam_id, part_id, part_no, question_number, group_id, question_bank_id, question_skill_type, is_example, suggested_answers) VALUES ('cb5fa53b-4894-472e-a68e-185c573cce18', '{"audioUrl": "info-exchange/audio/1773975359861_2bd520b5_q2_fly_speaking_p2_5.mp3"}', '{"expectedAnswers": ["Yes, it does."]}', 1.00, 'LISTEN_AND_SPEAK_INFO_EXCHANGE', '', '638b6fe3-d53c-42d4-9e7d-36d9e05c4810', '2', 2, 12, '8004eb36-1907-492e-9f3f-b84f7f197154', 'b4d793d7-3891-49fc-ae98-035352a80e03', 'SPEAKING', false, null);
INSERT INTO public.questions (id, content, correct_answer, points, question_type, explanation, exam_id, part_id, part_no, question_number, group_id, question_bank_id, question_skill_type, is_example, suggested_answers) VALUES ('e82b4ca3-d0fb-46bf-8a0a-2ca8a86f13e0', '{"audioUrl": "info-exchange/audio/1773992347978_67d40f67_q2_fly_speaking_p2b_2.mp3"}', '{"expectedAnswers": ["How many rooms has it got?"]}', 1.00, 'LISTEN_AND_SPEAK_INFO_EXCHANGE', '', '638b6fe3-d53c-42d4-9e7d-36d9e05c4810', '2', 2, 14, '16ab37e2-4a44-443e-a1d6-a48dd3224c7d', 'cc0bc71d-42f2-4008-88de-65cce19a411d', 'SPEAKING', false, null);
INSERT INTO public.questions (id, content, correct_answer, points, question_type, explanation, exam_id, part_id, part_no, question_number, group_id, question_bank_id, question_skill_type, is_example, suggested_answers) VALUES ('f4c70128-83c9-4684-9d84-cf0f157fc3fa', '{"audioUrl": "info-exchange/audio/1773992772808_d67c1fab_q2_fly_speaking_p2b_3.mp3"}', '{"expectedAnswers": ["What colour is it?"]}', 1.00, 'LISTEN_AND_SPEAK_INFO_EXCHANGE', '', '638b6fe3-d53c-42d4-9e7d-36d9e05c4810', '2', 2, 15, '16ab37e2-4a44-443e-a1d6-a48dd3224c7d', 'ab261654-445b-4846-96cf-c29b9b4ae435', 'SPEAKING', false, null);
INSERT INTO public.questions (id, content, correct_answer, points, question_type, explanation, exam_id, part_id, part_no, question_number, group_id, question_bank_id, question_skill_type, is_example, suggested_answers) VALUES ('bcc78481-0a50-4c5e-bffd-5ee082cc2465', '{"audioUrl": "info-exchange/audio/1773993072707_cc4cc72d_q2_fly_speaking_p2b_5.mp3"}', '{"expectedAnswers": ["Does his house have a garden?"]}', 1.00, 'LISTEN_AND_SPEAK_INFO_EXCHANGE', '', '638b6fe3-d53c-42d4-9e7d-36d9e05c4810', '2', 2, 17, '16ab37e2-4a44-443e-a1d6-a48dd3224c7d', 'f4855af8-436b-4f30-9518-e26741bf77ce', 'SPEAKING', false, null);
INSERT INTO public.questions (id, content, correct_answer, points, question_type, explanation, exam_id, part_id, part_no, question_number, group_id, question_bank_id, question_skill_type, is_example, suggested_answers) VALUES ('fd528d49-e715-425e-a0ef-9a59b7a7c6c8', '{"audioUrl": "listen-and-speak/audio/1773994789920_66c0a167_q2_fly_speaking_p4_1.mp3", "activeQuestionId": "obj-1773994086543"}', '{"expectedAnswers": ["I wake up at <giờ> o''clock.", "At <giờ> o''clock."]}', 1.00, 'LISTEN_AND_SPEAK_QUESTION_LIST', '', '638b6fe3-d53c-42d4-9e7d-36d9e05c4810', '4', 4, 19, '27bea950-4119-4235-9ebe-909b8e22e9ec', '911be815-6338-4f1b-b667-d0d64f0091ba', 'SPEAKING', false, null);
INSERT INTO public.questions (id, content, correct_answer, points, question_type, explanation, exam_id, part_id, part_no, question_number, group_id, question_bank_id, question_skill_type, is_example, suggested_answers) VALUES ('07789f5d-486d-4ff9-b11d-4d737a7e334d', '{"audioUrl": "listen-and-speak/audio/1773995015590_bd7c0d71_q2_fly_speaking_p4_2.mp3", "activeQuestionId": "obj-1773994105876"}', '{"expectedAnswers": ["I wash my face", "I brush my teeth"]}', 1.00, 'LISTEN_AND_SPEAK_QUESTION_LIST', '', '638b6fe3-d53c-42d4-9e7d-36d9e05c4810', '4', 4, 20, '27bea950-4119-4235-9ebe-909b8e22e9ec', '0fbea6a9-0872-4f7e-835e-610c21c8679d', 'SPEAKING', false, null);
INSERT INTO public.questions (id, content, correct_answer, points, question_type, explanation, exam_id, part_id, part_no, question_number, group_id, question_bank_id, question_skill_type, is_example, suggested_answers) VALUES ('4fe4eee7-5282-4166-b1b8-f3f44729f350', '{"audioUrl": "listen-and-speak/audio/1773995457626_71db9b4c_q2_fly_speaking_p4_3.mp3", "activeQuestionId": "obj-1773994125207"}', '{"expectedAnswers": ["I go to school at <giờ> o''clock.", "At <giờ> o''clock."]}', 1.00, 'LISTEN_AND_SPEAK_QUESTION_LIST', '', '638b6fe3-d53c-42d4-9e7d-36d9e05c4810', '4', 4, 21, '27bea950-4119-4235-9ebe-909b8e22e9ec', '946c9a7a-e580-4664-8c3a-ab438b176626', 'SPEAKING', false, null);
INSERT INTO public.questions (id, content, correct_answer, points, question_type, explanation, exam_id, part_id, part_no, question_number, group_id, question_bank_id, question_skill_type, is_example, suggested_answers) VALUES ('208e7f73-e006-480e-b86d-f3c9b689fe7b', '{"audioUrl": "listen-and-speak/audio/1773995570137_6920c6f0_q2_fly_speaking_p4_4.mp3", "activeQuestionId": "obj-1773994138543"}', '{"expectedAnswers": ["I go to school by bike.", "I go to school by bus."]}', 1.00, 'LISTEN_AND_SPEAK_QUESTION_LIST', '', '638b6fe3-d53c-42d4-9e7d-36d9e05c4810', '4', 4, 22, '27bea950-4119-4235-9ebe-909b8e22e9ec', '2b9420ba-a715-4431-9b52-672b16a28c81', 'SPEAKING', false, null);
INSERT INTO public.questions (id, content, correct_answer, points, question_type, explanation, exam_id, part_id, part_no, question_number, group_id, question_bank_id, question_skill_type, is_example, suggested_answers) VALUES ('96b69da9-2ac4-4b15-a158-9d8f63e0b581', '{"audioUrl": "listen-and-speak/audio/1773995713160_5f4871da_q2_fly_speaking_p4_5.mp3", "activeQuestionId": "obj-1773994150512"}', '{"expectedAnswers": ["I have noodles for breakfast.", "I eat bread for breakfast."]}', 1.00, 'LISTEN_AND_SPEAK_QUESTION_LIST', '', '638b6fe3-d53c-42d4-9e7d-36d9e05c4810', '4', 4, 23, '27bea950-4119-4235-9ebe-909b8e22e9ec', '95f9f201-1215-4821-9c5b-ae917f6390a8', 'SPEAKING', false, null);
INSERT INTO public.questions (id, content, correct_answer, points, question_type, explanation, exam_id, part_id, part_no, question_number, group_id, question_bank_id, question_skill_type, is_example, suggested_answers) VALUES ('69b90de7-8450-4556-92ae-163014418772', '{"images": ["questions/story-images/images/1774252138964_fbfae653_speaking_flyers_3_1.webp", "questions/story-images/images/1774252171550_171310b2_speaking_flyers_3_2.webp", "questions/story-images/images/1774252201650_b52811fa_speaking_flyers_3_3.webp", "questions/story-images/images/1774252228920_6e8e4cf2_speaking_flyers_3_4.webp", "questions/story-images/images/1774252259408_bafa9e89_speaking_flyers_3_5.webp"], "audioUrl": "listen-and-speak/audio/1773993532303_0e289f90_q2_fly_speaking_p3.mp3", "isBackup": false}', '{"expectedAnswers": ["Sophia''s grandmother gives her two tickets for a pop concert. She''s very excited because she loves pop music and she has never been to a concert before.", "Sophia goes to the concert by car, which is driven by her mother. She can''t hide her excitement on the way there.", "Suddenly, she sees a young woman is looking for a lift. She asks her mother to help that lady.", "Surprisingly, she finds out that that woman is a famous pop star, who is going to perform at the concert that she''s heading to. She''s really happy to know that.", "At the concert, the famous singer publicly thank Sophia for the favor, and sing a song for her in front of the crowd. It is a day to remember for Sophia."]}', 1.00, 'LISTEN_AND_SPEAK_WITH_STORY_IMAGES', '', '638b6fe3-d53c-42d4-9e7d-36d9e05c4810', '3', 3, 18, null, '411bf065-3159-4779-8ca3-68fbebe0efa0', 'SPEAKING', false, null);
INSERT INTO public.exam_questions (id, exam_id, question_id, position, part_id, part_no, points) VALUES ('bf41cadc-d979-4433-bf6f-add354f7d476', 'a2fc8436-b9db-4dc0-a521-cfcd700244ac', '0fd71bb4-d9d0-46c6-9642-0516ba26695a', 1, '1', 1, null);
INSERT INTO public.exam_questions (id, exam_id, question_id, position, part_id, part_no, points) VALUES ('f279540e-eedf-482c-b648-9039c9f7c382', 'a2fc8436-b9db-4dc0-a521-cfcd700244ac', '3b27e167-a0be-488a-9f9a-bc3d2adc3157', 2, '1', 1, null);
INSERT INTO public.exam_questions (id, exam_id, question_id, position, part_id, part_no, points) VALUES ('1a55bf86-3943-44a6-af27-d6575a94f08f', 'a2fc8436-b9db-4dc0-a521-cfcd700244ac', 'a11167b1-51b0-435e-bdbb-bd6b4905ce15', 3, '1', 1, null);
INSERT INTO public.exam_questions (id, exam_id, question_id, position, part_id, part_no, points) VALUES ('c31ef87f-e43e-4d5c-9128-24162eaed115', 'a2fc8436-b9db-4dc0-a521-cfcd700244ac', '29aa76a5-79a6-472e-8713-95a58e759385', 4, '1', 1, null);
INSERT INTO public.exam_questions (id, exam_id, question_id, position, part_id, part_no, points) VALUES ('8f99ca95-fc19-4e5b-98bb-677b8d14c654', 'a2fc8436-b9db-4dc0-a521-cfcd700244ac', '737b101c-cc00-4086-b951-9ace4bbd8500', 5, '1', 1, null);
INSERT INTO public.exam_questions (id, exam_id, question_id, position, part_id, part_no, points) VALUES ('4b826375-2811-421f-986b-e902a763029c', 'a2fc8436-b9db-4dc0-a521-cfcd700244ac', 'c2fdb3ec-fc4f-4f48-8009-eeede073356a', 6, '1', 1, null);
INSERT INTO public.exam_questions (id, exam_id, question_id, position, part_id, part_no, points) VALUES ('9f7e65fc-f424-429c-9fee-4e53963cb279', 'a2fc8436-b9db-4dc0-a521-cfcd700244ac', 'a22ae001-898d-42c5-b7f9-a59b989ca09a', 7, '1', 1, null);
INSERT INTO public.exam_questions (id, exam_id, question_id, position, part_id, part_no, points) VALUES ('adf164d3-3b6c-4d7e-ad03-84e325b66dc3', 'a2fc8436-b9db-4dc0-a521-cfcd700244ac', '4186d211-e7a0-4f2f-a8ab-c4620a93a807', 8, '2', 2, null);
INSERT INTO public.exam_questions (id, exam_id, question_id, position, part_id, part_no, points) VALUES ('affc0cea-1d69-4e78-bb4f-022f048875ef', 'a2fc8436-b9db-4dc0-a521-cfcd700244ac', '480d42b7-94f0-4820-94f4-98e4a11ade4d', 9, '2', 2, null);
INSERT INTO public.exam_questions (id, exam_id, question_id, position, part_id, part_no, points) VALUES ('6b0d5a18-63fa-414d-83be-212617296e9a', 'a2fc8436-b9db-4dc0-a521-cfcd700244ac', 'ec2aedb1-d8ba-4481-82a6-f5884dbf4f85', 10, '2', 2, null);
INSERT INTO public.exam_questions (id, exam_id, question_id, position, part_id, part_no, points) VALUES ('d11bc6b9-b2bd-42f0-96cc-0e9cc896ce6f', 'a2fc8436-b9db-4dc0-a521-cfcd700244ac', '304f1a62-e4a1-4e7f-b1aa-7706969a6f5f', 11, '2', 2, null);
INSERT INTO public.exam_questions (id, exam_id, question_id, position, part_id, part_no, points) VALUES ('e5c6e296-d83d-47a3-9d6a-7a6848ae6a2f', 'a2fc8436-b9db-4dc0-a521-cfcd700244ac', 'cb5fa53b-4894-472e-a68e-185c573cce18', 12, '2', 2, null);
INSERT INTO public.exam_questions (id, exam_id, question_id, position, part_id, part_no, points) VALUES ('6fca222c-02e5-44db-a188-4332348312c3', 'a2fc8436-b9db-4dc0-a521-cfcd700244ac', 'ea30e6d5-a438-4eef-a20d-c4d62db1c424', 13, '2', 2, null);
INSERT INTO public.exam_questions (id, exam_id, question_id, position, part_id, part_no, points) VALUES ('61f64289-3573-4eae-8466-9a46eada9a4e', 'a2fc8436-b9db-4dc0-a521-cfcd700244ac', 'e82b4ca3-d0fb-46bf-8a0a-2ca8a86f13e0', 14, '2', 2, null);
INSERT INTO public.exam_questions (id, exam_id, question_id, position, part_id, part_no, points) VALUES ('4d056b67-1467-4d3e-9a68-4784ffc25e9d', 'a2fc8436-b9db-4dc0-a521-cfcd700244ac', 'f4c70128-83c9-4684-9d84-cf0f157fc3fa', 15, '2', 2, null);
INSERT INTO public.exam_questions (id, exam_id, question_id, position, part_id, part_no, points) VALUES ('8cf45e41-69fa-4ee0-a59c-0f3df52735a6', 'a2fc8436-b9db-4dc0-a521-cfcd700244ac', '0a86b55c-46ba-4233-8d05-4e1731ffb115', 16, '2', 2, null);
INSERT INTO public.exam_questions (id, exam_id, question_id, position, part_id, part_no, points) VALUES ('f1907c21-a7d5-4459-a206-c760724064c5', 'a2fc8436-b9db-4dc0-a521-cfcd700244ac', 'bcc78481-0a50-4c5e-bffd-5ee082cc2465', 17, '2', 2, null);
INSERT INTO public.exam_questions (id, exam_id, question_id, position, part_id, part_no, points) VALUES ('c317d1b2-0a6a-4e38-9509-3752c666b229', 'a2fc8436-b9db-4dc0-a521-cfcd700244ac', '69b90de7-8450-4556-92ae-163014418772', 18, '3', 3, null);
INSERT INTO public.exam_questions (id, exam_id, question_id, position, part_id, part_no, points) VALUES ('8def5d37-87f9-40ff-8531-6b1c071a6989', 'a2fc8436-b9db-4dc0-a521-cfcd700244ac', 'fd528d49-e715-425e-a0ef-9a59b7a7c6c8', 19, '4', 4, null);
INSERT INTO public.exam_questions (id, exam_id, question_id, position, part_id, part_no, points) VALUES ('ed74ffc4-25c9-4c5d-93b9-7fcb8da2a61a', 'a2fc8436-b9db-4dc0-a521-cfcd700244ac', '07789f5d-486d-4ff9-b11d-4d737a7e334d', 20, '4', 4, null);
INSERT INTO public.exam_questions (id, exam_id, question_id, position, part_id, part_no, points) VALUES ('434066a5-ab3d-4009-9a61-c2759efa5c61', 'a2fc8436-b9db-4dc0-a521-cfcd700244ac', '4fe4eee7-5282-4166-b1b8-f3f44729f350', 21, '4', 4, null);
INSERT INTO public.exam_questions (id, exam_id, question_id, position, part_id, part_no, points) VALUES ('2b462c6c-7e37-41b7-afd9-c69d48ce9d1b', 'a2fc8436-b9db-4dc0-a521-cfcd700244ac', '208e7f73-e006-480e-b86d-f3c9b689fe7b', 22, '4', 4, null);
INSERT INTO public.exam_questions (id, exam_id, question_id, position, part_id, part_no, points) VALUES ('e4ccdacd-5708-4bad-848c-c99ee6965952', 'a2fc8436-b9db-4dc0-a521-cfcd700244ac', '96b69da9-2ac4-4b15-a158-9d8f63e0b581', 23, '4', 4, null);
