INSERT INTO public.exams (id, name, code, subject_id, difficulty, is_complete, is_active, total_score, description, exam_level, duration_minutes, exam_template_id, parent_exam_id, variant_no, template, total_questions) VALUES ('70fc9012-71f5-4e93-bc33-d8e59a0329e0', 'YLE - Movers - Listening/Reading/Writing', 'YLE-MOV-LRW', null, 'EASY', true, true, 52, 'Đề thi quý: Movers - Listening/Reading/Writing', null, 45, null, null, null, '{"id": "36bf3fa4-0ffb-4f61-986f-bbc62076d6c2", "parts": [{"id": 1, "name": "Part 1: Listen and draw lines.", "skill": "LISTENING", "points": 5, "isGroup": false, "audioUrl": "exams/70fc9012-71f5-4e93-bc33-d8e59a0329e0/1/audio/1773809481080_0d2d9ff0_LISTENING_PARTS_1-5.mp3", "category": "LISTENING", "endIndex": 0, "startIndex": 0, "instructions": "Listen and draw lines.", "questionType": "IMAGE_OBJECT_MATCHING", "questionCount": 1}, {"id": 2, "name": "Part 2: Listen and write.", "skill": "LISTENING", "groups": [{"number": 1, "questionCount": 6}], "points": 5, "isGroup": true, "audioUrl": "exams/70fc9012-71f5-4e93-bc33-d8e59a0329e0/2/audio/1773809489432_e4194963_LISTENING_PARTS_1-5.mp3", "category": "LISTENING", "endIndex": 6, "viewMode": "NOTEPAD_FORM", "startIndex": 1, "instructions": "Listen and write.", "questionType": "ANSWER_THE_QUESTION", "questionCount": 6}, {"id": 3, "name": "Part 3: Listen and write a letter in each box.", "skill": "LISTENING", "groups": [{"number": 1, "questionCount": 6}], "points": 5, "isGroup": true, "audioUrl": "exams/70fc9012-71f5-4e93-bc33-d8e59a0329e0/3/audio/1773809496823_c4677867_LISTENING_PARTS_1-5.mp3", "category": "LISTENING", "endIndex": 12, "startIndex": 7, "instructions": "Listen and write a letter in each box. There is one example.", "questionType": "MATCH_BY_WRITING_ANSWER", "questionCount": 6}, {"id": 4, "name": "Part 4. Listen and tick (✓) the box.", "skill": "LISTENING", "points": 5, "isGroup": false, "audioUrl": "exams/70fc9012-71f5-4e93-bc33-d8e59a0329e0/4/audio/1773809502961_3fac5380_LISTENING_PARTS_1-5.mp3", "category": "LISTENING", "endIndex": 18, "optionMode": "IMAGE", "startIndex": 13, "optionCount": 3, "instructions": "Listen and tick (✓) the box.", "questionType": "CHOOSE_THE_CORRECT_ANSWER", "questionCount": 6}, {"id": 5, "name": "Part 5. Listen and colour and write.", "skill": "LISTENING", "points": 5, "isGroup": false, "audioUrl": "exams/70fc9012-71f5-4e93-bc33-d8e59a0329e0/5/audio/1773809526489_ec97abdd_LISTENING_PARTS_1-5.mp3", "category": "LISTENING", "endIndex": 19, "startIndex": 19, "instructions": "Listen and colour and write.", "questionType": "READ_AND_COLOR_OBJECTS", "questionCount": 1}, {"id": 6, "name": "Part 1: Look and read. Choose the correct words and write them on the lines.", "skill": "READING", "groups": [{"number": 1, "questionCount": 6}], "points": 5, "isGroup": true, "category": "READING_AND_WRITING", "endIndex": 25, "startIndex": 20, "instructions": "Look and read. Choose the correct words and write them on the lines.", "questionType": "MATCH_BY_WRITING_ANSWER", "questionCount": 6}, {"id": 7, "name": "Part 2: Read the text and choose the best answer.", "skill": "READING", "groups": [{"number": 1, "questionCount": 7}], "isGroup": true, "category": "READING_AND_WRITING", "endIndex": 32, "viewMode": "CONVERSATION", "optionMode": "TEXT", "startIndex": 26, "description": "Choose the best response (A, B, C, or D) for each question.", "optionCount": 3, "instructions": "Choose the best response (A, B, C, or D) for each question.", "questionType": "CHOOSE_THE_CORRECT_ANSWER", "questionCount": 7}, {"id": 8, "name": "Part 3: Read the story. Choose a word from the box. Write the correct word next to numbers {from}–{to}.", "skill": "READING", "points": 6, "isGroup": false, "category": "READING_AND_WRITING", "endIndex": 34, "sections": [{"name": "Read the story. Choose a word from the box. Write the correct word next to numbers {from}–{to}.", "isGroup": false, "endIndex": 33, "viewMode": "WITH_WORD_BANK", "startIndex": 33, "questionType": "WORD_FILL_PARAGRAPH", "questionCount": 1}, {"name": "Choose the best name for the story", "isGroup": false, "endIndex": 34, "optionMode": "TEXT", "startIndex": 34, "optionCount": 3, "questionType": "CHOOSE_THE_CORRECT_ANSWER", "questionCount": 1}], "startIndex": 33, "instructions": "Read the story. Choose a word from the box. Write the correct word next to numbers {from}–{to}.", "questionCount": 2}, {"id": 9, "name": "Part 4: Read the text. Choose the right words and write them on the lines.", "skill": "READING", "points": 6, "isGroup": false, "category": "READING_AND_WRITING", "endIndex": 35, "viewMode": "WITH_OPTIONS", "optionMode": "TEXT", "startIndex": 35, "optionCount": 3, "instructions": "Read the text. Choose the right words and write them on the lines. There is one example.", "questionType": "WORD_FILL_PARAGRAPH", "questionCount": 1}, {"id": 10, "name": "Part 5: Look at the pictures and read the story. Write some words to complete the sentences about the story. You can use 1, 2 or 3 words.", "skill": "READING", "groups": [{"number": 1, "questionCount": 4}, {"number": 2, "questionCount": 3}, {"number": 3, "questionCount": 2}], "points": 6, "isGroup": true, "category": "READING_AND_WRITING", "endIndex": 44, "startIndex": 36, "instructions": "Look at the pictures and read the story. Write some words to complete the sentences about the story. You can use 1, 2 or 3 words.", "questionType": "FILL_IN_BLANK", "questionCount": 9}, {"id": 11, "name": "Part 6: Look and read and write.", "skill": "WRITING", "groups": [{"number": 1, "questionCount": 8}], "points": 6, "isGroup": true, "category": "READING_AND_WRITING", "endIndex": 51, "sections": [{"name": "Complete the sentences.", "isGroup": false, "endIndex": 47, "startIndex": 45, "questionType": "FILL_IN_BLANK", "questionCount": 3}, {"name": "Answer the questions.", "isGroup": false, "endIndex": 50, "startIndex": 48, "questionType": "ANSWER_THE_QUESTION", "questionCount": 3}, {"name": "Now write two sentences about the picture.", "isGroup": false, "endIndex": 51, "startIndex": 51, "questionType": "WRITE_SENTENCES", "questionCount": 1}], "viewMode": "PICTURE_AND_QUESTIONS", "startIndex": 45, "instructions": "Look and read and write.", "questionCount": 7}], "title": "YLE Movers", "subTitle": "YLE MOVERS", "examLevel": "A1", "totalParts": 11, "description": "Cambridge YLE Movers", "examLevelId": "a3582f71-5608-42ae-a8cd-7f71055c9116", "totalQuestions": 52}', 52);
INSERT INTO public.exams (id, name, code, subject_id, difficulty, is_complete, is_active, total_score, description, exam_level, duration_minutes, exam_template_id, parent_exam_id, variant_no, template, total_questions) VALUES ('bc8be3cb-17a5-4e0c-bf38-f647321eb2eb', '000', 'YLE-MOV-LRW-0', null, 'EASY', false, false, 52, 'Đề thi quý: Movers - Listening/Reading/Writing', null, 45, null, '70fc9012-71f5-4e93-bc33-d8e59a0329e0', 0, '{"id": "36bf3fa4-0ffb-4f61-986f-bbc62076d6c2", "parts": [{"id": 1, "name": "Part 1: Listen and draw lines.", "skill": "LISTENING", "points": 5, "isGroup": false, "audioUrl": "exams/70fc9012-71f5-4e93-bc33-d8e59a0329e0/1/audio/1773809481080_0d2d9ff0_LISTENING_PARTS_1-5.mp3", "category": "LISTENING", "endIndex": 0, "startIndex": 0, "instructions": "Listen and draw lines.", "questionType": "IMAGE_OBJECT_MATCHING", "questionCount": 1}, {"id": 2, "name": "Part 2: Listen and write.", "skill": "LISTENING", "groups": [{"number": 1, "questionCount": 6}], "points": 5, "isGroup": true, "audioUrl": "exams/70fc9012-71f5-4e93-bc33-d8e59a0329e0/2/audio/1773809489432_e4194963_LISTENING_PARTS_1-5.mp3", "category": "LISTENING", "endIndex": 6, "viewMode": "NOTEPAD_FORM", "startIndex": 1, "instructions": "Listen and write.", "questionType": "ANSWER_THE_QUESTION", "questionCount": 6}, {"id": 3, "name": "Part 3: Listen and write a letter in each box.", "skill": "LISTENING", "groups": [{"number": 1, "questionCount": 6}], "points": 5, "isGroup": true, "audioUrl": "exams/70fc9012-71f5-4e93-bc33-d8e59a0329e0/3/audio/1773809496823_c4677867_LISTENING_PARTS_1-5.mp3", "category": "LISTENING", "endIndex": 12, "startIndex": 7, "instructions": "Listen and write a letter in each box. There is one example.", "questionType": "MATCH_BY_WRITING_ANSWER", "questionCount": 6}, {"id": 4, "name": "Part 4. Listen and tick (✓) the box.", "skill": "LISTENING", "points": 5, "isGroup": false, "audioUrl": "exams/70fc9012-71f5-4e93-bc33-d8e59a0329e0/4/audio/1773809502961_3fac5380_LISTENING_PARTS_1-5.mp3", "category": "LISTENING", "endIndex": 18, "optionMode": "IMAGE", "startIndex": 13, "optionCount": 3, "instructions": "Listen and tick (✓) the box.", "questionType": "CHOOSE_THE_CORRECT_ANSWER", "questionCount": 6}, {"id": 5, "name": "Part 5. Listen and colour and write.", "skill": "LISTENING", "points": 5, "isGroup": false, "audioUrl": "exams/70fc9012-71f5-4e93-bc33-d8e59a0329e0/5/audio/1773809526489_ec97abdd_LISTENING_PARTS_1-5.mp3", "category": "LISTENING", "endIndex": 19, "startIndex": 19, "instructions": "Listen and colour and write.", "questionType": "READ_AND_COLOR_OBJECTS", "questionCount": 1}, {"id": 6, "name": "Part 1: Look and read. Choose the correct words and write them on the lines.", "skill": "READING", "groups": [{"number": 1, "questionCount": 6}], "points": 5, "isGroup": true, "category": "READING_AND_WRITING", "endIndex": 25, "startIndex": 20, "instructions": "Look and read. Choose the correct words and write them on the lines.", "questionType": "MATCH_BY_WRITING_ANSWER", "questionCount": 6}, {"id": 7, "name": "Part 2: Read the text and choose the best answer.", "skill": "READING", "groups": [{"number": 1, "questionCount": 7}], "isGroup": true, "category": "READING_AND_WRITING", "endIndex": 32, "viewMode": "CONVERSATION", "optionMode": "TEXT", "startIndex": 26, "description": "Choose the best response (A, B, C, or D) for each question.", "optionCount": 3, "instructions": "Choose the best response (A, B, C, or D) for each question.", "questionType": "CHOOSE_THE_CORRECT_ANSWER", "questionCount": 7}, {"id": 8, "name": "Part 3: Read the story. Choose a word from the box. Write the correct word next to numbers {from}–{to}.", "skill": "READING", "points": 6, "isGroup": false, "category": "READING_AND_WRITING", "endIndex": 34, "sections": [{"name": "Read the story. Choose a word from the box. Write the correct word next to numbers {from}–{to}.", "isGroup": false, "endIndex": 33, "viewMode": "WITH_WORD_BANK", "startIndex": 33, "questionType": "WORD_FILL_PARAGRAPH", "questionCount": 1}, {"name": "Choose the best name for the story", "isGroup": false, "endIndex": 34, "optionMode": "TEXT", "startIndex": 34, "optionCount": 3, "questionType": "CHOOSE_THE_CORRECT_ANSWER", "questionCount": 1}], "startIndex": 33, "instructions": "Read the story. Choose a word from the box. Write the correct word next to numbers {from}–{to}.", "questionCount": 2}, {"id": 9, "name": "Part 4: Read the text. Choose the right words and write them on the lines.", "skill": "READING", "points": 6, "isGroup": false, "category": "READING_AND_WRITING", "endIndex": 35, "viewMode": "WITH_OPTIONS", "optionMode": "TEXT", "startIndex": 35, "optionCount": 3, "instructions": "Read the text. Choose the right words and write them on the lines. There is one example.", "questionType": "WORD_FILL_PARAGRAPH", "questionCount": 1}, {"id": 10, "name": "Part 5: Look at the pictures and read the story. Write some words to complete the sentences about the story. You can use 1, 2 or 3 words.", "skill": "READING", "groups": [{"number": 1, "questionCount": 4}, {"number": 2, "questionCount": 3}, {"number": 3, "questionCount": 2}], "points": 6, "isGroup": true, "category": "READING_AND_WRITING", "endIndex": 44, "startIndex": 36, "instructions": "Look at the pictures and read the story. Write some words to complete the sentences about the story. You can use 1, 2 or 3 words.", "questionType": "FILL_IN_BLANK", "questionCount": 9}, {"id": 11, "name": "Part 6: Look and read and write.", "skill": "WRITING", "groups": [{"number": 1, "questionCount": 8}], "points": 6, "isGroup": true, "category": "READING_AND_WRITING", "endIndex": 51, "sections": [{"name": "Complete the sentences.", "isGroup": false, "endIndex": 47, "startIndex": 45, "questionType": "FILL_IN_BLANK", "questionCount": 3}, {"name": "Answer the questions.", "isGroup": false, "endIndex": 50, "startIndex": 48, "questionType": "ANSWER_THE_QUESTION", "questionCount": 3}, {"name": "Now write two sentences about the picture.", "isGroup": false, "endIndex": 51, "startIndex": 51, "questionType": "WRITE_SENTENCES", "questionCount": 1}], "viewMode": "PICTURE_AND_QUESTIONS", "startIndex": 45, "instructions": "Look and read and write.", "questionCount": 7}], "title": "YLE Movers", "subTitle": "YLE MOVERS", "examLevel": "A1", "totalParts": 11, "description": "Cambridge YLE Movers", "examLevelId": "a3582f71-5608-42ae-a8cd-7f71055c9116", "totalQuestions": 52}', 52);
INSERT INTO public.question_banks (id, code, title, content, correct_answer, question_type, difficulty, skill, points, subject_id, exam_level, explanation) VALUES ('5547c528-9409-4577-b055-4a7b18ac065b', 'LRW_Q2_2025_MOV_005', 'Đọc câu hỏi và viết đáp án', '{"title": "Trả lời câu hỏi", "content": "", "imageUrl": "questions/images/1773885102947_97c69997_q2_mov_rw_p6_1.png", "question": "Where is the dog?"}', '{"answer": "It is under the table."}', 'ANSWER_THE_QUESTION', 'medium', null, 1.00, null, null, '');
INSERT INTO public.question_banks (id, code, title, content, correct_answer, question_type, difficulty, skill, points, subject_id, exam_level, explanation) VALUES ('7e6b7bfb-7af9-4e8c-a170-136ce481ba8b', 'LRW_Q2_2025_MOV_006', 'Đọc câu hỏi và viết đáp án', '{"title": "Trả lời câu hỏi", "content": "", "imageUrl": "questions/images/1773885102947_97c69997_q2_mov_rw_p6_1.png", "question": "Where is the cat?"}', '{"answer": "It is on the chair."}', 'ANSWER_THE_QUESTION', 'medium', null, 1.00, null, null, '');
INSERT INTO public.question_banks (id, code, title, content, correct_answer, question_type, difficulty, skill, points, subject_id, exam_level, explanation) VALUES ('69299bdc-2752-4bf0-91c2-431bf5547b45', 'LAD_Q2_2025_MOV_001', 'Ghép nối hình ảnh', '{"colorNodes": [{"id": "color-1773809799898", "color": "#FF0000", "label": "Vicky"}, {"id": "color-1773809898480", "color": "#00FF00", "label": "Daisy"}, {"id": "color-1773809955451", "color": "#0000FF", "label": "Sally"}, {"id": "color-1773810012881", "color": "#FFFF00", "label": "Nick"}, {"id": "color-1773810052953", "color": "#FF00FF", "label": "Ben"}], "regionNodes": [{"x": 70.5, "y": 46.2, "id": "region-1773809799898", "color": "#FF0000", "width": 6, "height": 5, "linkedColorNodeId": "color-1773809799898"}, {"x": 61.2, "y": 59.8, "id": "region-1773809898480", "color": "#00FF00", "width": 6, "height": 5, "linkedColorNodeId": "color-1773809898480"}, {"x": 8.5, "y": 53.3, "id": "region-1773809955451", "color": "#0000FF", "width": 6, "height": 5, "linkedColorNodeId": "color-1773809955451"}, {"x": 85.4, "y": 74.4, "id": "region-1773810012881", "color": "#FFFF00", "width": 6, "height": 5, "linkedColorNodeId": "color-1773810012881"}, {"x": 91.2, "y": 49.2, "id": "region-1773810052953", "color": "#FF00FF", "width": 6, "height": 5, "linkedColorNodeId": "color-1773810052953"}], "instructions": ["Match the red object with Vicky", "Match the green object with Daisy", "Match the blue object with Sally", "Match the yellow object with Nick", "Match the pink object with Ben"], "backgroundImageUrl": "questions/images/1773809692602_1d2219e3_q2_mov_listening_p1.png"}', '{"answers": {"region-1773809799898": "#FF0000", "region-1773809898480": "#00FF00", "region-1773809955451": "#0000FF", "region-1773810012881": "#FFFF00", "region-1773810052953": "#FF00FF"}}', 'IMAGE_OBJECT_MATCHING', 'medium', 'READING', 1.00, null, null, '');
INSERT INTO public.question_banks (id, code, title, content, correct_answer, question_type, difficulty, skill, points, subject_id, exam_level, explanation) VALUES ('3b300ec3-e2c5-424a-bd77-06795fbc0496', 'LAW_Q2_2025_MOV_001', 'Đọc câu hỏi và viết đáp án', '{"title": "Nghe và trả lời", "content": "", "imageUrl": "questions/images/1773815971395_3a8c3db5_q2_mov_listening_p2.png", "question": "Where?"}', '{"answer": "sports centre"}', 'ANSWER_THE_QUESTION', 'medium', 'READING', 1.00, null, null, '');
INSERT INTO public.question_banks (id, code, title, content, correct_answer, question_type, difficulty, skill, points, subject_id, exam_level, explanation) VALUES ('d82d8736-14f0-437e-9159-374be8f70088', 'LAW_Q2_2025_MOV_002', 'Đọc câu hỏi và viết đáp án', '{"title": "Nghe và trả lời", "content": "", "imageUrl": "questions/images/1773815971395_3a8c3db5_q2_mov_listening_p2.png", "question": "Day:"}', '{"answer": "last Wednesday"}', 'ANSWER_THE_QUESTION', 'medium', 'READING', 1.00, null, null, '');
INSERT INTO public.question_banks (id, code, title, content, correct_answer, question_type, difficulty, skill, points, subject_id, exam_level, explanation) VALUES ('446178a0-9f59-444c-8557-e87aede1423e', 'LAW_Q2_2025_MOV_003', 'Đọc câu hỏi và viết đáp án', '{"title": "Nghe và trả lời", "content": "", "imageUrl": "questions/images/1773815971395_3a8c3db5_q2_mov_listening_p2.png", "question": "How many sports?"}', '{"answer": "ten"}', 'ANSWER_THE_QUESTION', 'medium', 'READING', 1.00, null, null, '');
INSERT INTO public.question_banks (id, code, title, content, correct_answer, question_type, difficulty, skill, points, subject_id, exam_level, explanation) VALUES ('8d7ffbf0-c3dc-483e-84bd-0092ad86692d', 'LAW_Q2_2025_MOV_004', 'Đọc đoạn văn và trả lời câu hỏi', '{"title": "Nghe và trả lời", "content": "", "imageUrl": "questions/images/1773815971395_3a8c3db5_q2_mov_listening_p2.png", "question": "Favourite sport:"}', '{"answer": "table tennis"}', 'ANSWER_THE_QUESTION', 'medium', 'READING', 1.00, null, null, '');
INSERT INTO public.question_banks (id, code, title, content, correct_answer, question_type, difficulty, skill, points, subject_id, exam_level, explanation) VALUES ('4ee88f1f-887f-449a-b47f-72d5d731a73e', 'LAW_Q2_2025_MOV_005', 'Đọc câu hỏi và viết đáp án', '{"title": "Nghe và trả lời", "content": "", "imageUrl": "questions/images/1773815971395_3a8c3db5_q2_mov_listening_p2.png", "question": "Where picnic?", "suffixText": "Park"}', '{"answer": "City"}', 'ANSWER_THE_QUESTION', 'medium', 'READING', 1.00, null, null, '');
INSERT INTO public.question_banks (id, code, title, content, correct_answer, question_type, difficulty, skill, points, subject_id, exam_level, explanation) VALUES ('fad49f5d-2a4d-4a46-ac48-25eefac5ba2e', 'LAW_Q2_2025_MOV_006', 'Đọc câu hỏi và viết đáp án', '{"title": "Nghe và trả lời", "content": "", "imageUrl": "questions/images/1773815971395_3a8c3db5_q2_mov_listening_p2.png", "question": "Food:"}', '{"answer": "ice cream"}', 'ANSWER_THE_QUESTION', 'medium', 'READING', 1.00, null, null, '');
INSERT INTO public.question_banks (id, code, title, content, correct_answer, question_type, difficulty, skill, points, subject_id, exam_level, explanation) VALUES ('1c029b1b-cebd-45c9-a746-fa7d13a2e2ab', 'LAT_Q2_2025_MOV_001', 'Chọn đáp án đúng', '{"options": ["questions/options/images/1773824211048_63a6c376_q2_mov_listening_p4_ex_a.png", "questions/options/images/1773824216407_1f140e21_q2_mov_listening_p4_ex_b.png", "questions/options/images/1773824221046_da2f82b9_q2_mov_listening_p4_ex_c.png"], "imageUrl": "questions/images/1773824211055_9d3c7c98_q2_mov_listening_p4_ex.png", "question": "Where did Peter have his party?", "optionType": "image"}', '{"answer": 0}', 'CHOOSE_THE_CORRECT_ANSWER', 'medium', null, 1.00, null, null, '');
INSERT INTO public.question_banks (id, code, title, content, correct_answer, question_type, difficulty, skill, points, subject_id, exam_level, explanation) VALUES ('6e2c1d56-d490-4ead-9598-520b76f30e3a', 'LAT_Q2_2025_MOV_002', 'Chọn đáp án đúng', '{"options": ["questions/options/images/1773824632928_3ddfd9b4_q2_mov_listening_p4_1_a.png", "questions/options/images/1773824673941_d3350635_q2_mov_listening_p4_1_b.png", "questions/options/images/1773824803500_2a34cf31_q2_mov_listening_p4_1_c.png"], "imageUrl": "questions/images/1773824632932_433488b4_q2_mov_listening_p4_1.png", "question": "Which animals did Jill see?", "optionType": "image"}', '{"answer": 2}', 'CHOOSE_THE_CORRECT_ANSWER', 'medium', null, 1.00, null, null, '');
INSERT INTO public.question_banks (id, code, title, content, correct_answer, question_type, difficulty, skill, points, subject_id, exam_level, explanation) VALUES ('63e1acbf-eb69-4adc-9d9d-7b68d255e703', 'LAT_Q2_2025_MOV_003', 'Chọn đáp án đúng', '{"options": ["questions/options/images/1773824959199_be48eb8a_q2_mov_listening_p4_2_a.png", "questions/options/images/1773824962459_bd7d719c_q2_mov_listening_p4_2_b.png", "questions/options/images/1773824965874_36b12f33_q2_mov_listening_p4_2_c.png"], "imageUrl": "questions/images/1773824954502_efe5081f_q2_mov_listening_p4_2.png", "question": "What game did the children play?", "optionType": "image"}', '{"answer": 0}', 'CHOOSE_THE_CORRECT_ANSWER', 'medium', null, 1.00, null, null, '');
INSERT INTO public.question_banks (id, code, title, content, correct_answer, question_type, difficulty, skill, points, subject_id, exam_level, explanation) VALUES ('1084d74d-eab9-4c19-9ec4-6b82a9ba6011', 'LWL_Q2_2025_MOV_001', 'Ghép đáp án bằng cách viết', '{"options": [{"answer": "A", "content": "", "imageUrl": "questions/images/1773821573608_e3b8d9ae_q2_mov_listening_p3_a.png"}, {"answer": "B", "content": "", "imageUrl": "questions/images/1773821941072_b9596927_q2_mov_listening_p3_b.png"}, {"answer": "C", "content": "", "imageUrl": "questions/images/1773821948369_36f6cb44_q2_mov_listening_p3_c.png"}, {"answer": "D", "content": "", "imageUrl": "questions/images/1773821958254_9a26f021_q2_mov_listening_p3_d.png"}, {"answer": "E", "content": "", "imageUrl": "questions/images/1773821969531_b4dfeb68_q2_mov_listening_p3_e.png"}, {"answer": "F", "content": "", "imageUrl": "questions/images/1773821979260_eb9e14bd_q2_mov_listening_p3_f.png"}, {"answer": "G", "content": "", "imageUrl": "questions/images/1773821988059_e163a00c_q2_mov_listening_p3_g.png"}, {"answer": "H", "content": "", "imageUrl": "questions/images/1773821996505_d494fafb_q2_mov_listening_p3_h.png"}], "imageUrl": "questions/images/1773822416589_4284ff63_q2_mov_listening_p3_zoe.png", "question": "Zoe"}', '{"answer": "H"}', 'MATCH_BY_WRITING_ANSWER', 'medium', 'READING', 1.00, null, null, '');
INSERT INTO public.question_banks (id, code, title, content, correct_answer, question_type, difficulty, skill, points, subject_id, exam_level, explanation) VALUES ('1f8af89d-22c1-40cc-ac9b-37197f202edb', 'LWL_Q2_2025_MOV_002', 'Ghép đáp án bằng cách viết', '{"options": [{"answer": "A", "content": "", "imageUrl": "questions/images/1773821573608_e3b8d9ae_q2_mov_listening_p3_a.png"}, {"answer": "B", "content": "", "imageUrl": "questions/images/1773821941072_b9596927_q2_mov_listening_p3_b.png"}, {"answer": "C", "content": "", "imageUrl": "questions/images/1773821948369_36f6cb44_q2_mov_listening_p3_c.png"}, {"answer": "D", "content": "", "imageUrl": "questions/images/1773821958254_9a26f021_q2_mov_listening_p3_d.png"}, {"answer": "E", "content": "", "imageUrl": "questions/images/1773821969531_b4dfeb68_q2_mov_listening_p3_e.png"}, {"answer": "F", "content": "", "imageUrl": "questions/images/1773821979260_eb9e14bd_q2_mov_listening_p3_f.png"}, {"answer": "G", "content": "", "imageUrl": "questions/images/1773821988059_e163a00c_q2_mov_listening_p3_g.png"}, {"answer": "H", "content": "", "imageUrl": "questions/images/1773821996505_d494fafb_q2_mov_listening_p3_h.png"}], "imageUrl": "questions/images/1773822706165_98c1a882_q2_mov_listening_p3_fred.png", "question": "Fred"}', '{"answer": "A"}', 'MATCH_BY_WRITING_ANSWER', 'medium', null, 1.00, null, null, '');
INSERT INTO public.question_banks (id, code, title, content, correct_answer, question_type, difficulty, skill, points, subject_id, exam_level, explanation) VALUES ('4a286765-3f65-40b6-8548-fde779450d48', 'LRW_Q2_2025_MOV_007', 'Viết câu', '{"title": "Viết 2 câu nói về bức ảnh.", "content": "", "imageUrl": "questions/images/1773885370787_b4400319_q2_mov_rw_p6_1.png", "instruction": "Now write two sentences about the picture.", "sentenceCount": 2}', '{}', 'WRITE_SENTENCES', 'medium', null, 1.00, null, null, '');
INSERT INTO public.question_banks (id, code, title, content, correct_answer, question_type, difficulty, skill, points, subject_id, exam_level, explanation) VALUES ('baf80e67-4cbf-4d27-9379-18d51c27b12c', 'LWL_Q2_2025_MOV_003', 'Ghép đáp án bằng cách viết', '{"options": [{"answer": "A", "content": "", "imageUrl": "questions/images/1773821573608_e3b8d9ae_q2_mov_listening_p3_a.png"}, {"answer": "B", "content": "", "imageUrl": "questions/images/1773821941072_b9596927_q2_mov_listening_p3_b.png"}, {"answer": "C", "content": "", "imageUrl": "questions/images/1773821948369_36f6cb44_q2_mov_listening_p3_c.png"}, {"answer": "D", "content": "", "imageUrl": "questions/images/1773821958254_9a26f021_q2_mov_listening_p3_d.png"}, {"answer": "E", "content": "", "imageUrl": "questions/images/1773821969531_b4dfeb68_q2_mov_listening_p3_e.png"}, {"answer": "F", "content": "", "imageUrl": "questions/images/1773821979260_eb9e14bd_q2_mov_listening_p3_f.png"}, {"answer": "G", "content": "", "imageUrl": "questions/images/1773821988059_e163a00c_q2_mov_listening_p3_g.png"}, {"answer": "H", "content": "", "imageUrl": "questions/images/1773821996505_d494fafb_q2_mov_listening_p3_h.png"}], "imageUrl": "questions/images/1773822818969_85c665a8_q2_mov_listening_p3_grandma.png", "question": "Grandma"}', '{"answer": "B"}', 'MATCH_BY_WRITING_ANSWER', 'medium', null, 1.00, null, null, '');
INSERT INTO public.question_banks (id, code, title, content, correct_answer, question_type, difficulty, skill, points, subject_id, exam_level, explanation) VALUES ('b20281c9-edf4-44ad-b7ea-8e02f1efc0ad', 'LWL_Q2_2025_MOV_004', 'Ghép đáp án bằng cách viết', '{"options": [{"answer": "A", "content": "", "imageUrl": "questions/images/1773821573608_e3b8d9ae_q2_mov_listening_p3_a.png"}, {"answer": "B", "content": "", "imageUrl": "questions/images/1773821941072_b9596927_q2_mov_listening_p3_b.png"}, {"answer": "C", "content": "", "imageUrl": "questions/images/1773821948369_36f6cb44_q2_mov_listening_p3_c.png"}, {"answer": "D", "content": "", "imageUrl": "questions/images/1773821958254_9a26f021_q2_mov_listening_p3_d.png"}, {"answer": "E", "content": "", "imageUrl": "questions/images/1773821969531_b4dfeb68_q2_mov_listening_p3_e.png"}, {"answer": "F", "content": "", "imageUrl": "questions/images/1773821979260_eb9e14bd_q2_mov_listening_p3_f.png"}, {"answer": "G", "content": "", "imageUrl": "questions/images/1773821988059_e163a00c_q2_mov_listening_p3_g.png"}, {"answer": "H", "content": "", "imageUrl": "questions/images/1773821996505_d494fafb_q2_mov_listening_p3_h.png"}], "imageUrl": "questions/images/1773823237459_6e43d867_q2_mov_listening_p3_mum.png", "question": "Mum"}', '{"answer": "F"}', 'MATCH_BY_WRITING_ANSWER', 'medium', null, 1.00, null, null, '');
INSERT INTO public.question_banks (id, code, title, content, correct_answer, question_type, difficulty, skill, points, subject_id, exam_level, explanation) VALUES ('42a34ba9-2dad-466e-8f6f-d0480f5bd180', 'LWL_Q2_2025_MOV_005', 'Ghép đáp án bằng cách viết', '{"options": [{"answer": "A", "content": "", "imageUrl": "questions/images/1773821573608_e3b8d9ae_q2_mov_listening_p3_a.png"}, {"answer": "B", "content": "", "imageUrl": "questions/images/1773821941072_b9596927_q2_mov_listening_p3_b.png"}, {"answer": "C", "content": "", "imageUrl": "questions/images/1773821948369_36f6cb44_q2_mov_listening_p3_c.png"}, {"answer": "D", "content": "", "imageUrl": "questions/images/1773821958254_9a26f021_q2_mov_listening_p3_d.png"}, {"answer": "E", "content": "", "imageUrl": "questions/images/1773821969531_b4dfeb68_q2_mov_listening_p3_e.png"}, {"answer": "F", "content": "", "imageUrl": "questions/images/1773821979260_eb9e14bd_q2_mov_listening_p3_f.png"}, {"answer": "G", "content": "", "imageUrl": "questions/images/1773821988059_e163a00c_q2_mov_listening_p3_g.png"}, {"answer": "H", "content": "", "imageUrl": "questions/images/1773821996505_d494fafb_q2_mov_listening_p3_h.png"}], "imageUrl": "questions/images/1773823333905_67d227de_q2_mov_listening_p3_jack.png", "question": "Jack"}', '{"answer": "C"}', 'MATCH_BY_WRITING_ANSWER', 'medium', null, 1.00, null, null, '');
INSERT INTO public.question_banks (id, code, title, content, correct_answer, question_type, difficulty, skill, points, subject_id, exam_level, explanation) VALUES ('0d9d18db-65c1-45d6-af8a-bd4eb449ffd6', 'LWL_Q2_2025_MOV_006', 'Ghép đáp án bằng cách viết', '{"options": [{"answer": "A", "content": "", "imageUrl": "questions/images/1773821573608_e3b8d9ae_q2_mov_listening_p3_a.png"}, {"answer": "B", "content": "", "imageUrl": "questions/images/1773821941072_b9596927_q2_mov_listening_p3_b.png"}, {"answer": "C", "content": "", "imageUrl": "questions/images/1773821948369_36f6cb44_q2_mov_listening_p3_c.png"}, {"answer": "D", "content": "", "imageUrl": "questions/images/1773821958254_9a26f021_q2_mov_listening_p3_d.png"}, {"answer": "E", "content": "", "imageUrl": "questions/images/1773821969531_b4dfeb68_q2_mov_listening_p3_e.png"}, {"answer": "F", "content": "", "imageUrl": "questions/images/1773821979260_eb9e14bd_q2_mov_listening_p3_f.png"}, {"answer": "G", "content": "", "imageUrl": "questions/images/1773821988059_e163a00c_q2_mov_listening_p3_g.png"}, {"answer": "H", "content": "", "imageUrl": "questions/images/1773821996505_d494fafb_q2_mov_listening_p3_h.png"}], "imageUrl": "questions/images/1773823640458_b2f8c432_q2_mov_listening_p3_dad.png", "question": "Dad"}', '{"answer": "G"}', 'MATCH_BY_WRITING_ANSWER', 'medium', null, 1.00, null, null, '');
INSERT INTO public.question_banks (id, code, title, content, correct_answer, question_type, difficulty, skill, points, subject_id, exam_level, explanation) VALUES ('eae16d4e-af4d-4216-983e-e2f5d95a2f91', 'LAT_Q2_2025_MOV_004', 'Chọn đáp án đúng', '{"options": ["questions/options/images/1773825214086_4cbfd2c3_q2_mov_listening_p4_3_a.png", "questions/options/images/1773825218843_52d6b454_q2_mov_listening_p4_3_b.png", "questions/options/images/1773825223747_7814cf9d_q2_mov_listening_p4_3_c.png"], "imageUrl": "questions/images/1773825209637_bdcf4258_q2_mov_listening_p4_3.png", "question": "What did Lily eat at the party?", "optionType": "image"}', '{"answer": 0}', 'CHOOSE_THE_CORRECT_ANSWER', 'medium', null, 1.00, null, null, '');
INSERT INTO public.question_banks (id, code, title, content, correct_answer, question_type, difficulty, skill, points, subject_id, exam_level, explanation) VALUES ('ab556357-6681-4749-a8db-6914b64ec020', 'LAT_Q2_2025_MOV_005', 'Chọn đáp án đúng', '{"options": ["questions/options/images/1773825520067_7b3f9b9c_q2_mov_listening_p4_4_a.png", "questions/options/images/1773825525389_db337ee0_q2_mov_listening_p4_4_b.png", "questions/options/images/1773825529488_0aaa053d_q2_mov_listening_p4_4_c.png"], "imageUrl": "questions/images/1773825516083_2b6afd7d_q2_mov_listening_p4_4.png", "question": "What did Bill buy at the shops?", "optionType": "image"}', '{"answer": 2}', 'CHOOSE_THE_CORRECT_ANSWER', 'medium', null, 1.00, null, null, '');
INSERT INTO public.question_banks (id, code, title, content, correct_answer, question_type, difficulty, skill, points, subject_id, exam_level, explanation) VALUES ('b4e7c756-97f2-4454-81b5-e5182895b092', 'LAT_Q2_2025_MOV_006', 'Chọn đáp án đúng', '{"options": ["questions/options/images/1773825804744_e271e39f_q2_mov_listening_p4_5_a.png", "questions/options/images/1773825808248_451694e4_q2_mov_listening_p4_5_b.png", "questions/options/images/1773825811947_35172ee7_q2_mov_listening_p4_5_c.png"], "imageUrl": "questions/images/1773825774516_1011b984_q2_mov_listening_p4_5.png", "question": "What did Dan wear to the picnic?", "optionType": "image"}', '{"answer": 1}', 'CHOOSE_THE_CORRECT_ANSWER', 'medium', null, 1.00, null, null, '');
INSERT INTO public.question_banks (id, code, title, content, correct_answer, question_type, difficulty, skill, points, subject_id, exam_level, explanation) VALUES ('5dc8e6fb-b5f3-4fc8-b477-f5296e9097e7', 'LWW_Q2_2025_MOV_009', 'Điền vào chỗ trống', '{"hints": [], "title": "Nhìn tranh, kể truyện, điền từ để hoàn thành câu chuyện: ''A walk in the forest''", "content": "The girls walked to the river again. When they got there, they saw the bear. It had a fish. \"It''s eating its dinner,\" Jane said. They started to laugh. \"I''m hungry, too,\" said Daisy. \"Come on! Let''s go home!\" And they went back to the house to have their supper.", "imageUrl": "questions/images/1773884433261_2dda594a_q2_mov_rw_p5_3.png", "question": "All four {0} went back to the house.", "showHints": false}', '{"answers": ["girls"], "caseSensitive": false}', 'FILL_IN_BLANK', 'medium', null, 1.00, null, null, '');
INSERT INTO public.question_banks (id, code, title, content, correct_answer, question_type, difficulty, skill, points, subject_id, exam_level, explanation) VALUES ('257e06ce-bf65-4a81-a1e1-3139a0a096f5', 'LRW_Q2_2025_MOV_001', 'Điền vào chỗ trống', '{"hints": [], "title": "Điền từ vào chỗ trống.", "content": "", "imageUrl": "questions/images/1773884776694_b573fcbc_q2_mov_rw_p6_1.png", "question": "The dog is {0}.", "showHints": false}', '{"answers": ["sleeping"], "caseSensitive": false}', 'FILL_IN_BLANK', 'medium', null, 1.00, null, null, '');
INSERT INTO public.question_banks (id, code, title, content, correct_answer, question_type, difficulty, skill, points, subject_id, exam_level, explanation) VALUES ('a8e593f7-6d99-4b54-b177-fda62c067d75', 'LAC_Q2_2025_MOV_001', 'Đọc và tô màu', '{"colorNodes": [{"id": "color-1773828169218", "color": "#FF00FF"}, {"id": "color-1773828244563", "color": "#00FF00"}, {"id": "color-1773828293550", "color": "#0000FF"}, {"id": "color-1773828492502", "color": "#FFFF00"}, {"id": "color-1773828535789", "color": "#FF0000"}], "regionNodes": [{"x": 16.6, "y": 64.5, "id": "region-1773828169218", "color": "#FF00FF", "width": 6, "height": 5, "linkedColorNodeId": "color-1773828169218"}, {"x": 41.6, "y": 74.8, "id": "region-1773828244563", "color": "#00FF00", "width": 6, "height": 5, "linkedColorNodeId": "color-1773828244563"}, {"x": 90.1, "y": 74.8, "id": "region-1773828293550", "color": "#0000FF", "width": 6, "height": 5, "linkedColorNodeId": "color-1773828293550"}, {"x": 54.8, "y": 51.4, "id": "region-1773828492502", "color": "#FFFF00", "width": 6, "height": 5, "linkedColorNodeId": "color-1773828492502"}, {"x": 27.8, "y": 32, "id": "region-1773828535789", "color": "#FF0000", "width": 6, "height": 5, "linkedColorNodeId": "color-1773828535789"}], "instructions": ["Colour the flower next to rock pink", "Colour the big fish green", "Colour the fat bird blue", "Colour the sweater of a girl wearing it yellow, as a star", "Colour the apple on the tree red"], "backgroundImageUrl": "questions/images/1773827675921_45c7ceae_q2_mov_listening_p5.png"}', '{"answers": {"region-1773828169218": "#FF00FF", "region-1773828244563": "#00FF00", "region-1773828293550": "#0000FF", "region-1773828492502": "#FFFF00", "region-1773828535789": "#FF0000"}}', 'READ_AND_COLOR_OBJECTS', 'medium', null, 1.00, null, null, '');
INSERT INTO public.question_banks (id, code, title, content, correct_answer, question_type, difficulty, skill, points, subject_id, exam_level, explanation) VALUES ('d7e25ff7-fcc1-403d-b367-36f510efa8d6', 'CWW_Q2_2025_MOV_001', 'Ghép đáp án bằng cách viết', '{"options": [{"answer": "a pineapple", "content": "", "imageUrl": "questions/images/1773829174176_d571f61c_q2_mov_rw_p1_2.png"}, {"answer": "a stomach", "content": "", "imageUrl": "questions/images/1773829325378_5c811373_q2_mov_rw_p1_3.png"}, {"answer": "a dog", "content": "", "imageUrl": "questions/images/1773829335790_6240fa5e_q2_mov_rw_p1_1.png"}, {"answer": "tea", "content": "", "imageUrl": "questions/images/1773829450326_6e0975c5_q2_mov_rw_p1_4.png"}, {"answer": "a moustache", "content": "", "imageUrl": "questions/images/1773829482485_aa21402c_q2_mov_rw_p1_5.png"}, {"answer": "a neck", "content": "", "imageUrl": "questions/images/1773829494691_f43b4f42_q2_mov_rw_p1_6.png"}, {"answer": "watermelon", "content": "", "imageUrl": "questions/images/1773829509066_f3bb2eb2_q2_mov_rw_p1_7.png"}, {"answer": "a parrot", "content": "", "imageUrl": "questions/images/1773829521584_356a4a99_q2_mov_rw_p1_8.png"}], "imageUrl": "questions/images/1773829045801_e43a111b_q2_mov_rw_p1_1.png", "question": "This animal has four legs. Many people have one at home."}', '{"answer": "a dog"}', 'MATCH_BY_WRITING_ANSWER', 'medium', null, 1.00, null, null, '');
INSERT INTO public.question_banks (id, code, title, content, correct_answer, question_type, difficulty, skill, points, subject_id, exam_level, explanation) VALUES ('8a6064fd-9eeb-4ba7-aa42-cfa9a3ef5042', 'CWW_Q2_2025_MOV_002', 'Ghép đáp án bằng cách viết', '{"options": [{"answer": "a pineapple", "content": "", "imageUrl": "questions/images/1773829174176_d571f61c_q2_mov_rw_p1_2.png"}, {"answer": "a stomach", "content": "", "imageUrl": "questions/images/1773829325378_5c811373_q2_mov_rw_p1_3.png"}, {"answer": "a dog", "content": "", "imageUrl": "questions/images/1773829335790_6240fa5e_q2_mov_rw_p1_1.png"}, {"answer": "tea", "content": "", "imageUrl": "questions/images/1773829450326_6e0975c5_q2_mov_rw_p1_4.png"}, {"answer": "a moustache", "content": "", "imageUrl": "questions/images/1773829482485_aa21402c_q2_mov_rw_p1_5.png"}, {"answer": "a neck", "content": "", "imageUrl": "questions/images/1773829494691_f43b4f42_q2_mov_rw_p1_6.png"}, {"answer": "watermelon", "content": "", "imageUrl": "questions/images/1773829509066_f3bb2eb2_q2_mov_rw_p1_7.png"}, {"answer": "a parrot", "content": "", "imageUrl": "questions/images/1773829521584_356a4a99_q2_mov_rw_p1_8.png"}], "question": "This is a part of your body above your legs. Food goes here."}', '{"answer": "a stomach"}', 'MATCH_BY_WRITING_ANSWER', 'medium', null, 1.00, null, null, '');
INSERT INTO public.question_banks (id, code, title, content, correct_answer, question_type, difficulty, skill, points, subject_id, exam_level, explanation) VALUES ('3b430a91-55a4-4a14-9352-ecfceb550ee4', 'CWW_Q2_2025_MOV_003', 'Ghép đáp án bằng cách viết', '{"options": [{"answer": "a pineapple", "content": "", "imageUrl": "questions/images/1773829174176_d571f61c_q2_mov_rw_p1_2.png"}, {"answer": "a stomach", "content": "", "imageUrl": "questions/images/1773829325378_5c811373_q2_mov_rw_p1_3.png"}, {"answer": "a dog", "content": "", "imageUrl": "questions/images/1773829335790_6240fa5e_q2_mov_rw_p1_1.png"}, {"answer": "tea", "content": "", "imageUrl": "questions/images/1773829450326_6e0975c5_q2_mov_rw_p1_4.png"}, {"answer": "a moustache", "content": "", "imageUrl": "questions/images/1773829482485_aa21402c_q2_mov_rw_p1_5.png"}, {"answer": "a neck", "content": "", "imageUrl": "questions/images/1773829494691_f43b4f42_q2_mov_rw_p1_6.png"}, {"answer": "watermelon", "content": "", "imageUrl": "questions/images/1773829509066_f3bb2eb2_q2_mov_rw_p1_7.png"}, {"answer": "a parrot", "content": "", "imageUrl": "questions/images/1773829521584_356a4a99_q2_mov_rw_p1_8.png"}], "question": "You drink this in a cup. It is hot and brown."}', '{"answer": "tea"}', 'MATCH_BY_WRITING_ANSWER', 'medium', null, 1.00, null, null, '');
INSERT INTO public.question_banks (id, code, title, content, correct_answer, question_type, difficulty, skill, points, subject_id, exam_level, explanation) VALUES ('f2a996b5-2f38-472c-b411-0a7d6e2b73e5', 'CWW_Q2_2025_MOV_004', 'Ghép đáp án bằng cách viết', '{"options": [{"answer": "a pineapple", "content": "", "imageUrl": "questions/images/1773829174176_d571f61c_q2_mov_rw_p1_2.png"}, {"answer": "a stomach", "content": "", "imageUrl": "questions/images/1773829325378_5c811373_q2_mov_rw_p1_3.png"}, {"answer": "a dog", "content": "", "imageUrl": "questions/images/1773829335790_6240fa5e_q2_mov_rw_p1_1.png"}, {"answer": "tea", "content": "", "imageUrl": "questions/images/1773829450326_6e0975c5_q2_mov_rw_p1_4.png"}, {"answer": "a moustache", "content": "", "imageUrl": "questions/images/1773829482485_aa21402c_q2_mov_rw_p1_5.png"}, {"answer": "a neck", "content": "", "imageUrl": "questions/images/1773829494691_f43b4f42_q2_mov_rw_p1_6.png"}, {"answer": "watermelon", "content": "", "imageUrl": "questions/images/1773829509066_f3bb2eb2_q2_mov_rw_p1_7.png"}, {"answer": "a parrot", "content": "", "imageUrl": "questions/images/1773829521584_356a4a99_q2_mov_rw_p1_8.png"}], "question": "This animal can fly and it often lives in the jungle."}', '{"answer": "a parrot"}', 'MATCH_BY_WRITING_ANSWER', 'medium', null, 1.00, null, null, '');
INSERT INTO public.question_banks (id, code, title, content, correct_answer, question_type, difficulty, skill, points, subject_id, exam_level, explanation) VALUES ('71234f7b-f0ca-43a7-9c48-6a2f53531fe0', 'LRW_Q2_2025_MOV_002', 'Điền vào chỗ trống', '{"hints": [], "title": "Điền từ vào chỗ trống.", "content": "", "imageUrl": "questions/images/1773884776694_b573fcbc_q2_mov_rw_p6_1.png", "question": "Where is the large robot? {0}", "showHints": false}', '{"answers": ["On the floor"], "caseSensitive": true}', 'FILL_IN_BLANK', 'medium', null, 1.00, null, null, '');
INSERT INTO public.question_banks (id, code, title, content, correct_answer, question_type, difficulty, skill, points, subject_id, exam_level, explanation) VALUES ('39b5f89a-39cc-4eca-9b65-3dddac7aeb44', 'LRW_Q2_2025_MOV_003', 'Điền vào chỗ trống', '{"hints": [], "title": "Điền từ vào chỗ trống.", "content": "", "imageUrl": "questions/images/1773884776694_b573fcbc_q2_mov_rw_p6_1.png", "question": "The girl on the floor is wearing blue {0}.", "showHints": false}', '{"answers": ["shorts"], "caseSensitive": false}', 'FILL_IN_BLANK', 'medium', null, 1.00, null, null, '');
INSERT INTO public.question_banks (id, code, title, content, correct_answer, question_type, difficulty, skill, points, subject_id, exam_level, explanation) VALUES ('e013f193-051a-4ad7-9779-e04c1b93480d', 'CWW_Q2_2025_MOV_005', 'Ghép đáp án bằng cách viết', '{"options": [{"answer": "a pineapple", "content": "", "imageUrl": "questions/images/1773829174176_d571f61c_q2_mov_rw_p1_2.png"}, {"answer": "a stomach", "content": "", "imageUrl": "questions/images/1773829325378_5c811373_q2_mov_rw_p1_3.png"}, {"answer": "a dog", "content": "", "imageUrl": "questions/images/1773829335790_6240fa5e_q2_mov_rw_p1_1.png"}, {"answer": "tea", "content": "", "imageUrl": "questions/images/1773829450326_6e0975c5_q2_mov_rw_p1_4.png"}, {"answer": "a moustache", "content": "", "imageUrl": "questions/images/1773829482485_aa21402c_q2_mov_rw_p1_5.png"}, {"answer": "a neck", "content": "", "imageUrl": "questions/images/1773829494691_f43b4f42_q2_mov_rw_p1_6.png"}, {"answer": "watermelon", "content": "", "imageUrl": "questions/images/1773829509066_f3bb2eb2_q2_mov_rw_p1_7.png"}, {"answer": "a parrot", "content": "", "imageUrl": "questions/images/1773829521584_356a4a99_q2_mov_rw_p1_8.png"}], "question": "This hair is on your face. It is above your mouth and under your nose."}', '{"answer": "a moustache"}', 'MATCH_BY_WRITING_ANSWER', 'medium', null, 1.00, null, null, '');
INSERT INTO public.question_banks (id, code, title, content, correct_answer, question_type, difficulty, skill, points, subject_id, exam_level, explanation) VALUES ('1e391213-9a86-411b-afc0-c4fa96b5eb3b', 'CWW_Q2_2025_MOV_006', 'Ghép đáp án bằng cách viết', '{"options": [{"answer": "a pineapple", "content": "", "imageUrl": "questions/images/1773829174176_d571f61c_q2_mov_rw_p1_2.png"}, {"answer": "a stomach", "content": "", "imageUrl": "questions/images/1773829325378_5c811373_q2_mov_rw_p1_3.png"}, {"answer": "a dog", "content": "", "imageUrl": "questions/images/1773829335790_6240fa5e_q2_mov_rw_p1_1.png"}, {"answer": "tea", "content": "", "imageUrl": "questions/images/1773829450326_6e0975c5_q2_mov_rw_p1_4.png"}, {"answer": "a moustache", "content": "", "imageUrl": "questions/images/1773829482485_aa21402c_q2_mov_rw_p1_5.png"}, {"answer": "a neck", "content": "", "imageUrl": "questions/images/1773829494691_f43b4f42_q2_mov_rw_p1_6.png"}, {"answer": "watermelon", "content": "", "imageUrl": "questions/images/1773829509066_f3bb2eb2_q2_mov_rw_p1_7.png"}, {"answer": "a parrot", "content": "", "imageUrl": "questions/images/1773829521584_356a4a99_q2_mov_rw_p1_8.png"}], "question": "People have this between their head and their shoulders."}', '{"answer": "a neck"}', 'MATCH_BY_WRITING_ANSWER', 'medium', null, 1.00, null, null, '');
INSERT INTO public.question_banks (id, code, title, content, correct_answer, question_type, difficulty, skill, points, subject_id, exam_level, explanation) VALUES ('0b1ce0d1-23fa-4041-9178-ef9e3c4b2e8d', 'RCA_Q2_2025_MOV_001', 'Chọn đáp án đúng', '{"options": ["I''m going to the shop.", "I go to the library.", "I don''t want to go."], "imageUrl": "questions/images/1773830107181_5725e724_q2_mov_rw_p2.png", "question": "Hello, Jack. What are you doing?", "askerName": "Mary", "optionType": "text", "answererName": "Jack"}', '{"answer": 0}', 'CHOOSE_THE_CORRECT_ANSWER', 'medium', null, 1.00, null, null, '');
INSERT INTO public.question_banks (id, code, title, content, correct_answer, question_type, difficulty, skill, points, subject_id, exam_level, explanation) VALUES ('7503fa29-d206-4220-96f9-93f5ada545fc', 'RCA_Q2_2025_MOV_002', 'Chọn đáp án đúng', '{"options": ["I like eggs.", "There are some eggs.", "I want to buy some eggs."], "imageUrl": "questions/images/1773830107181_5725e724_q2_mov_rw_p2.png", "question": "Why are you going to the shop?", "askerName": "Mary", "optionType": "text", "answererName": "Jack"}', '{"answer": 2}', 'CHOOSE_THE_CORRECT_ANSWER', 'medium', null, 1.00, null, null, '');
INSERT INTO public.question_banks (id, code, title, content, correct_answer, question_type, difficulty, skill, points, subject_id, exam_level, explanation) VALUES ('46ba4b49-2eca-464a-b0d8-3b946031d43a', 'RCA_Q2_2025_MOV_003', 'Chọn đáp án đúng', '{"options": ["Yes, I do.", "No, it isn''t.", "Yes, I like it."], "imageUrl": "questions/images/1773830107181_5725e724_q2_mov_rw_p2.png", "question": "Do you like eggs?", "askerName": "Mary", "optionType": "text", "answererName": "Jack"}', '{"answer": 0}', 'CHOOSE_THE_CORRECT_ANSWER', 'medium', null, 1.00, null, null, '');
INSERT INTO public.question_banks (id, code, title, content, correct_answer, question_type, difficulty, skill, points, subject_id, exam_level, explanation) VALUES ('be132e13-ce3f-4a57-b952-96f06e1f18bf', 'RCA_Q2_2025_MOV_004', 'Chọn đáp án đúng', '{"options": ["I''d like a cake.", "To make a cake.", "No, I can make a cake."], "imageUrl": "questions/images/1773830107181_5725e724_q2_mov_rw_p2.png", "question": "What are the eggs for?", "askerName": "Mary", "optionType": "text", "answererName": "Jack"}', '{"answer": 1}', 'CHOOSE_THE_CORRECT_ANSWER', 'medium', null, 1.00, null, null, '');
INSERT INTO public.question_banks (id, code, title, content, correct_answer, question_type, difficulty, skill, points, subject_id, exam_level, explanation) VALUES ('ac089e91-6e15-4d81-94e1-e932360524e6', 'RCA_Q2_2025_MOV_005', 'Chọn đáp án đúng', '{"options": ["Yes, I like it.", "No, I can''t.", "Yes, I''d like that."], "imageUrl": "questions/images/1773830107181_5725e724_q2_mov_rw_p2.png", "question": "I must come and help you.", "askerName": "Mary", "optionType": "text", "answererName": "Jack"}', '{"answer": 2}', 'CHOOSE_THE_CORRECT_ANSWER', 'medium', null, 1.00, null, null, '');
INSERT INTO public.question_banks (id, code, title, content, correct_answer, question_type, difficulty, skill, points, subject_id, exam_level, explanation) VALUES ('52e3f0f2-c916-49cd-988c-4d126ef2f190', 'RCA_Q2_2025_MOV_006', 'Chọn đáp án đúng', '{"options": ["You came last week.", "You can came this afternoon.", "You can''t come with me."], "imageUrl": "questions/images/1773830107181_5725e724_q2_mov_rw_p2.png", "question": "When can I come?", "askerName": "Mary", "optionType": "text", "answererName": "Jack"}', '{"answer": 1}', 'CHOOSE_THE_CORRECT_ANSWER', 'medium', null, 1.00, null, null, '');
INSERT INTO public.question_banks (id, code, title, content, correct_answer, question_type, difficulty, skill, points, subject_id, exam_level, explanation) VALUES ('ed842e76-19af-4905-96c9-fd530e22028c', 'RCA_Q2_2025_MOV_007', 'Chọn đáp án đúng', '{"options": ["Thanks. Bye.", "Yes, I do.", "That''s all right."], "imageUrl": "questions/images/1773830107181_5725e724_q2_mov_rw_p2.png", "question": "OK. See you then.", "askerName": "Mary", "optionType": "text", "answererName": "Jack"}', '{"answer": 0}', 'CHOOSE_THE_CORRECT_ANSWER', 'medium', null, 1.00, null, null, '');
INSERT INTO public.question_banks (id, code, title, content, correct_answer, question_type, difficulty, skill, points, subject_id, exam_level, explanation) VALUES ('d29e8af4-952a-4a38-bcb7-b8e99e5eb489', 'RCW_Q2_2025_MOV_001', 'Điền từ vào đoạn văn', '{"title": "", "viewMode": "WITH_WORD_BANK", "wordBank": [{"word": "football", "imageUrl": "questions/images/1773878607631_442d1a82_q2_rw_mov_p3_1.png", "isExample": true}, {"word": "burger", "imageUrl": "questions/images/1773878618668_68dacea8_q2_rw_mov_p3_2.png"}, {"word": "walked", "imageUrl": "questions/images/1773878622840_4e55c3eb_q2_rw_mov_p3_3.png"}, {"word": "eat", "imageUrl": "questions/images/1773878630919_e5dbbe80_q2_rw_mov_p3_4.png"}, {"word": "homework", "imageUrl": "questions/images/1773878637645_af93d31d_q2_rw_mov_p3_5.png"}, {"word": "dog", "imageUrl": "questions/images/1773878652898_2e7c9b8d_q2_rw_mov_p3_6.png"}, {"word": "rode", "imageUrl": "questions/images/1773878662243_8c3279b5_q2_rw_mov_p3_7.png"}, {"word": "jumped", "imageUrl": "questions/images/1773878670620_06f2a4c2_q2_rw_mov_p3_8.png"}, {"word": "milk", "imageUrl": "questions/images/1773878680593_f10f2b85_q2_rw_mov_p3_9.png"}], "paragraph": "My name is Fred. I like computers, comic books and {0}. At the weekend, I like to play sport. I also like to do things with my family and friends. Yesterday, my sister and I {1} to the park and played with Dan, our {2}. At the park, there were other children that we knew. We played games with them, too. Today, my friend, Jim, and I {3} our bikes down by the beach. We went for a swim and then came home to {4} something because we were hungry. My mother made us some lunch. We had a burger and some chips. It was very nice but my favourite food is chicken and potatoes. Tomorrow is Monday so I must do my {5} tonight. Yes, I work and I play at the weekend!", "exampleAnswer": ["football"]}', '{"answers": ["football", "walked", "dog", "rode", "eat", "homework"], "example": ["football"], "caseSensitive": false}', 'WORD_FILL_PARAGRAPH', 'medium', null, 1.00, null, null, '');
INSERT INTO public.question_banks (id, code, title, content, correct_answer, question_type, difficulty, skill, points, subject_id, exam_level, explanation) VALUES ('ee1170c0-b696-4f03-a5cd-80e9a563492f', 'RCW_Q2_2025_MOV_002', 'Chọn đáp án đúng', '{"options": ["Fred''s friends", "Fred''s weekend", "Fred''s favourite food"], "question": "Now choose the best name for the story. ", "optionType": "text"}', '{"answer": 1}', 'CHOOSE_THE_CORRECT_ANSWER', 'medium', null, 1.00, null, null, '');
INSERT INTO public.question_banks (id, code, title, content, correct_answer, question_type, difficulty, skill, points, subject_id, exam_level, explanation) VALUES ('82495935-2d6c-47c4-95a9-023026c9af07', 'RCW_Q2_2025_MOV_003', 'Điền từ vào đoạn văn - Có lựa chọn', '{"title": "The sandwich", "imageUrl": "questions/images/1773879071850_03a62bba_q2_rw_mov_p4.png", "viewMode": "WITH_OPTIONS", "wordBank": [{"options": ["am", "is", "are"], "isExample": true}, {"options": ["can", "do", "be"]}, {"options": ["in", "from", "for"]}, {"options": ["make", "made", "making"]}, {"options": ["the", "an", "a"]}, {"options": ["about", "after", "above"]}], "paragraph": "The sandwich {0} a food which many people enjoy. You {1} eat it anywhere, for example outside or at home. In many countries, people eat sandwiches {2} lunch at work or at school. They are very easy to {3}. You can have them with cheese, meat, tomato or any food you like. But you must use bread to make {4} sandwich.\nBut who ate sandwiches first? There are many stories {5} sandwiches and the first\npeople who ate them. Today people all over the world make them at home or buy them from the supermarket!"}', '{"answers": ["is", "can", "for", "make", "a", "about"], "caseSensitive": false}', 'WORD_FILL_PARAGRAPH', 'medium', null, 1.00, null, null, '');
INSERT INTO public.question_banks (id, code, title, content, correct_answer, question_type, difficulty, skill, points, subject_id, exam_level, explanation) VALUES ('b0c9e3ca-29a0-4e4b-b687-f18629182c9f', 'LWW_Q2_2025_MOV_001', 'Điền vào chỗ trống', '{"hints": [], "title": "Nhìn tranh, kể truyện, điền từ để hoàn thành câu chuyện: ''A walk in the forest''", "content": "Daisy lives with her parents and three sisters, Vicky, Sally and Jane, in the city. Last month, they went on holiday to the mountains. On the first day, the girls went for a walk in the forest.", "imageUrl": "questions/images/1773883159520_309bce44_q2_mov_rw_p5_1.png", "question": "Daisy''s family lives in {0}", "showHints": false}', '{"answers": ["the city"], "caseSensitive": false}', 'FILL_IN_BLANK', 'medium', null, 1.00, null, null, '');
INSERT INTO public.question_banks (id, code, title, content, correct_answer, question_type, difficulty, skill, points, subject_id, exam_level, explanation) VALUES ('f7471525-80f2-47fc-94d4-4e8883423da4', 'LWW_Q2_2025_MOV_002', 'Điền vào chỗ trống', '{"hints": [], "title": "Nhìn tranh, kể truyện, điền từ để hoàn thành câu chuyện: ''A walk in the forest''", "content": "Daisy lives with her parents and three sisters, Vicky, Sally and Jane, in the city. Last month, they went on holiday to the mountains. On the first day, the girls went for a walk in the forest.", "imageUrl": "questions/images/1773883159520_309bce44_q2_mov_rw_p5_1.png", "question": "Daisy and her family went to the {0} for their holidays.", "showHints": false}', '{"answers": ["mountains"], "caseSensitive": false}', 'FILL_IN_BLANK', 'medium', null, 1.00, null, null, '');
INSERT INTO public.question_banks (id, code, title, content, correct_answer, question_type, difficulty, skill, points, subject_id, exam_level, explanation) VALUES ('86ecb80e-cc75-4456-8758-b0001c967c73', 'LWW_Q2_2025_MOV_003', 'Điền vào chỗ trống', '{"hints": [], "title": "Nhìn tranh, kể truyện, điền từ để hoàn thành câu chuyện: ''A walk in the forest''", "content": "Daisy lives with her parents and three sisters, Vicky, Sally and Jane, in the city. Last month, they went on holiday to the mountains. On the first day, the girls went for a walk in the forest.", "imageUrl": "questions/images/1773883159520_309bce44_q2_mov_rw_p5_1.png", "question": "Daisy and her family had a holiday last {0}.", "showHints": false}', '{"answers": ["month"], "caseSensitive": false}', 'FILL_IN_BLANK', 'medium', null, 1.00, null, null, '');
INSERT INTO public.question_banks (id, code, title, content, correct_answer, question_type, difficulty, skill, points, subject_id, exam_level, explanation) VALUES ('984498c0-b164-4ae5-b7d3-78c956091b6a', 'LWW_Q2_2025_MOV_004', 'Điền vào chỗ trống', '{"hints": [], "title": "Nhìn tranh, kể truyện, điền từ để hoàn thành câu chuyện: ''A walk in the forest''", "content": "Daisy lives with her parents and three sisters, Vicky, Sally and Jane, in the city. Last month, they went on holiday to the mountains. On the first day, the girls went for a walk in the forest.", "imageUrl": "questions/images/1773883159520_309bce44_q2_mov_rw_p5_1.png", "question": "The girls walked {0} on the first day.", "showHints": false}', '{"answers": ["in the forest"], "caseSensitive": false}', 'FILL_IN_BLANK', 'medium', null, 1.00, null, null, '');
INSERT INTO public.question_banks (id, code, title, content, correct_answer, question_type, difficulty, skill, points, subject_id, exam_level, explanation) VALUES ('64731592-72df-4419-8ff2-dd2886533a53', 'LWW_Q2_2025_MOV_005', 'Điền vào chỗ trống', '{"hints": [], "title": "Nhìn tranh, kể truyện, điền từ để hoàn thành câu chuyện: ''A walk in the forest''", "content": "They walked slowly and quietly for two hours. They saw birds and they saw some fish which were swimming in the river. Then, they saw a big brown bear. The children shouted, \"Help!\" and started to run. They were very frightened. Jane stopped and looked back. \"Stop!\" she shouted loudly and all the girls stopped. \"What''s the matter?\" they asked Jane. When they looked again, they couldn''t see the bear.", "imageUrl": "questions/images/1773883656748_24bfd055_q2_mov_rw_p5_2.png", "question": "The girls walked for {0}.", "showHints": false}', '{"answers": ["two hours"], "caseSensitive": false}', 'FILL_IN_BLANK', 'medium', null, 1.00, null, null, '');
INSERT INTO public.question_banks (id, code, title, content, correct_answer, question_type, difficulty, skill, points, subject_id, exam_level, explanation) VALUES ('eed7456b-088e-45e4-9171-892958510192', 'LWW_Q2_2025_MOV_006', 'Điền vào chỗ trống', '{"hints": [], "title": "Nhìn tranh, kể truyện, điền từ để hoàn thành câu chuyện: ''A walk in the forest''", "content": "They walked slowly and quietly for two hours. They saw birds and they saw some fish which were swimming in the river. Then, they saw a big brown bear. The children shouted, \"Help!\" and started to run. They were very frightened. Jane stopped and looked back. \"Stop!\" she shouted loudly and all the girls stopped. \"What''s the matter?\" they asked Jane. When they looked again, they couldn''t see the bear.", "imageUrl": "questions/images/1773883656748_24bfd055_q2_mov_rw_p5_2.png", "question": "They saw birds, {0} and a bear.", "showHints": false}', '{"answers": ["some fish"], "caseSensitive": false}', 'FILL_IN_BLANK', 'medium', null, 1.00, null, null, '');
INSERT INTO public.question_banks (id, code, title, content, correct_answer, question_type, difficulty, skill, points, subject_id, exam_level, explanation) VALUES ('6dfaf54d-be54-4932-9939-8fa5e6e0e8da', 'LWW_Q2_2025_MOV_007', 'Điền vào chỗ trống', '{"hints": [], "title": "Nhìn tranh, kể truyện, điền từ để hoàn thành câu chuyện: ''A walk in the forest''", "content": "They walked slowly and quietly for two hours. They saw birds and they saw some fish which were swimming in the river. Then, they saw a big brown bear. The children shouted, \"Help!\" and started to run. They were very frightened. Jane stopped and looked back. \"Stop!\" she shouted loudly and all the girls stopped. \"What''s the matter?\" they asked Jane. When they looked again, they couldn''t see the bear.", "imageUrl": "questions/images/1773883656748_24bfd055_q2_mov_rw_p5_2.png", "question": "All the children {0} and started to run when they saw a bear.", "showHints": false}', '{"answers": ["shouted"], "caseSensitive": false}', 'FILL_IN_BLANK', 'medium', null, 1.00, null, null, '');
INSERT INTO public.question_banks (id, code, title, content, correct_answer, question_type, difficulty, skill, points, subject_id, exam_level, explanation) VALUES ('dec414b6-b7f0-429c-8083-20b86060ab11', 'LWW_Q2_2025_MOV_008', 'Điền vào chỗ trống', '{"hints": [], "title": "Nhìn tranh, kể truyện, điền từ để hoàn thành câu chuyện: ''A walk in the forest''", "content": "The girls walked to the river again. When they got there, they saw the bear. It had a fish. \"It''s eating its dinner,\" Jane said. They started to laugh. \"I''m hungry, too,\" said Daisy. \"Come on! Let''s go home!\" And they went back to the house to have their supper.", "imageUrl": "questions/images/1773884433261_2dda594a_q2_mov_rw_p5_3.png", "question": "The girls saw {0} at the river.", "showHints": false}', '{"answers": ["the bear"], "caseSensitive": false}', 'FILL_IN_BLANK', 'medium', null, 1.00, null, null, '');
INSERT INTO public.question_banks (id, code, title, content, correct_answer, question_type, difficulty, skill, points, subject_id, exam_level, explanation) VALUES ('ec3eb6a6-1d56-4fb0-ae9d-72d58211e17a', 'LRW_Q2_2025_MOV_004', 'Đọc câu hỏi và viết đáp án', '{"title": "Trả lời câu hỏi", "content": "", "imageUrl": "questions/images/1773885102947_97c69997_q2_mov_rw_p6_1.png", "question": "What is the boy in the red T-shirt doing?"}', '{"answer": "He is painting."}', 'ANSWER_THE_QUESTION', 'medium', null, 1.00, null, null, '');
INSERT INTO public.question_groups (id, payload, group_number, part_id, section_id, exam_id) VALUES ('300762a7-6caa-469b-a686-2543c82e9e0f', '{"title": "Nghe và trả lời", "content": "", "imageUrl": "questions/images/1773815971395_3a8c3db5_q2_mov_listening_p2.png"}', 1, '2', null, '70fc9012-71f5-4e93-bc33-d8e59a0329e0');
INSERT INTO public.question_groups (id, payload, group_number, part_id, section_id, exam_id) VALUES ('f4f0a584-4a52-4894-bb5e-ae6d9402f58f', '{"options": [{"answer": "A", "content": "", "imageUrl": "questions/images/1773821573608_e3b8d9ae_q2_mov_listening_p3_a.png"}, {"answer": "B", "content": "", "imageUrl": "questions/images/1773821941072_b9596927_q2_mov_listening_p3_b.png"}, {"answer": "C", "content": "", "imageUrl": "questions/images/1773821948369_36f6cb44_q2_mov_listening_p3_c.png"}, {"answer": "D", "content": "", "imageUrl": "questions/images/1773821958254_9a26f021_q2_mov_listening_p3_d.png"}, {"answer": "E", "content": "", "imageUrl": "questions/images/1773821969531_b4dfeb68_q2_mov_listening_p3_e.png"}, {"answer": "F", "content": "", "imageUrl": "questions/images/1773821979260_eb9e14bd_q2_mov_listening_p3_f.png"}, {"answer": "G", "content": "", "imageUrl": "questions/images/1773821988059_e163a00c_q2_mov_listening_p3_g.png"}, {"answer": "H", "content": "", "imageUrl": "questions/images/1773821996505_d494fafb_q2_mov_listening_p3_h.png"}]}', 1, '3', null, '70fc9012-71f5-4e93-bc33-d8e59a0329e0');
INSERT INTO public.question_groups (id, payload, group_number, part_id, section_id, exam_id) VALUES ('0454db4a-ca8d-4aaa-b686-93019011a195', '{"options": [{"answer": "a pineapple", "content": "", "imageUrl": "questions/images/1773829174176_d571f61c_q2_mov_rw_p1_2.png"}, {"answer": "a stomach", "content": "", "imageUrl": "questions/images/1773829325378_5c811373_q2_mov_rw_p1_3.png"}, {"answer": "a dog", "content": "", "imageUrl": "questions/images/1773829335790_6240fa5e_q2_mov_rw_p1_1.png"}, {"answer": "tea", "content": "", "imageUrl": "questions/images/1773829450326_6e0975c5_q2_mov_rw_p1_4.png"}, {"answer": "a moustache", "content": "", "imageUrl": "questions/images/1773829482485_aa21402c_q2_mov_rw_p1_5.png"}, {"answer": "a neck", "content": "", "imageUrl": "questions/images/1773829494691_f43b4f42_q2_mov_rw_p1_6.png"}, {"answer": "watermelon", "content": "", "imageUrl": "questions/images/1773829509066_f3bb2eb2_q2_mov_rw_p1_7.png"}, {"answer": "a parrot", "content": "", "imageUrl": "questions/images/1773829521584_356a4a99_q2_mov_rw_p1_8.png"}]}', 1, '6', null, '70fc9012-71f5-4e93-bc33-d8e59a0329e0');
INSERT INTO public.question_groups (id, payload, group_number, part_id, section_id, exam_id) VALUES ('bb575263-8012-4f04-8d8e-dacdb0060598', '{"title": "Đọc câu hỏi, chọn câu trả lời phù hợp nhất", "content": "", "imageUrl": "questions/images/1773830107181_5725e724_q2_mov_rw_p2.png"}', 1, '7', null, '70fc9012-71f5-4e93-bc33-d8e59a0329e0');
INSERT INTO public.question_groups (id, payload, group_number, part_id, section_id, exam_id) VALUES ('22e8392f-4e85-4239-bf24-5c2984d0f32e', '{"title": "Nhìn tranh, kể truyện, điền từ để hoàn thành câu chuyện: ''A walk in the forest''", "content": "Daisy lives with her parents and three sisters, Vicky, Sally and Jane, in the city. Last month, they went on holiday to the mountains. On the first day, the girls went for a walk in the forest.", "imageUrl": "questions/images/1773883159520_309bce44_q2_mov_rw_p5_1.png"}', 1, '10', null, '70fc9012-71f5-4e93-bc33-d8e59a0329e0');
INSERT INTO public.question_groups (id, payload, group_number, part_id, section_id, exam_id) VALUES ('5c4a2e65-04aa-4540-8e96-68bf215e9e10', '{"title": "Nhìn tranh, kể truyện, điền từ để hoàn thành câu chuyện: ''A walk in the forest''", "content": "They walked slowly and quietly for two hours. They saw birds and they saw some fish which were swimming in the river. Then, they saw a big brown bear. The children shouted, \"Help!\" and started to run. They were very frightened. Jane stopped and looked back. \"Stop!\" she shouted loudly and all the girls stopped. \"What''s the matter?\" they asked Jane. When they looked again, they couldn''t see the bear.", "imageUrl": "questions/images/1773883656748_24bfd055_q2_mov_rw_p5_2.png"}', 2, '10', null, '70fc9012-71f5-4e93-bc33-d8e59a0329e0');
INSERT INTO public.question_groups (id, payload, group_number, part_id, section_id, exam_id) VALUES ('7d462c5f-7c02-464a-b539-6bc5d8a4a537', '{"title": "Nhìn tranh, kể truyện, điền từ để hoàn thành câu chuyện: ''A walk in the forest''", "content": "The girls walked to the river again. When they got there, they saw the bear. It had a fish. \"It''s eating its dinner,\" Jane said. They started to laugh. \"I''m hungry, too,\" said Daisy. \"Come on! Let''s go home!\" And they went back to the house to have their supper.", "imageUrl": "questions/images/1773884433261_2dda594a_q2_mov_rw_p5_3.png"}', 3, '10', null, '70fc9012-71f5-4e93-bc33-d8e59a0329e0');
INSERT INTO public.question_groups (id, payload, group_number, part_id, section_id, exam_id) VALUES ('11a7ad53-a3e1-4dae-8ca5-a00cbb8b80c0', '{"title": "Viết 2 câu nói về bức ảnh.", "content": "", "imageUrl": "questions/images/1773885370787_b4400319_q2_mov_rw_p6_1.png"}', 1, '11', null, '70fc9012-71f5-4e93-bc33-d8e59a0329e0');
INSERT INTO public.questions (id, content, correct_answer, points, question_type, explanation, exam_id, part_id, part_no, question_number, group_id, question_bank_id, question_skill_type, is_example, suggested_answers) VALUES ('a14f3fc1-414e-4610-82e3-515cc45d97d7', '{"title": "Nghe và trả lời", "content": "", "imageUrl": "questions/images/1773815971395_3a8c3db5_q2_mov_listening_p2.png", "question": "Favourite sport:"}', '{"answer": "table tennis"}', 1.00, 'ANSWER_THE_QUESTION', '', '70fc9012-71f5-4e93-bc33-d8e59a0329e0', '2', 2, 5, '300762a7-6caa-469b-a686-2543c82e9e0f', '8d7ffbf0-c3dc-483e-84bd-0092ad86692d', 'LISTENING', false, null);
INSERT INTO public.questions (id, content, correct_answer, points, question_type, explanation, exam_id, part_id, part_no, question_number, group_id, question_bank_id, question_skill_type, is_example, suggested_answers) VALUES ('a1092e52-e131-44eb-b249-6c178694b603', '{"title": "Nghe và trả lời", "content": "", "imageUrl": "questions/images/1773815971395_3a8c3db5_q2_mov_listening_p2.png", "question": "How many sports?"}', '{"answer": "ten"}', 1.00, 'ANSWER_THE_QUESTION', '', '70fc9012-71f5-4e93-bc33-d8e59a0329e0', '2', 2, 4, '300762a7-6caa-469b-a686-2543c82e9e0f', '446178a0-9f59-444c-8557-e87aede1423e', 'LISTENING', false, null);
INSERT INTO public.questions (id, content, correct_answer, points, question_type, explanation, exam_id, part_id, part_no, question_number, group_id, question_bank_id, question_skill_type, is_example, suggested_answers) VALUES ('66ca9459-4340-403a-8305-eef79278b201', '{"options": ["questions/options/images/1773824211048_63a6c376_q2_mov_listening_p4_ex_a.png", "questions/options/images/1773824216407_1f140e21_q2_mov_listening_p4_ex_b.png", "questions/options/images/1773824221046_da2f82b9_q2_mov_listening_p4_ex_c.png"], "imageUrl": "questions/images/1773824211055_9d3c7c98_q2_mov_listening_p4_ex.png", "question": "Where did Peter have his party?", "optionType": "image"}', '{"answer": 0}', 1.00, 'CHOOSE_THE_CORRECT_ANSWER', '', '70fc9012-71f5-4e93-bc33-d8e59a0329e0', '4', 4, 14, null, '1c029b1b-cebd-45c9-a746-fa7d13a2e2ab', 'LISTENING', true, null);
INSERT INTO public.questions (id, content, correct_answer, points, question_type, explanation, exam_id, part_id, part_no, question_number, group_id, question_bank_id, question_skill_type, is_example, suggested_answers) VALUES ('cde102d3-9eed-4b2d-86dd-801ab1f8d781', '{"options": ["Thanks. Bye.", "Yes, I do.", "That''s all right."], "imageUrl": "questions/images/1773830107181_5725e724_q2_mov_rw_p2.png", "question": "OK. See you then.", "askerName": "Mary", "optionType": "text", "answererName": "Jack"}', '{"answer": 0}', 1.00, 'CHOOSE_THE_CORRECT_ANSWER', '', '70fc9012-71f5-4e93-bc33-d8e59a0329e0', '7', 7, 33, 'bb575263-8012-4f04-8d8e-dacdb0060598', 'ed842e76-19af-4905-96c9-fd530e22028c', 'READING', false, null);
INSERT INTO public.questions (id, content, correct_answer, points, question_type, explanation, exam_id, part_id, part_no, question_number, group_id, question_bank_id, question_skill_type, is_example, suggested_answers) VALUES ('a994bb11-c22d-4b63-82bf-c997fd6a084a', '{"options": ["questions/options/images/1773825520067_7b3f9b9c_q2_mov_listening_p4_4_a.png", "questions/options/images/1773825525389_db337ee0_q2_mov_listening_p4_4_b.png", "questions/options/images/1773825529488_0aaa053d_q2_mov_listening_p4_4_c.png"], "imageUrl": "questions/images/1773825516083_2b6afd7d_q2_mov_listening_p4_4.png", "question": "What did Bill buy at the shops?", "optionType": "image"}', '{"answer": 2}', 1.00, 'CHOOSE_THE_CORRECT_ANSWER', '', '70fc9012-71f5-4e93-bc33-d8e59a0329e0', '4', 4, 18, null, 'ab556357-6681-4749-a8db-6914b64ec020', 'LISTENING', false, null);
INSERT INTO public.questions (id, content, correct_answer, points, question_type, explanation, exam_id, part_id, part_no, question_number, group_id, question_bank_id, question_skill_type, is_example, suggested_answers) VALUES ('7f0bdd1a-95bf-42a9-9982-57269eaf36c2', '{"options": [{"answer": "A", "content": "", "imageUrl": "questions/images/1773821573608_e3b8d9ae_q2_mov_listening_p3_a.png"}, {"answer": "B", "content": "", "imageUrl": "questions/images/1773821941072_b9596927_q2_mov_listening_p3_b.png"}, {"answer": "C", "content": "", "imageUrl": "questions/images/1773821948369_36f6cb44_q2_mov_listening_p3_c.png"}, {"answer": "D", "content": "", "imageUrl": "questions/images/1773821958254_9a26f021_q2_mov_listening_p3_d.png"}, {"answer": "E", "content": "", "imageUrl": "questions/images/1773821969531_b4dfeb68_q2_mov_listening_p3_e.png"}, {"answer": "F", "content": "", "imageUrl": "questions/images/1773821979260_eb9e14bd_q2_mov_listening_p3_f.png"}, {"answer": "G", "content": "", "imageUrl": "questions/images/1773821988059_e163a00c_q2_mov_listening_p3_g.png"}, {"answer": "H", "content": "", "imageUrl": "questions/images/1773821996505_d494fafb_q2_mov_listening_p3_h.png"}], "imageUrl": "questions/images/1773822706165_98c1a882_q2_mov_listening_p3_fred.png", "question": "Fred"}', '{"answer": "A"}', 1.00, 'MATCH_BY_WRITING_ANSWER', '', '70fc9012-71f5-4e93-bc33-d8e59a0329e0', '3', 3, 9, 'f4f0a584-4a52-4894-bb5e-ae6d9402f58f', '1f8af89d-22c1-40cc-ac9b-37197f202edb', 'LISTENING', false, null);
INSERT INTO public.questions (id, content, correct_answer, points, question_type, explanation, exam_id, part_id, part_no, question_number, group_id, question_bank_id, question_skill_type, is_example, suggested_answers) VALUES ('d721a0dd-2e2b-449e-aabb-8b5fcb03e763', '{"options": ["questions/options/images/1773824632928_3ddfd9b4_q2_mov_listening_p4_1_a.png", "questions/options/images/1773824673941_d3350635_q2_mov_listening_p4_1_b.png", "questions/options/images/1773824803500_2a34cf31_q2_mov_listening_p4_1_c.png"], "imageUrl": "questions/images/1773824632932_433488b4_q2_mov_listening_p4_1.png", "question": "Which animals did Jill see?", "optionType": "image"}', '{"answer": 2}', 1.00, 'CHOOSE_THE_CORRECT_ANSWER', '', '70fc9012-71f5-4e93-bc33-d8e59a0329e0', '4', 4, 15, null, '6e2c1d56-d490-4ead-9598-520b76f30e3a', 'LISTENING', false, null);
INSERT INTO public.questions (id, content, correct_answer, points, question_type, explanation, exam_id, part_id, part_no, question_number, group_id, question_bank_id, question_skill_type, is_example, suggested_answers) VALUES ('e74e2413-4cef-45c2-9692-21f5adebeca9', '{"options": ["questions/options/images/1773825804744_e271e39f_q2_mov_listening_p4_5_a.png", "questions/options/images/1773825808248_451694e4_q2_mov_listening_p4_5_b.png", "questions/options/images/1773825811947_35172ee7_q2_mov_listening_p4_5_c.png"], "imageUrl": "questions/images/1773825774516_1011b984_q2_mov_listening_p4_5.png", "question": "What did Dan wear to the picnic?", "optionType": "image"}', '{"answer": 1}', 1.00, 'CHOOSE_THE_CORRECT_ANSWER', '', '70fc9012-71f5-4e93-bc33-d8e59a0329e0', '4', 4, 19, null, 'b4e7c756-97f2-4454-81b5-e5182895b092', 'LISTENING', false, null);
INSERT INTO public.questions (id, content, correct_answer, points, question_type, explanation, exam_id, part_id, part_no, question_number, group_id, question_bank_id, question_skill_type, is_example, suggested_answers) VALUES ('bb98d01b-7693-4f4a-8a88-f6985564e578', '{"options": ["I''d like a cake.", "To make a cake.", "No, I can make a cake."], "imageUrl": "questions/images/1773830107181_5725e724_q2_mov_rw_p2.png", "question": "What are the eggs for?", "askerName": "Mary", "optionType": "text", "answererName": "Jack"}', '{"answer": 1}', 1.00, 'CHOOSE_THE_CORRECT_ANSWER', '', '70fc9012-71f5-4e93-bc33-d8e59a0329e0', '7', 7, 30, 'bb575263-8012-4f04-8d8e-dacdb0060598', 'be132e13-ce3f-4a57-b952-96f06e1f18bf', 'READING', false, null);
INSERT INTO public.questions (id, content, correct_answer, points, question_type, explanation, exam_id, part_id, part_no, question_number, group_id, question_bank_id, question_skill_type, is_example, suggested_answers) VALUES ('fea081c9-c1cf-49fa-aee3-198a14c79edd', '{"hints": [], "title": "Nhìn tranh, kể truyện, điền từ để hoàn thành câu chuyện: ''A walk in the forest''", "content": "The girls walked to the river again. When they got there, they saw the bear. It had a fish. \"It''s eating its dinner,\" Jane said. They started to laugh. \"I''m hungry, too,\" said Daisy. \"Come on! Let''s go home!\" And they went back to the house to have their supper.", "imageUrl": "questions/images/1773884433261_2dda594a_q2_mov_rw_p5_3.png", "question": "The girls saw {0} at the river.", "showHints": false}', '{"answers": ["the bear"], "caseSensitive": false}', 1.00, 'FILL_IN_BLANK', '', '70fc9012-71f5-4e93-bc33-d8e59a0329e0', '10', 10, 44, '7d462c5f-7c02-464a-b539-6bc5d8a4a537', 'dec414b6-b7f0-429c-8083-20b86060ab11', 'READING', false, null);
INSERT INTO public.questions (id, content, correct_answer, points, question_type, explanation, exam_id, part_id, part_no, question_number, group_id, question_bank_id, question_skill_type, is_example, suggested_answers) VALUES ('32eeb57b-6966-4a22-9927-e7fa25237ffa', '{"title": "Trả lời câu hỏi", "content": "", "imageUrl": "questions/images/1773885102947_97c69997_q2_mov_rw_p6_1.png", "question": "What is the boy in the red T-shirt doing?"}', '{"answer": "He is painting."}', 1.00, 'ANSWER_THE_QUESTION', '', '70fc9012-71f5-4e93-bc33-d8e59a0329e0', '11', 11, 49, '11a7ad53-a3e1-4dae-8ca5-a00cbb8b80c0', 'ec3eb6a6-1d56-4fb0-ae9d-72d58211e17a', 'WRITING', false, null);
INSERT INTO public.questions (id, content, correct_answer, points, question_type, explanation, exam_id, part_id, part_no, question_number, group_id, question_bank_id, question_skill_type, is_example, suggested_answers) VALUES ('84383780-dca2-4d51-95ec-2cf65dfcc382', '{"title": "Nghe và trả lời", "content": "", "imageUrl": "questions/images/1773815971395_3a8c3db5_q2_mov_listening_p2.png", "question": "Where picnic?", "suffixText": "Park"}', '{"answer": "City"}', 1.00, 'ANSWER_THE_QUESTION', '', '70fc9012-71f5-4e93-bc33-d8e59a0329e0', '2', 2, 6, '300762a7-6caa-469b-a686-2543c82e9e0f', '4ee88f1f-887f-449a-b47f-72d5d731a73e', 'LISTENING', false, null);
INSERT INTO public.questions (id, content, correct_answer, points, question_type, explanation, exam_id, part_id, part_no, question_number, group_id, question_bank_id, question_skill_type, is_example, suggested_answers) VALUES ('47157844-ca4b-45ba-9d2e-0e981142dd96', '{"options": ["questions/options/images/1773824959199_be48eb8a_q2_mov_listening_p4_2_a.png", "questions/options/images/1773824962459_bd7d719c_q2_mov_listening_p4_2_b.png", "questions/options/images/1773824965874_36b12f33_q2_mov_listening_p4_2_c.png"], "imageUrl": "questions/images/1773824954502_efe5081f_q2_mov_listening_p4_2.png", "question": "What game did the children play?", "optionType": "image"}', '{"answer": 0}', 1.00, 'CHOOSE_THE_CORRECT_ANSWER', '', '70fc9012-71f5-4e93-bc33-d8e59a0329e0', '4', 4, 16, null, '63e1acbf-eb69-4adc-9d9d-7b68d255e703', 'LISTENING', false, null);
INSERT INTO public.questions (id, content, correct_answer, points, question_type, explanation, exam_id, part_id, part_no, question_number, group_id, question_bank_id, question_skill_type, is_example, suggested_answers) VALUES ('8460dd40-d4c3-4f52-926e-de41eeb9557e', '{"options": ["I''m going to the shop.", "I go to the library.", "I don''t want to go."], "imageUrl": "questions/images/1773830107181_5725e724_q2_mov_rw_p2.png", "question": "Hello, Jack. What are you doing?", "askerName": "Mary", "optionType": "text", "answererName": "Jack"}', '{"answer": 0}', 1.00, 'CHOOSE_THE_CORRECT_ANSWER', '', '70fc9012-71f5-4e93-bc33-d8e59a0329e0', '7', 7, 27, 'bb575263-8012-4f04-8d8e-dacdb0060598', '0b1ce0d1-23fa-4041-9178-ef9e3c4b2e8d', 'READING', true, null);
INSERT INTO public.questions (id, content, correct_answer, points, question_type, explanation, exam_id, part_id, part_no, question_number, group_id, question_bank_id, question_skill_type, is_example, suggested_answers) VALUES ('4f9cacc1-43f3-4a71-a5a8-d458374d480b', '{"options": ["Yes, I like it.", "No, I can''t.", "Yes, I''d like that."], "imageUrl": "questions/images/1773830107181_5725e724_q2_mov_rw_p2.png", "question": "I must come and help you.", "askerName": "Mary", "optionType": "text", "answererName": "Jack"}', '{"answer": 2}', 1.00, 'CHOOSE_THE_CORRECT_ANSWER', '', '70fc9012-71f5-4e93-bc33-d8e59a0329e0', '7', 7, 31, 'bb575263-8012-4f04-8d8e-dacdb0060598', 'ac089e91-6e15-4d81-94e1-e932360524e6', 'READING', false, null);
INSERT INTO public.questions (id, content, correct_answer, points, question_type, explanation, exam_id, part_id, part_no, question_number, group_id, question_bank_id, question_skill_type, is_example, suggested_answers) VALUES ('b6cf1840-c4a3-4f56-b6e3-db8173dc875f', '{"hints": [], "title": "Nhìn tranh, kể truyện, điền từ để hoàn thành câu chuyện: ''A walk in the forest''", "content": "Daisy lives with her parents and three sisters, Vicky, Sally and Jane, in the city. Last month, they went on holiday to the mountains. On the first day, the girls went for a walk in the forest.", "imageUrl": "questions/images/1773883159520_309bce44_q2_mov_rw_p5_1.png", "question": "Daisy and her family had a holiday last {0}.", "showHints": false}', '{"answers": ["month"], "caseSensitive": false}', 1.00, 'FILL_IN_BLANK', '', '70fc9012-71f5-4e93-bc33-d8e59a0329e0', '10', 10, 39, '22e8392f-4e85-4239-bf24-5c2984d0f32e', '86ecb80e-cc75-4456-8758-b0001c967c73', 'READING', false, null);
INSERT INTO public.questions (id, content, correct_answer, points, question_type, explanation, exam_id, part_id, part_no, question_number, group_id, question_bank_id, question_skill_type, is_example, suggested_answers) VALUES ('c7b89eb2-3ffa-4174-a5ff-bf134133d7e1', '{"hints": [], "title": "Nhìn tranh, kể truyện, điền từ để hoàn thành câu chuyện: ''A walk in the forest''", "content": "Daisy lives with her parents and three sisters, Vicky, Sally and Jane, in the city. Last month, they went on holiday to the mountains. On the first day, the girls went for a walk in the forest.", "imageUrl": "questions/images/1773883159520_309bce44_q2_mov_rw_p5_1.png", "question": "Daisy''s family lives in {0}.", "showHints": false}', '{"answers": ["the city"], "caseSensitive": false}', 1.00, 'FILL_IN_BLANK', '', '70fc9012-71f5-4e93-bc33-d8e59a0329e0', '10', 10, 37, '22e8392f-4e85-4239-bf24-5c2984d0f32e', 'b0c9e3ca-29a0-4e4b-b687-f18629182c9f', 'READING', true, null);
INSERT INTO public.questions (id, content, correct_answer, points, question_type, explanation, exam_id, part_id, part_no, question_number, group_id, question_bank_id, question_skill_type, is_example, suggested_answers) VALUES ('1b99607f-cd1a-4884-b73e-78ffdc2c7e72', '{"hints": [], "title": "Nhìn tranh, kể truyện, điền từ để hoàn thành câu chuyện: ''A walk in the forest''", "content": "Daisy lives with her parents and three sisters, Vicky, Sally and Jane, in the city. Last month, they went on holiday to the mountains. On the first day, the girls went for a walk in the forest.", "imageUrl": "questions/images/1773883159520_309bce44_q2_mov_rw_p5_1.png", "question": "Daisy and her family went to the {0} for their holidays.", "showHints": false}', '{"answers": ["mountains"], "caseSensitive": false}', 1.00, 'FILL_IN_BLANK', '', '70fc9012-71f5-4e93-bc33-d8e59a0329e0', '10', 10, 38, '22e8392f-4e85-4239-bf24-5c2984d0f32e', 'f7471525-80f2-47fc-94d4-4e8883423da4', 'READING', true, null);
INSERT INTO public.questions (id, content, correct_answer, points, question_type, explanation, exam_id, part_id, part_no, question_number, group_id, question_bank_id, question_skill_type, is_example, suggested_answers) VALUES ('20dd7811-58e3-47f7-8751-33f8ec417235', '{"colorNodes": [{"id": "color-1773809799898", "color": "#FF0000", "label": "Vicky"}, {"id": "color-1773809898480", "color": "#00FF00", "label": "Daisy"}, {"id": "color-1773809955451", "color": "#0000FF", "label": "Sally"}, {"id": "color-1773810012881", "color": "#FFFF00", "label": "Nick"}, {"id": "color-1773810052953", "color": "#FF00FF", "label": "Ben"}], "regionNodes": [{"x": 70.5, "y": 46.2, "id": "region-1773809799898", "color": "#FF0000", "width": 6, "height": 5, "linkedColorNodeId": "color-1773809799898"}, {"x": 61.2, "y": 59.8, "id": "region-1773809898480", "color": "#00FF00", "width": 6, "height": 5, "linkedColorNodeId": "color-1773809898480"}, {"x": 8.5, "y": 53.3, "id": "region-1773809955451", "color": "#0000FF", "width": 6, "height": 5, "linkedColorNodeId": "color-1773809955451"}, {"x": 85.4, "y": 74.4, "id": "region-1773810012881", "color": "#FFFF00", "width": 6, "height": 5, "linkedColorNodeId": "color-1773810012881"}, {"x": 91.2, "y": 49.2, "id": "region-1773810052953", "color": "#FF00FF", "width": 6, "height": 5, "linkedColorNodeId": "color-1773810052953"}], "instructions": ["Match the red object with Vicky", "Match the green object with Daisy", "Match the blue object with Sally", "Match the yellow object with Nick", "Match the pink object with Ben"], "backgroundImageUrl": "questions/images/1773809692602_1d2219e3_q2_mov_listening_p1.png"}', '{"answers": {"region-1773809799898": "#FF0000", "region-1773809898480": "#00FF00", "region-1773809955451": "#0000FF", "region-1773810012881": "#FFFF00", "region-1773810052953": "#FF00FF"}}', 1.00, 'IMAGE_OBJECT_MATCHING', '', '70fc9012-71f5-4e93-bc33-d8e59a0329e0', '1', 1, 1, null, '69299bdc-2752-4bf0-91c2-431bf5547b45', 'LISTENING', false, null);
INSERT INTO public.questions (id, content, correct_answer, points, question_type, explanation, exam_id, part_id, part_no, question_number, group_id, question_bank_id, question_skill_type, is_example, suggested_answers) VALUES ('3f43371a-0d7a-4ef5-a07c-7ee2e6e09557', '{"title": "Nghe và trả lời", "content": "", "imageUrl": "questions/images/1773815971395_3a8c3db5_q2_mov_listening_p2.png", "question": "Food:"}', '{"answer": "ice cream"}', 1.00, 'ANSWER_THE_QUESTION', '', '70fc9012-71f5-4e93-bc33-d8e59a0329e0', '2', 2, 7, '300762a7-6caa-469b-a686-2543c82e9e0f', 'fad49f5d-2a4d-4a46-ac48-25eefac5ba2e', 'LISTENING', false, null);
INSERT INTO public.questions (id, content, correct_answer, points, question_type, explanation, exam_id, part_id, part_no, question_number, group_id, question_bank_id, question_skill_type, is_example, suggested_answers) VALUES ('6e3d9897-0a53-4e41-8b89-42505ef9be4d', '{"options": [{"answer": "A", "content": "", "imageUrl": "questions/images/1773821573608_e3b8d9ae_q2_mov_listening_p3_a.png"}, {"answer": "B", "content": "", "imageUrl": "questions/images/1773821941072_b9596927_q2_mov_listening_p3_b.png"}, {"answer": "C", "content": "", "imageUrl": "questions/images/1773821948369_36f6cb44_q2_mov_listening_p3_c.png"}, {"answer": "D", "content": "", "imageUrl": "questions/images/1773821958254_9a26f021_q2_mov_listening_p3_d.png"}, {"answer": "E", "content": "", "imageUrl": "questions/images/1773821969531_b4dfeb68_q2_mov_listening_p3_e.png"}, {"answer": "F", "content": "", "imageUrl": "questions/images/1773821979260_eb9e14bd_q2_mov_listening_p3_f.png"}, {"answer": "G", "content": "", "imageUrl": "questions/images/1773821988059_e163a00c_q2_mov_listening_p3_g.png"}, {"answer": "H", "content": "", "imageUrl": "questions/images/1773821996505_d494fafb_q2_mov_listening_p3_h.png"}], "imageUrl": "questions/images/1773822818969_85c665a8_q2_mov_listening_p3_grandma.png", "question": "Grandma"}', '{"answer": "B"}', 1.00, 'MATCH_BY_WRITING_ANSWER', '', '70fc9012-71f5-4e93-bc33-d8e59a0329e0', '3', 3, 10, 'f4f0a584-4a52-4894-bb5e-ae6d9402f58f', 'baf80e67-4cbf-4d27-9379-18d51c27b12c', 'LISTENING', false, null);
INSERT INTO public.questions (id, content, correct_answer, points, question_type, explanation, exam_id, part_id, part_no, question_number, group_id, question_bank_id, question_skill_type, is_example, suggested_answers) VALUES ('6b036679-c499-4a90-a1e3-5b3255d684c6', '{"options": ["questions/options/images/1773825214086_4cbfd2c3_q2_mov_listening_p4_3_a.png", "questions/options/images/1773825218843_52d6b454_q2_mov_listening_p4_3_b.png", "questions/options/images/1773825223747_7814cf9d_q2_mov_listening_p4_3_c.png"], "imageUrl": "questions/images/1773825209637_bdcf4258_q2_mov_listening_p4_3.png", "question": "What did Lily eat at the party?", "optionType": "image"}', '{"answer": 0}', 1.00, 'CHOOSE_THE_CORRECT_ANSWER', '', '70fc9012-71f5-4e93-bc33-d8e59a0329e0', '4', 4, 17, null, 'eae16d4e-af4d-4216-983e-e2f5d95a2f91', 'LISTENING', false, null);
INSERT INTO public.questions (id, content, correct_answer, points, question_type, explanation, exam_id, part_id, part_no, question_number, group_id, question_bank_id, question_skill_type, is_example, suggested_answers) VALUES ('00d586ad-0ee0-409b-bfc0-65f59d7eb318', '{"options": ["I like eggs.", "There are some eggs.", "I want to buy some eggs."], "imageUrl": "questions/images/1773830107181_5725e724_q2_mov_rw_p2.png", "question": "Why are you going to the shop?", "askerName": "Mary", "optionType": "text", "answererName": "Jack"}', '{"answer": 2}', 1.00, 'CHOOSE_THE_CORRECT_ANSWER', '', '70fc9012-71f5-4e93-bc33-d8e59a0329e0', '7', 7, 28, 'bb575263-8012-4f04-8d8e-dacdb0060598', '7503fa29-d206-4220-96f9-93f5ada545fc', 'READING', false, null);
INSERT INTO public.questions (id, content, correct_answer, points, question_type, explanation, exam_id, part_id, part_no, question_number, group_id, question_bank_id, question_skill_type, is_example, suggested_answers) VALUES ('1c2313d3-9dc7-43f3-8812-8f207a207d8e', '{"options": ["You came last week.", "You can came this afternoon.", "You can''t come with me."], "imageUrl": "questions/images/1773830107181_5725e724_q2_mov_rw_p2.png", "question": "When can I come?", "askerName": "Mary", "optionType": "text", "answererName": "Jack"}', '{"answer": 1}', 1.00, 'CHOOSE_THE_CORRECT_ANSWER', '', '70fc9012-71f5-4e93-bc33-d8e59a0329e0', '7', 7, 32, 'bb575263-8012-4f04-8d8e-dacdb0060598', '52e3f0f2-c916-49cd-988c-4d126ef2f190', 'READING', false, null);
INSERT INTO public.questions (id, content, correct_answer, points, question_type, explanation, exam_id, part_id, part_no, question_number, group_id, question_bank_id, question_skill_type, is_example, suggested_answers) VALUES ('734b32cf-e351-4397-9fb1-c6c54e0d8e8c', '{"title": "Nghe và trả lời", "content": "", "imageUrl": "questions/images/1773815971395_3a8c3db5_q2_mov_listening_p2.png", "question": "Where?"}', '{"answer": "sports centre"}', 1.00, 'ANSWER_THE_QUESTION', '', '70fc9012-71f5-4e93-bc33-d8e59a0329e0', '2', 2, 2, '300762a7-6caa-469b-a686-2543c82e9e0f', '3b300ec3-e2c5-424a-bd77-06795fbc0496', 'LISTENING', true, null);
INSERT INTO public.questions (id, content, correct_answer, points, question_type, explanation, exam_id, part_id, part_no, question_number, group_id, question_bank_id, question_skill_type, is_example, suggested_answers) VALUES ('daee0e01-f2a4-4e40-85da-713414439ce4', '{"options": [{"answer": "A", "content": "", "imageUrl": "questions/images/1773821573608_e3b8d9ae_q2_mov_listening_p3_a.png"}, {"answer": "B", "content": "", "imageUrl": "questions/images/1773821941072_b9596927_q2_mov_listening_p3_b.png"}, {"answer": "C", "content": "", "imageUrl": "questions/images/1773821948369_36f6cb44_q2_mov_listening_p3_c.png"}, {"answer": "D", "content": "", "imageUrl": "questions/images/1773821958254_9a26f021_q2_mov_listening_p3_d.png"}, {"answer": "E", "content": "", "imageUrl": "questions/images/1773821969531_b4dfeb68_q2_mov_listening_p3_e.png"}, {"answer": "F", "content": "", "imageUrl": "questions/images/1773821979260_eb9e14bd_q2_mov_listening_p3_f.png"}, {"answer": "G", "content": "", "imageUrl": "questions/images/1773821988059_e163a00c_q2_mov_listening_p3_g.png"}, {"answer": "H", "content": "", "imageUrl": "questions/images/1773821996505_d494fafb_q2_mov_listening_p3_h.png"}], "imageUrl": "questions/images/1773822416589_4284ff63_q2_mov_listening_p3_zoe.png", "question": "Zoe"}', '{"answer": "H"}', 1.00, 'MATCH_BY_WRITING_ANSWER', '', '70fc9012-71f5-4e93-bc33-d8e59a0329e0', '3', 3, 8, 'f4f0a584-4a52-4894-bb5e-ae6d9402f58f', '1084d74d-eab9-4c19-9ec4-6b82a9ba6011', 'LISTENING', true, null);
INSERT INTO public.questions (id, content, correct_answer, points, question_type, explanation, exam_id, part_id, part_no, question_number, group_id, question_bank_id, question_skill_type, is_example, suggested_answers) VALUES ('16632020-c6ba-4550-b00c-f7673ebacbbb', '{"options": [{"answer": "A", "content": "", "imageUrl": "questions/images/1773821573608_e3b8d9ae_q2_mov_listening_p3_a.png"}, {"answer": "B", "content": "", "imageUrl": "questions/images/1773821941072_b9596927_q2_mov_listening_p3_b.png"}, {"answer": "C", "content": "", "imageUrl": "questions/images/1773821948369_36f6cb44_q2_mov_listening_p3_c.png"}, {"answer": "D", "content": "", "imageUrl": "questions/images/1773821958254_9a26f021_q2_mov_listening_p3_d.png"}, {"answer": "E", "content": "", "imageUrl": "questions/images/1773821969531_b4dfeb68_q2_mov_listening_p3_e.png"}, {"answer": "F", "content": "", "imageUrl": "questions/images/1773821979260_eb9e14bd_q2_mov_listening_p3_f.png"}, {"answer": "G", "content": "", "imageUrl": "questions/images/1773821988059_e163a00c_q2_mov_listening_p3_g.png"}, {"answer": "H", "content": "", "imageUrl": "questions/images/1773821996505_d494fafb_q2_mov_listening_p3_h.png"}], "imageUrl": "questions/images/1773823237459_6e43d867_q2_mov_listening_p3_mum.png", "question": "Mum"}', '{"answer": "F"}', 1.00, 'MATCH_BY_WRITING_ANSWER', '', '70fc9012-71f5-4e93-bc33-d8e59a0329e0', '3', 3, 11, 'f4f0a584-4a52-4894-bb5e-ae6d9402f58f', 'b20281c9-edf4-44ad-b7ea-8e02f1efc0ad', 'LISTENING', false, null);
INSERT INTO public.questions (id, content, correct_answer, points, question_type, explanation, exam_id, part_id, part_no, question_number, group_id, question_bank_id, question_skill_type, is_example, suggested_answers) VALUES ('e8bb14d5-7d33-4e6c-8d21-68bbda41ac5e', '{"options": [{"answer": "A", "content": "", "imageUrl": "questions/images/1773821573608_e3b8d9ae_q2_mov_listening_p3_a.png"}, {"answer": "B", "content": "", "imageUrl": "questions/images/1773821941072_b9596927_q2_mov_listening_p3_b.png"}, {"answer": "C", "content": "", "imageUrl": "questions/images/1773821948369_36f6cb44_q2_mov_listening_p3_c.png"}, {"answer": "D", "content": "", "imageUrl": "questions/images/1773821958254_9a26f021_q2_mov_listening_p3_d.png"}, {"answer": "E", "content": "", "imageUrl": "questions/images/1773821969531_b4dfeb68_q2_mov_listening_p3_e.png"}, {"answer": "F", "content": "", "imageUrl": "questions/images/1773821979260_eb9e14bd_q2_mov_listening_p3_f.png"}, {"answer": "G", "content": "", "imageUrl": "questions/images/1773821988059_e163a00c_q2_mov_listening_p3_g.png"}, {"answer": "H", "content": "", "imageUrl": "questions/images/1773821996505_d494fafb_q2_mov_listening_p3_h.png"}], "imageUrl": "questions/images/1773823333905_67d227de_q2_mov_listening_p3_jack.png", "question": "Jack"}', '{"answer": "C"}', 1.00, 'MATCH_BY_WRITING_ANSWER', '', '70fc9012-71f5-4e93-bc33-d8e59a0329e0', '3', 3, 12, 'f4f0a584-4a52-4894-bb5e-ae6d9402f58f', '42a34ba9-2dad-466e-8f6f-d0480f5bd180', 'LISTENING', false, null);
INSERT INTO public.questions (id, content, correct_answer, points, question_type, explanation, exam_id, part_id, part_no, question_number, group_id, question_bank_id, question_skill_type, is_example, suggested_answers) VALUES ('12645c37-a5c9-4e6b-869d-e947f3f7ccf1', '{"hints": [], "title": "Nhìn tranh, kể truyện, điền từ để hoàn thành câu chuyện: ''A walk in the forest''", "content": "The girls walked to the river again. When they got there, they saw the bear. It had a fish. \"It''s eating its dinner,\" Jane said. They started to laugh. \"I''m hungry, too,\" said Daisy. \"Come on! Let''s go home!\" And they went back to the house to have their supper.", "imageUrl": "questions/images/1773884433261_2dda594a_q2_mov_rw_p5_3.png", "question": "All four {0} went back to the house.", "showHints": false}', '{"answers": ["girls"], "caseSensitive": false}', 1.00, 'FILL_IN_BLANK', '', '70fc9012-71f5-4e93-bc33-d8e59a0329e0', '10', 10, 45, '7d462c5f-7c02-464a-b539-6bc5d8a4a537', '5dc8e6fb-b5f3-4fc8-b477-f5296e9097e7', 'READING', false, null);
INSERT INTO public.questions (id, content, correct_answer, points, question_type, explanation, exam_id, part_id, part_no, question_number, group_id, question_bank_id, question_skill_type, is_example, suggested_answers) VALUES ('de1516c7-35c0-4c01-91af-55e8f88874b8', '{"title": "Nghe và trả lời", "content": "", "imageUrl": "questions/images/1773815971395_3a8c3db5_q2_mov_listening_p2.png", "question": "Day:"}', '{"answer": "last Wednesday"}', 1.00, 'ANSWER_THE_QUESTION', '', '70fc9012-71f5-4e93-bc33-d8e59a0329e0', '2', 2, 3, '300762a7-6caa-469b-a686-2543c82e9e0f', 'd82d8736-14f0-437e-9159-374be8f70088', 'LISTENING', false, null);
INSERT INTO public.questions (id, content, correct_answer, points, question_type, explanation, exam_id, part_id, part_no, question_number, group_id, question_bank_id, question_skill_type, is_example, suggested_answers) VALUES ('a81fe5fa-d15e-430b-8e3d-464db0b98ca0', '{"hints": [], "title": "Điền từ vào chỗ trống.", "content": "", "imageUrl": "questions/images/1773884776694_b573fcbc_q2_mov_rw_p6_1.png", "question": "The dog is {0}.", "showHints": false}', '{"answers": ["sleeping"], "caseSensitive": false}', 1.00, 'FILL_IN_BLANK', '', '70fc9012-71f5-4e93-bc33-d8e59a0329e0', '11', 11, 46, '11a7ad53-a3e1-4dae-8ca5-a00cbb8b80c0', '257e06ce-bf65-4a81-a1e1-3139a0a096f5', 'WRITING', true, null);
INSERT INTO public.questions (id, content, correct_answer, points, question_type, explanation, exam_id, part_id, part_no, question_number, group_id, question_bank_id, question_skill_type, is_example, suggested_answers) VALUES ('1dc6cc6d-64d8-48b9-93ff-040a2e4085fc', '{"options": [{"answer": "A", "content": "", "imageUrl": "questions/images/1773821573608_e3b8d9ae_q2_mov_listening_p3_a.png"}, {"answer": "B", "content": "", "imageUrl": "questions/images/1773821941072_b9596927_q2_mov_listening_p3_b.png"}, {"answer": "C", "content": "", "imageUrl": "questions/images/1773821948369_36f6cb44_q2_mov_listening_p3_c.png"}, {"answer": "D", "content": "", "imageUrl": "questions/images/1773821958254_9a26f021_q2_mov_listening_p3_d.png"}, {"answer": "E", "content": "", "imageUrl": "questions/images/1773821969531_b4dfeb68_q2_mov_listening_p3_e.png"}, {"answer": "F", "content": "", "imageUrl": "questions/images/1773821979260_eb9e14bd_q2_mov_listening_p3_f.png"}, {"answer": "G", "content": "", "imageUrl": "questions/images/1773821988059_e163a00c_q2_mov_listening_p3_g.png"}, {"answer": "H", "content": "", "imageUrl": "questions/images/1773821996505_d494fafb_q2_mov_listening_p3_h.png"}], "imageUrl": "questions/images/1773823640458_b2f8c432_q2_mov_listening_p3_dad.png", "question": "Dad"}', '{"answer": "G"}', 1.00, 'MATCH_BY_WRITING_ANSWER', '', '70fc9012-71f5-4e93-bc33-d8e59a0329e0', '3', 3, 13, 'f4f0a584-4a52-4894-bb5e-ae6d9402f58f', '0d9d18db-65c1-45d6-af8a-bd4eb449ffd6', 'LISTENING', false, null);
INSERT INTO public.questions (id, content, correct_answer, points, question_type, explanation, exam_id, part_id, part_no, question_number, group_id, question_bank_id, question_skill_type, is_example, suggested_answers) VALUES ('0606ee82-c2db-4e51-82b5-37d91e6f03d2', '{"title": "Trả lời câu hỏi", "content": "", "imageUrl": "questions/images/1773885102947_97c69997_q2_mov_rw_p6_1.png", "question": "Where is the dog?"}', '{"answer": "It is under the table."}', 1.00, 'ANSWER_THE_QUESTION', '', '70fc9012-71f5-4e93-bc33-d8e59a0329e0', '11', 11, 50, '11a7ad53-a3e1-4dae-8ca5-a00cbb8b80c0', '5547c528-9409-4577-b055-4a7b18ac065b', 'WRITING', false, null);
INSERT INTO public.questions (id, content, correct_answer, points, question_type, explanation, exam_id, part_id, part_no, question_number, group_id, question_bank_id, question_skill_type, is_example, suggested_answers) VALUES ('e8928e71-9544-42a8-81b1-8d474718b5df', '{"colorNodes": [{"id": "color-1773828169218", "color": "#FF00FF"}, {"id": "color-1773828244563", "color": "#00FF00"}, {"id": "color-1773828293550", "color": "#0000FF"}, {"id": "color-1773828492502", "color": "#FFFF00"}, {"id": "color-1773828535789", "color": "#FF0000"}], "regionNodes": [{"x": 16.6, "y": 64.5, "id": "region-1773828169218", "color": "#FF00FF", "width": 6, "height": 5, "linkedColorNodeId": "color-1773828169218"}, {"x": 41.6, "y": 74.8, "id": "region-1773828244563", "color": "#00FF00", "width": 6, "height": 5, "linkedColorNodeId": "color-1773828244563"}, {"x": 90.1, "y": 74.8, "id": "region-1773828293550", "color": "#0000FF", "width": 6, "height": 5, "linkedColorNodeId": "color-1773828293550"}, {"x": 54.8, "y": 51.4, "id": "region-1773828492502", "color": "#FFFF00", "width": 6, "height": 5, "linkedColorNodeId": "color-1773828492502"}, {"x": 27.8, "y": 32, "id": "region-1773828535789", "color": "#FF0000", "width": 6, "height": 5, "linkedColorNodeId": "color-1773828535789"}], "instructions": ["Colour the flower next to rock pink", "Colour the big fish green", "Colour the fat bird blue", "Colour the sweater of a girl wearing it yellow, as a star", "Colour the apple on the tree red"], "backgroundImageUrl": "questions/images/1773827675921_45c7ceae_q2_mov_listening_p5.png"}', '{"answers": {"region-1773828169218": "#FF00FF", "region-1773828244563": "#00FF00", "region-1773828293550": "#0000FF", "region-1773828492502": "#FFFF00", "region-1773828535789": "#FF0000"}}', 1.00, 'READ_AND_COLOR_OBJECTS', '', '70fc9012-71f5-4e93-bc33-d8e59a0329e0', '5', 5, 20, null, 'a8e593f7-6d99-4b54-b177-fda62c067d75', 'LISTENING', false, null);
INSERT INTO public.questions (id, content, correct_answer, points, question_type, explanation, exam_id, part_id, part_no, question_number, group_id, question_bank_id, question_skill_type, is_example, suggested_answers) VALUES ('f9ca9fe1-ad47-4aa9-9383-075fc5d83b5a', '{"options": [{"answer": "a pineapple", "content": "", "imageUrl": "questions/images/1773829174176_d571f61c_q2_mov_rw_p1_2.png"}, {"answer": "a stomach", "content": "", "imageUrl": "questions/images/1773829325378_5c811373_q2_mov_rw_p1_3.png"}, {"answer": "a dog", "content": "", "imageUrl": "questions/images/1773829335790_6240fa5e_q2_mov_rw_p1_1.png"}, {"answer": "tea", "content": "", "imageUrl": "questions/images/1773829450326_6e0975c5_q2_mov_rw_p1_4.png"}, {"answer": "a moustache", "content": "", "imageUrl": "questions/images/1773829482485_aa21402c_q2_mov_rw_p1_5.png"}, {"answer": "a neck", "content": "", "imageUrl": "questions/images/1773829494691_f43b4f42_q2_mov_rw_p1_6.png"}, {"answer": "watermelon", "content": "", "imageUrl": "questions/images/1773829509066_f3bb2eb2_q2_mov_rw_p1_7.png"}, {"answer": "a parrot", "content": "", "imageUrl": "questions/images/1773829521584_356a4a99_q2_mov_rw_p1_8.png"}], "question": "This animal has four legs. Many people have one at home."}', '{"answer": "a dog"}', 1.00, 'MATCH_BY_WRITING_ANSWER', '', '70fc9012-71f5-4e93-bc33-d8e59a0329e0', '6', 6, 21, '0454db4a-ca8d-4aaa-b686-93019011a195', 'd7e25ff7-fcc1-403d-b367-36f510efa8d6', 'READING', true, null);
INSERT INTO public.questions (id, content, correct_answer, points, question_type, explanation, exam_id, part_id, part_no, question_number, group_id, question_bank_id, question_skill_type, is_example, suggested_answers) VALUES ('27e55a13-b2d7-4f0a-b305-5edc7b06a86c', '{"options": ["Yes, I do.", "No, it isn''t.", "Yes, I like it."], "imageUrl": "questions/images/1773830107181_5725e724_q2_mov_rw_p2.png", "question": "Do you like eggs?", "askerName": "Mary", "optionType": "text", "answererName": "Jack"}', '{"answer": 0}', 1.00, 'CHOOSE_THE_CORRECT_ANSWER', '', '70fc9012-71f5-4e93-bc33-d8e59a0329e0', '7', 7, 29, 'bb575263-8012-4f04-8d8e-dacdb0060598', '46ba4b49-2eca-464a-b0d8-3b946031d43a', 'READING', false, null);
INSERT INTO public.questions (id, content, correct_answer, points, question_type, explanation, exam_id, part_id, part_no, question_number, group_id, question_bank_id, question_skill_type, is_example, suggested_answers) VALUES ('def0d4e6-30e9-4184-ab95-28a31c4e250a', '{"hints": [], "title": "Nhìn tranh, kể truyện, điền từ để hoàn thành câu chuyện: ''A walk in the forest''", "content": "Daisy lives with her parents and three sisters, Vicky, Sally and Jane, in the city. Last month, they went on holiday to the mountains. On the first day, the girls went for a walk in the forest.", "imageUrl": "questions/images/1773883159520_309bce44_q2_mov_rw_p5_1.png", "question": "The girls walked {0} on the first day.", "showHints": false}', '{"answers": ["in the forest"], "caseSensitive": false}', 1.00, 'FILL_IN_BLANK', '', '70fc9012-71f5-4e93-bc33-d8e59a0329e0', '10', 10, 40, '22e8392f-4e85-4239-bf24-5c2984d0f32e', '984498c0-b164-4ae5-b7d3-78c956091b6a', 'READING', false, null);
INSERT INTO public.questions (id, content, correct_answer, points, question_type, explanation, exam_id, part_id, part_no, question_number, group_id, question_bank_id, question_skill_type, is_example, suggested_answers) VALUES ('04f412c9-cecf-4d8e-85a3-144e10522e3d', '{"options": [{"answer": "a pineapple", "content": "", "imageUrl": "questions/images/1773829174176_d571f61c_q2_mov_rw_p1_2.png"}, {"answer": "a stomach", "content": "", "imageUrl": "questions/images/1773829325378_5c811373_q2_mov_rw_p1_3.png"}, {"answer": "a dog", "content": "", "imageUrl": "questions/images/1773829335790_6240fa5e_q2_mov_rw_p1_1.png"}, {"answer": "tea", "content": "", "imageUrl": "questions/images/1773829450326_6e0975c5_q2_mov_rw_p1_4.png"}, {"answer": "a moustache", "content": "", "imageUrl": "questions/images/1773829482485_aa21402c_q2_mov_rw_p1_5.png"}, {"answer": "a neck", "content": "", "imageUrl": "questions/images/1773829494691_f43b4f42_q2_mov_rw_p1_6.png"}, {"answer": "watermelon", "content": "", "imageUrl": "questions/images/1773829509066_f3bb2eb2_q2_mov_rw_p1_7.png"}, {"answer": "a parrot", "content": "", "imageUrl": "questions/images/1773829521584_356a4a99_q2_mov_rw_p1_8.png"}], "question": "This is a part of your body above your legs. Food goes here."}', '{"answer": "a stomach"}', 1.00, 'MATCH_BY_WRITING_ANSWER', '', '70fc9012-71f5-4e93-bc33-d8e59a0329e0', '6', 6, 22, '0454db4a-ca8d-4aaa-b686-93019011a195', '8a6064fd-9eeb-4ba7-aa42-cfa9a3ef5042', 'READING', false, null);
INSERT INTO public.questions (id, content, correct_answer, points, question_type, explanation, exam_id, part_id, part_no, question_number, group_id, question_bank_id, question_skill_type, is_example, suggested_answers) VALUES ('54850e02-68a8-4745-8dd9-26aa381ef017', '{"hints": [], "title": "Điền từ vào chỗ trống.", "content": "", "imageUrl": "questions/images/1773884776694_b573fcbc_q2_mov_rw_p6_1.png", "question": "Where is the large robot? {0}", "showHints": false}', '{"answers": ["On the floor"], "caseSensitive": true}', 1.00, 'FILL_IN_BLANK', '', '70fc9012-71f5-4e93-bc33-d8e59a0329e0', '11', 11, 47, '11a7ad53-a3e1-4dae-8ca5-a00cbb8b80c0', '71234f7b-f0ca-43a7-9c48-6a2f53531fe0', 'WRITING', true, null);
INSERT INTO public.questions (id, content, correct_answer, points, question_type, explanation, exam_id, part_id, part_no, question_number, group_id, question_bank_id, question_skill_type, is_example, suggested_answers) VALUES ('82f79075-4a1d-4e00-a28c-4cc4b03a79bf', '{"options": [{"answer": "a pineapple", "content": "", "imageUrl": "questions/images/1773829174176_d571f61c_q2_mov_rw_p1_2.png"}, {"answer": "a stomach", "content": "", "imageUrl": "questions/images/1773829325378_5c811373_q2_mov_rw_p1_3.png"}, {"answer": "a dog", "content": "", "imageUrl": "questions/images/1773829335790_6240fa5e_q2_mov_rw_p1_1.png"}, {"answer": "tea", "content": "", "imageUrl": "questions/images/1773829450326_6e0975c5_q2_mov_rw_p1_4.png"}, {"answer": "a moustache", "content": "", "imageUrl": "questions/images/1773829482485_aa21402c_q2_mov_rw_p1_5.png"}, {"answer": "a neck", "content": "", "imageUrl": "questions/images/1773829494691_f43b4f42_q2_mov_rw_p1_6.png"}, {"answer": "watermelon", "content": "", "imageUrl": "questions/images/1773829509066_f3bb2eb2_q2_mov_rw_p1_7.png"}, {"answer": "a parrot", "content": "", "imageUrl": "questions/images/1773829521584_356a4a99_q2_mov_rw_p1_8.png"}], "question": "You drink this in a cup. It is hot and brown."}', '{"answer": "tea"}', 1.00, 'MATCH_BY_WRITING_ANSWER', '', '70fc9012-71f5-4e93-bc33-d8e59a0329e0', '6', 6, 23, '0454db4a-ca8d-4aaa-b686-93019011a195', '3b430a91-55a4-4a14-9352-ecfceb550ee4', 'READING', false, null);
INSERT INTO public.questions (id, content, correct_answer, points, question_type, explanation, exam_id, part_id, part_no, question_number, group_id, question_bank_id, question_skill_type, is_example, suggested_answers) VALUES ('24b5f4a2-919c-496a-9abf-0fc12d0fd224', '{"options": [{"answer": "a pineapple", "content": "", "imageUrl": "questions/images/1773829174176_d571f61c_q2_mov_rw_p1_2.png"}, {"answer": "a stomach", "content": "", "imageUrl": "questions/images/1773829325378_5c811373_q2_mov_rw_p1_3.png"}, {"answer": "a dog", "content": "", "imageUrl": "questions/images/1773829335790_6240fa5e_q2_mov_rw_p1_1.png"}, {"answer": "tea", "content": "", "imageUrl": "questions/images/1773829450326_6e0975c5_q2_mov_rw_p1_4.png"}, {"answer": "a moustache", "content": "", "imageUrl": "questions/images/1773829482485_aa21402c_q2_mov_rw_p1_5.png"}, {"answer": "a neck", "content": "", "imageUrl": "questions/images/1773829494691_f43b4f42_q2_mov_rw_p1_6.png"}, {"answer": "watermelon", "content": "", "imageUrl": "questions/images/1773829509066_f3bb2eb2_q2_mov_rw_p1_7.png"}, {"answer": "a parrot", "content": "", "imageUrl": "questions/images/1773829521584_356a4a99_q2_mov_rw_p1_8.png"}], "question": "This animal can fly and it often lives in the jungle."}', '{"answer": "a parrot"}', 1.00, 'MATCH_BY_WRITING_ANSWER', '', '70fc9012-71f5-4e93-bc33-d8e59a0329e0', '6', 6, 24, '0454db4a-ca8d-4aaa-b686-93019011a195', 'f2a996b5-2f38-472c-b411-0a7d6e2b73e5', 'READING', false, null);
INSERT INTO public.questions (id, content, correct_answer, points, question_type, explanation, exam_id, part_id, part_no, question_number, group_id, question_bank_id, question_skill_type, is_example, suggested_answers) VALUES ('37ba9073-5799-40a7-872f-038648586192', '{"title": "Trả lời câu hỏi", "content": "", "imageUrl": "questions/images/1773885102947_97c69997_q2_mov_rw_p6_1.png", "question": "Where is the cat?"}', '{"answer": "It is on the chair."}', 1.00, 'ANSWER_THE_QUESTION', '', '70fc9012-71f5-4e93-bc33-d8e59a0329e0', '11', 11, 51, '11a7ad53-a3e1-4dae-8ca5-a00cbb8b80c0', '7e6b7bfb-7af9-4e8c-a170-136ce481ba8b', 'WRITING', false, null);
INSERT INTO public.questions (id, content, correct_answer, points, question_type, explanation, exam_id, part_id, part_no, question_number, group_id, question_bank_id, question_skill_type, is_example, suggested_answers) VALUES ('4d0acb57-be54-42b2-b1fb-d3cf551ca95a', '{"options": [{"answer": "a pineapple", "content": "", "imageUrl": "questions/images/1773829174176_d571f61c_q2_mov_rw_p1_2.png"}, {"answer": "a stomach", "content": "", "imageUrl": "questions/images/1773829325378_5c811373_q2_mov_rw_p1_3.png"}, {"answer": "a dog", "content": "", "imageUrl": "questions/images/1773829335790_6240fa5e_q2_mov_rw_p1_1.png"}, {"answer": "tea", "content": "", "imageUrl": "questions/images/1773829450326_6e0975c5_q2_mov_rw_p1_4.png"}, {"answer": "a moustache", "content": "", "imageUrl": "questions/images/1773829482485_aa21402c_q2_mov_rw_p1_5.png"}, {"answer": "a neck", "content": "", "imageUrl": "questions/images/1773829494691_f43b4f42_q2_mov_rw_p1_6.png"}, {"answer": "watermelon", "content": "", "imageUrl": "questions/images/1773829509066_f3bb2eb2_q2_mov_rw_p1_7.png"}, {"answer": "a parrot", "content": "", "imageUrl": "questions/images/1773829521584_356a4a99_q2_mov_rw_p1_8.png"}], "question": "This hair is on your face. It is above your mouth and under your nose."}', '{"answer": "a moustache"}', 1.00, 'MATCH_BY_WRITING_ANSWER', '', '70fc9012-71f5-4e93-bc33-d8e59a0329e0', '6', 6, 25, '0454db4a-ca8d-4aaa-b686-93019011a195', 'e013f193-051a-4ad7-9779-e04c1b93480d', 'READING', false, null);
INSERT INTO public.questions (id, content, correct_answer, points, question_type, explanation, exam_id, part_id, part_no, question_number, group_id, question_bank_id, question_skill_type, is_example, suggested_answers) VALUES ('17d930c6-7fd2-4455-85a4-a3aa0860ea2e', '{"options": [{"answer": "a pineapple", "content": "", "imageUrl": "questions/images/1773829174176_d571f61c_q2_mov_rw_p1_2.png"}, {"answer": "a stomach", "content": "", "imageUrl": "questions/images/1773829325378_5c811373_q2_mov_rw_p1_3.png"}, {"answer": "a dog", "content": "", "imageUrl": "questions/images/1773829335790_6240fa5e_q2_mov_rw_p1_1.png"}, {"answer": "tea", "content": "", "imageUrl": "questions/images/1773829450326_6e0975c5_q2_mov_rw_p1_4.png"}, {"answer": "a moustache", "content": "", "imageUrl": "questions/images/1773829482485_aa21402c_q2_mov_rw_p1_5.png"}, {"answer": "a neck", "content": "", "imageUrl": "questions/images/1773829494691_f43b4f42_q2_mov_rw_p1_6.png"}, {"answer": "watermelon", "content": "", "imageUrl": "questions/images/1773829509066_f3bb2eb2_q2_mov_rw_p1_7.png"}, {"answer": "a parrot", "content": "", "imageUrl": "questions/images/1773829521584_356a4a99_q2_mov_rw_p1_8.png"}], "question": "People have this between their head and their shoulders."}', '{"answer": "a neck"}', 1.00, 'MATCH_BY_WRITING_ANSWER', '', '70fc9012-71f5-4e93-bc33-d8e59a0329e0', '6', 6, 26, '0454db4a-ca8d-4aaa-b686-93019011a195', '1e391213-9a86-411b-afc0-c4fa96b5eb3b', 'READING', false, null);
INSERT INTO public.questions (id, content, correct_answer, points, question_type, explanation, exam_id, part_id, part_no, question_number, group_id, question_bank_id, question_skill_type, is_example, suggested_answers) VALUES ('e37409d3-e9fd-432a-abd0-bea9f0bf611c', '{"options": ["Fred''s friends", "Fred''s weekend", "Fred''s favourite food"], "question": "Now choose the best name for the story. ", "optionType": "text"}', '{"answer": 1}', 1.00, 'CHOOSE_THE_CORRECT_ANSWER', '', '70fc9012-71f5-4e93-bc33-d8e59a0329e0', '8', 8, 35, null, 'ee1170c0-b696-4f03-a5cd-80e9a563492f', 'READING', false, null);
INSERT INTO public.questions (id, content, correct_answer, points, question_type, explanation, exam_id, part_id, part_no, question_number, group_id, question_bank_id, question_skill_type, is_example, suggested_answers) VALUES ('bd3b0215-c384-48b4-8856-6ec68c489e20', '{"title": "", "viewMode": "WITH_WORD_BANK", "wordBank": [{"word": "football", "imageUrl": "questions/images/1773878607631_442d1a82_q2_rw_mov_p3_1.png", "isExample": true}, {"word": "burger", "imageUrl": "questions/images/1773878618668_68dacea8_q2_rw_mov_p3_2.png"}, {"word": "walked", "imageUrl": "questions/images/1773878622840_4e55c3eb_q2_rw_mov_p3_3.png"}, {"word": "eat", "imageUrl": "questions/images/1773878630919_e5dbbe80_q2_rw_mov_p3_4.png"}, {"word": "homework", "imageUrl": "questions/images/1773878637645_af93d31d_q2_rw_mov_p3_5.png"}, {"word": "dog", "imageUrl": "questions/images/1773878652898_2e7c9b8d_q2_rw_mov_p3_6.png"}, {"word": "rode", "imageUrl": "questions/images/1773878662243_8c3279b5_q2_rw_mov_p3_7.png"}, {"word": "jumped", "imageUrl": "questions/images/1773878670620_06f2a4c2_q2_rw_mov_p3_8.png"}, {"word": "milk", "imageUrl": "questions/images/1773878680593_f10f2b85_q2_rw_mov_p3_9.png"}], "paragraph": "My name is Fred. I like computers, comic books and {0}. At the weekend, I like to play sport. I also like to do things with my family and friends. Yesterday, my sister and I {1} to the park and played with Dan, our {2}. At the park, there were other children that we knew. We played games with them, too. Today, my friend, Jim, and I {3} our bikes down by the beach. We went for a swim and then came home to {4} something because we were hungry. My mother made us some lunch. We had a burger and some chips. It was very nice but my favourite food is chicken and potatoes. Tomorrow is Monday so I must do my {5} tonight. Yes, I work and I play at the weekend!", "exampleAnswer": ["football"]}', '{"answers": ["football", "walked", "dog", "rode", "eat", "homework"], "example": ["football"], "caseSensitive": false}', 1.00, 'WORD_FILL_PARAGRAPH', '', '70fc9012-71f5-4e93-bc33-d8e59a0329e0', '8', 8, 34, null, 'd29e8af4-952a-4a38-bcb7-b8e99e5eb489', 'READING', false, null);
INSERT INTO public.questions (id, content, correct_answer, points, question_type, explanation, exam_id, part_id, part_no, question_number, group_id, question_bank_id, question_skill_type, is_example, suggested_answers) VALUES ('7a2b7d96-ad2e-4037-bfbd-9647bab17d69', '{"hints": [], "title": "Điền từ vào chỗ trống.", "content": "", "imageUrl": "questions/images/1773884776694_b573fcbc_q2_mov_rw_p6_1.png", "question": "The girl on the floor is wearing blue {0}.", "showHints": false}', '{"answers": ["shorts"], "caseSensitive": false}', 1.00, 'FILL_IN_BLANK', '', '70fc9012-71f5-4e93-bc33-d8e59a0329e0', '11', 11, 48, '11a7ad53-a3e1-4dae-8ca5-a00cbb8b80c0', '39b5f89a-39cc-4eca-9b65-3dddac7aeb44', 'WRITING', false, null);
INSERT INTO public.questions (id, content, correct_answer, points, question_type, explanation, exam_id, part_id, part_no, question_number, group_id, question_bank_id, question_skill_type, is_example, suggested_answers) VALUES ('92ba97ca-fd8c-4bb7-959c-a376d6961570', '{"title": "The sandwich", "imageUrl": "questions/images/1773879071850_03a62bba_q2_rw_mov_p4.png", "viewMode": "WITH_OPTIONS", "wordBank": [{"options": ["am", "is", "are"], "isExample": true}, {"options": ["can", "do", "be"]}, {"options": ["in", "from", "for"]}, {"options": ["make", "made", "making"]}, {"options": ["the", "an", "a"]}, {"options": ["about", "after", "above"]}], "paragraph": "The sandwich {0} a food which many people enjoy. You {1} eat it anywhere, for example outside or at home. In many countries, people eat sandwiches {2} lunch at work or at school. They are very easy to {3}. You can have them with cheese, meat, tomato or any food you like. But you must use bread to make {4} sandwich.\nBut who ate sandwiches first? There are many stories {5} sandwiches and the first\npeople who ate them. Today people all over the world make them at home or buy them from the supermarket!"}', '{"answers": ["is", "can", "for", "make", "a", "about"], "caseSensitive": false}', 1.00, 'WORD_FILL_PARAGRAPH', '', '70fc9012-71f5-4e93-bc33-d8e59a0329e0', '9', 9, 36, null, '82495935-2d6c-47c4-95a9-023026c9af07', 'READING', false, null);
INSERT INTO public.questions (id, content, correct_answer, points, question_type, explanation, exam_id, part_id, part_no, question_number, group_id, question_bank_id, question_skill_type, is_example, suggested_answers) VALUES ('a2260911-eb5b-4f39-8cc8-647edb0c71e6', '{"hints": [], "title": "Nhìn tranh, kể truyện, điền từ để hoàn thành câu chuyện: ''A walk in the forest''", "content": "They walked slowly and quietly for two hours. They saw birds and they saw some fish which were swimming in the river. Then, they saw a big brown bear. The children shouted, \"Help!\" and started to run. They were very frightened. Jane stopped and looked back. \"Stop!\" she shouted loudly and all the girls stopped. \"What''s the matter?\" they asked Jane. When they looked again, they couldn''t see the bear.", "imageUrl": "questions/images/1773883656748_24bfd055_q2_mov_rw_p5_2.png", "question": "The girls walked for {0}.", "showHints": false}', '{"answers": ["two hours"], "caseSensitive": false}', 1.00, 'FILL_IN_BLANK', '', '70fc9012-71f5-4e93-bc33-d8e59a0329e0', '10', 10, 41, '5c4a2e65-04aa-4540-8e96-68bf215e9e10', '64731592-72df-4419-8ff2-dd2886533a53', 'READING', false, null);
INSERT INTO public.questions (id, content, correct_answer, points, question_type, explanation, exam_id, part_id, part_no, question_number, group_id, question_bank_id, question_skill_type, is_example, suggested_answers) VALUES ('df45acf5-c186-46b6-a52a-82ea2f0fb090', '{"title": "Viết 2 câu nói về bức ảnh.", "content": "", "imageUrl": "questions/images/1773885370787_b4400319_q2_mov_rw_p6_1.png", "instruction": "Now write two sentences about the picture.", "sentenceCount": 2}', '{}', 1.00, 'WRITE_SENTENCES', '', '70fc9012-71f5-4e93-bc33-d8e59a0329e0', '11', 11, 52, '11a7ad53-a3e1-4dae-8ca5-a00cbb8b80c0', '4a286765-3f65-40b6-8548-fde779450d48', 'WRITING', false, null);
INSERT INTO public.questions (id, content, correct_answer, points, question_type, explanation, exam_id, part_id, part_no, question_number, group_id, question_bank_id, question_skill_type, is_example, suggested_answers) VALUES ('9307e37c-b825-45b9-809e-7fc5d616fcb2', '{"hints": [], "title": "Nhìn tranh, kể truyện, điền từ để hoàn thành câu chuyện: ''A walk in the forest''", "content": "They walked slowly and quietly for two hours. They saw birds and they saw some fish which were swimming in the river. Then, they saw a big brown bear. The children shouted, \"Help!\" and started to run. They were very frightened. Jane stopped and looked back. \"Stop!\" she shouted loudly and all the girls stopped. \"What''s the matter?\" they asked Jane. When they looked again, they couldn''t see the bear.", "imageUrl": "questions/images/1773883656748_24bfd055_q2_mov_rw_p5_2.png", "question": "They saw birds, {0} and a bear.", "showHints": false}', '{"answers": ["some fish"], "caseSensitive": false}', 1.00, 'FILL_IN_BLANK', '', '70fc9012-71f5-4e93-bc33-d8e59a0329e0', '10', 10, 42, '5c4a2e65-04aa-4540-8e96-68bf215e9e10', 'eed7456b-088e-45e4-9171-892958510192', 'READING', false, null);
INSERT INTO public.questions (id, content, correct_answer, points, question_type, explanation, exam_id, part_id, part_no, question_number, group_id, question_bank_id, question_skill_type, is_example, suggested_answers) VALUES ('6935d121-efb8-4b06-9dbf-4fde08df0893', '{"hints": [], "title": "Nhìn tranh, kể truyện, điền từ để hoàn thành câu chuyện: ''A walk in the forest''", "content": "They walked slowly and quietly for two hours. They saw birds and they saw some fish which were swimming in the river. Then, they saw a big brown bear. The children shouted, \"Help!\" and started to run. They were very frightened. Jane stopped and looked back. \"Stop!\" she shouted loudly and all the girls stopped. \"What''s the matter?\" they asked Jane. When they looked again, they couldn''t see the bear.", "imageUrl": "questions/images/1773883656748_24bfd055_q2_mov_rw_p5_2.png", "question": "All the children {0} and started to run when they saw a bear.", "showHints": false}', '{"answers": ["shouted"], "caseSensitive": false}', 1.00, 'FILL_IN_BLANK', '', '70fc9012-71f5-4e93-bc33-d8e59a0329e0', '10', 10, 43, '5c4a2e65-04aa-4540-8e96-68bf215e9e10', '6dfaf54d-be54-4932-9939-8fa5e6e0e8da', 'READING', false, null);
INSERT INTO public.exam_questions (id, exam_id, question_id, position, part_id, part_no, points) VALUES ('388d505c-f657-42de-b1f5-466b4e67b453', 'bc8be3cb-17a5-4e0c-bf38-f647321eb2eb', '20dd7811-58e3-47f7-8751-33f8ec417235', 1, '1', 1, null);
INSERT INTO public.exam_questions (id, exam_id, question_id, position, part_id, part_no, points) VALUES ('090ecb71-e6e7-44e1-ace7-c1e985905cbe', 'bc8be3cb-17a5-4e0c-bf38-f647321eb2eb', '734b32cf-e351-4397-9fb1-c6c54e0d8e8c', 2, '2', 2, null);
INSERT INTO public.exam_questions (id, exam_id, question_id, position, part_id, part_no, points) VALUES ('3675b6c2-6719-41ab-a885-90107a0b5c59', 'bc8be3cb-17a5-4e0c-bf38-f647321eb2eb', 'de1516c7-35c0-4c01-91af-55e8f88874b8', 3, '2', 2, null);
INSERT INTO public.exam_questions (id, exam_id, question_id, position, part_id, part_no, points) VALUES ('626978ee-f9ef-439e-b5e2-54dd529407c9', 'bc8be3cb-17a5-4e0c-bf38-f647321eb2eb', 'a1092e52-e131-44eb-b249-6c178694b603', 4, '2', 2, null);
INSERT INTO public.exam_questions (id, exam_id, question_id, position, part_id, part_no, points) VALUES ('75dfc355-d3ba-45bc-9c47-fe590b54f8d1', 'bc8be3cb-17a5-4e0c-bf38-f647321eb2eb', 'a14f3fc1-414e-4610-82e3-515cc45d97d7', 5, '2', 2, null);
INSERT INTO public.exam_questions (id, exam_id, question_id, position, part_id, part_no, points) VALUES ('eb17375e-ba54-4a38-9c6e-9598f4aa100e', 'bc8be3cb-17a5-4e0c-bf38-f647321eb2eb', '84383780-dca2-4d51-95ec-2cf65dfcc382', 6, '2', 2, null);
INSERT INTO public.exam_questions (id, exam_id, question_id, position, part_id, part_no, points) VALUES ('660cebf2-abf7-47e0-81bc-dbaa584bb8c9', 'bc8be3cb-17a5-4e0c-bf38-f647321eb2eb', '3f43371a-0d7a-4ef5-a07c-7ee2e6e09557', 7, '2', 2, null);
INSERT INTO public.exam_questions (id, exam_id, question_id, position, part_id, part_no, points) VALUES ('ff226024-729a-4238-8149-6c81f0144476', 'bc8be3cb-17a5-4e0c-bf38-f647321eb2eb', 'daee0e01-f2a4-4e40-85da-713414439ce4', 8, '3', 3, null);
INSERT INTO public.exam_questions (id, exam_id, question_id, position, part_id, part_no, points) VALUES ('769da4aa-3c48-4b2c-9ac1-7932363cde96', 'bc8be3cb-17a5-4e0c-bf38-f647321eb2eb', '7f0bdd1a-95bf-42a9-9982-57269eaf36c2', 9, '3', 3, null);
INSERT INTO public.exam_questions (id, exam_id, question_id, position, part_id, part_no, points) VALUES ('520245fd-a364-40b5-89e4-cee513bb7a19', 'bc8be3cb-17a5-4e0c-bf38-f647321eb2eb', '6e3d9897-0a53-4e41-8b89-42505ef9be4d', 10, '3', 3, null);
INSERT INTO public.exam_questions (id, exam_id, question_id, position, part_id, part_no, points) VALUES ('377e6484-bacb-427b-b597-edfc772edf5d', 'bc8be3cb-17a5-4e0c-bf38-f647321eb2eb', '16632020-c6ba-4550-b00c-f7673ebacbbb', 11, '3', 3, null);
INSERT INTO public.exam_questions (id, exam_id, question_id, position, part_id, part_no, points) VALUES ('8c88b60d-2a60-4ed2-a72d-d1ff9723f397', 'bc8be3cb-17a5-4e0c-bf38-f647321eb2eb', 'e8bb14d5-7d33-4e6c-8d21-68bbda41ac5e', 12, '3', 3, null);
INSERT INTO public.exam_questions (id, exam_id, question_id, position, part_id, part_no, points) VALUES ('f82809a2-66c4-4bf7-9d36-0f47d6a69377', 'bc8be3cb-17a5-4e0c-bf38-f647321eb2eb', '1dc6cc6d-64d8-48b9-93ff-040a2e4085fc', 13, '3', 3, null);
INSERT INTO public.exam_questions (id, exam_id, question_id, position, part_id, part_no, points) VALUES ('a27023fb-5ebe-40c1-a51b-681954f3398c', 'bc8be3cb-17a5-4e0c-bf38-f647321eb2eb', '66ca9459-4340-403a-8305-eef79278b201', 14, '4', 4, null);
INSERT INTO public.exam_questions (id, exam_id, question_id, position, part_id, part_no, points) VALUES ('394e59d9-8c2d-4c05-859f-ac37cefe5b4b', 'bc8be3cb-17a5-4e0c-bf38-f647321eb2eb', 'd721a0dd-2e2b-449e-aabb-8b5fcb03e763', 15, '4', 4, null);
INSERT INTO public.exam_questions (id, exam_id, question_id, position, part_id, part_no, points) VALUES ('b874c216-c816-4e19-862e-cdac54285ba9', 'bc8be3cb-17a5-4e0c-bf38-f647321eb2eb', '47157844-ca4b-45ba-9d2e-0e981142dd96', 16, '4', 4, null);
INSERT INTO public.exam_questions (id, exam_id, question_id, position, part_id, part_no, points) VALUES ('c6f09c8f-4fd0-4b4a-be95-67a0d2ce606c', 'bc8be3cb-17a5-4e0c-bf38-f647321eb2eb', '6b036679-c499-4a90-a1e3-5b3255d684c6', 17, '4', 4, null);
INSERT INTO public.exam_questions (id, exam_id, question_id, position, part_id, part_no, points) VALUES ('e38aa991-679a-4bf1-8a90-315e2119bdfd', 'bc8be3cb-17a5-4e0c-bf38-f647321eb2eb', 'a994bb11-c22d-4b63-82bf-c997fd6a084a', 18, '4', 4, null);
INSERT INTO public.exam_questions (id, exam_id, question_id, position, part_id, part_no, points) VALUES ('bcebf094-4348-401d-a324-bb5aa747c2aa', 'bc8be3cb-17a5-4e0c-bf38-f647321eb2eb', 'e74e2413-4cef-45c2-9692-21f5adebeca9', 19, '4', 4, null);
INSERT INTO public.exam_questions (id, exam_id, question_id, position, part_id, part_no, points) VALUES ('05ab61c6-4aef-4095-b9b3-f5163a2c55f9', 'bc8be3cb-17a5-4e0c-bf38-f647321eb2eb', 'e8928e71-9544-42a8-81b1-8d474718b5df', 20, '5', 5, null);
INSERT INTO public.exam_questions (id, exam_id, question_id, position, part_id, part_no, points) VALUES ('f1a6fccf-a578-4c38-b64e-1ff274750495', 'bc8be3cb-17a5-4e0c-bf38-f647321eb2eb', 'f9ca9fe1-ad47-4aa9-9383-075fc5d83b5a', 21, '6', 6, null);
INSERT INTO public.exam_questions (id, exam_id, question_id, position, part_id, part_no, points) VALUES ('9aa44feb-3344-4113-9a05-99c2cee6768b', 'bc8be3cb-17a5-4e0c-bf38-f647321eb2eb', '04f412c9-cecf-4d8e-85a3-144e10522e3d', 22, '6', 6, null);
INSERT INTO public.exam_questions (id, exam_id, question_id, position, part_id, part_no, points) VALUES ('61230962-5a79-4b12-a53b-d38e32560583', 'bc8be3cb-17a5-4e0c-bf38-f647321eb2eb', '82f79075-4a1d-4e00-a28c-4cc4b03a79bf', 23, '6', 6, null);
INSERT INTO public.exam_questions (id, exam_id, question_id, position, part_id, part_no, points) VALUES ('92a744ed-5b9a-4e72-b36a-22f3898a08c5', 'bc8be3cb-17a5-4e0c-bf38-f647321eb2eb', '24b5f4a2-919c-496a-9abf-0fc12d0fd224', 24, '6', 6, null);
INSERT INTO public.exam_questions (id, exam_id, question_id, position, part_id, part_no, points) VALUES ('53892ec1-f39b-4901-b7d1-cbfa463b2108', 'bc8be3cb-17a5-4e0c-bf38-f647321eb2eb', '4d0acb57-be54-42b2-b1fb-d3cf551ca95a', 25, '6', 6, null);
INSERT INTO public.exam_questions (id, exam_id, question_id, position, part_id, part_no, points) VALUES ('f9725df2-9bf8-4594-86f0-54072e04981e', 'bc8be3cb-17a5-4e0c-bf38-f647321eb2eb', '17d930c6-7fd2-4455-85a4-a3aa0860ea2e', 26, '6', 6, null);
INSERT INTO public.exam_questions (id, exam_id, question_id, position, part_id, part_no, points) VALUES ('d14b1d1b-7dcc-4593-88a9-da3da9681fcc', 'bc8be3cb-17a5-4e0c-bf38-f647321eb2eb', '8460dd40-d4c3-4f52-926e-de41eeb9557e', 27, '7', 7, null);
INSERT INTO public.exam_questions (id, exam_id, question_id, position, part_id, part_no, points) VALUES ('c4d4f330-3e4b-43c1-8275-258c0026ef96', 'bc8be3cb-17a5-4e0c-bf38-f647321eb2eb', '00d586ad-0ee0-409b-bfc0-65f59d7eb318', 28, '7', 7, null);
INSERT INTO public.exam_questions (id, exam_id, question_id, position, part_id, part_no, points) VALUES ('086e4793-f864-4529-b2c8-23e3f78e2ced', 'bc8be3cb-17a5-4e0c-bf38-f647321eb2eb', '27e55a13-b2d7-4f0a-b305-5edc7b06a86c', 29, '7', 7, null);
INSERT INTO public.exam_questions (id, exam_id, question_id, position, part_id, part_no, points) VALUES ('77ef43c4-bb9e-4f78-8236-78a780c94475', 'bc8be3cb-17a5-4e0c-bf38-f647321eb2eb', 'bb98d01b-7693-4f4a-8a88-f6985564e578', 30, '7', 7, null);
INSERT INTO public.exam_questions (id, exam_id, question_id, position, part_id, part_no, points) VALUES ('979970e2-764a-4446-a37b-9c3937629804', 'bc8be3cb-17a5-4e0c-bf38-f647321eb2eb', '4f9cacc1-43f3-4a71-a5a8-d458374d480b', 31, '7', 7, null);
INSERT INTO public.exam_questions (id, exam_id, question_id, position, part_id, part_no, points) VALUES ('02fd09ba-51e0-4d22-8ff9-9eb4e8c2124e', 'bc8be3cb-17a5-4e0c-bf38-f647321eb2eb', '1c2313d3-9dc7-43f3-8812-8f207a207d8e', 32, '7', 7, null);
INSERT INTO public.exam_questions (id, exam_id, question_id, position, part_id, part_no, points) VALUES ('bb8f6d25-4c2c-4be5-86a2-815e6ca1a75f', 'bc8be3cb-17a5-4e0c-bf38-f647321eb2eb', 'cde102d3-9eed-4b2d-86dd-801ab1f8d781', 33, '7', 7, null);
INSERT INTO public.exam_questions (id, exam_id, question_id, position, part_id, part_no, points) VALUES ('3319fc0d-1d45-4105-81a1-22fdd8d82b6a', 'bc8be3cb-17a5-4e0c-bf38-f647321eb2eb', 'bd3b0215-c384-48b4-8856-6ec68c489e20', 34, '8', 8, null);
INSERT INTO public.exam_questions (id, exam_id, question_id, position, part_id, part_no, points) VALUES ('283da56e-7e5c-4da1-a5d9-ae6f864d60f6', 'bc8be3cb-17a5-4e0c-bf38-f647321eb2eb', 'e37409d3-e9fd-432a-abd0-bea9f0bf611c', 35, '8', 8, null);
INSERT INTO public.exam_questions (id, exam_id, question_id, position, part_id, part_no, points) VALUES ('106f8909-dd69-4734-ac41-0bba178b3ecd', 'bc8be3cb-17a5-4e0c-bf38-f647321eb2eb', '92ba97ca-fd8c-4bb7-959c-a376d6961570', 36, '9', 9, null);
INSERT INTO public.exam_questions (id, exam_id, question_id, position, part_id, part_no, points) VALUES ('86cf6beb-ee68-474a-b4e3-f76204a59193', 'bc8be3cb-17a5-4e0c-bf38-f647321eb2eb', 'c7b89eb2-3ffa-4174-a5ff-bf134133d7e1', 37, '10', 10, null);
INSERT INTO public.exam_questions (id, exam_id, question_id, position, part_id, part_no, points) VALUES ('f65d9b3c-0b5a-49a1-860f-b99d7cdf6119', 'bc8be3cb-17a5-4e0c-bf38-f647321eb2eb', '1b99607f-cd1a-4884-b73e-78ffdc2c7e72', 38, '10', 10, null);
INSERT INTO public.exam_questions (id, exam_id, question_id, position, part_id, part_no, points) VALUES ('d8a5be8f-c3dd-4a82-92e2-ef2ea18baa21', 'bc8be3cb-17a5-4e0c-bf38-f647321eb2eb', 'b6cf1840-c4a3-4f56-b6e3-db8173dc875f', 39, '10', 10, null);
INSERT INTO public.exam_questions (id, exam_id, question_id, position, part_id, part_no, points) VALUES ('e4624cca-68ee-46e8-b7fa-755be5dd5514', 'bc8be3cb-17a5-4e0c-bf38-f647321eb2eb', 'def0d4e6-30e9-4184-ab95-28a31c4e250a', 40, '10', 10, null);
INSERT INTO public.exam_questions (id, exam_id, question_id, position, part_id, part_no, points) VALUES ('682ebe6e-faf1-4a7c-8583-27d7fe0081a6', 'bc8be3cb-17a5-4e0c-bf38-f647321eb2eb', 'a2260911-eb5b-4f39-8cc8-647edb0c71e6', 41, '10', 10, null);
INSERT INTO public.exam_questions (id, exam_id, question_id, position, part_id, part_no, points) VALUES ('fb1c069e-ce1f-409c-a2dd-e50623edc213', 'bc8be3cb-17a5-4e0c-bf38-f647321eb2eb', '9307e37c-b825-45b9-809e-7fc5d616fcb2', 42, '10', 10, null);
INSERT INTO public.exam_questions (id, exam_id, question_id, position, part_id, part_no, points) VALUES ('586a39c9-90d4-4356-b584-8574a803a6fc', 'bc8be3cb-17a5-4e0c-bf38-f647321eb2eb', '6935d121-efb8-4b06-9dbf-4fde08df0893', 43, '10', 10, null);
INSERT INTO public.exam_questions (id, exam_id, question_id, position, part_id, part_no, points) VALUES ('692cac29-6392-44e4-a72f-8626275ebdb2', 'bc8be3cb-17a5-4e0c-bf38-f647321eb2eb', 'fea081c9-c1cf-49fa-aee3-198a14c79edd', 44, '10', 10, null);
INSERT INTO public.exam_questions (id, exam_id, question_id, position, part_id, part_no, points) VALUES ('2dfa6361-7032-4ede-a0ba-c6dc93c7fdc3', 'bc8be3cb-17a5-4e0c-bf38-f647321eb2eb', '12645c37-a5c9-4e6b-869d-e947f3f7ccf1', 45, '10', 10, null);
INSERT INTO public.exam_questions (id, exam_id, question_id, position, part_id, part_no, points) VALUES ('21012f94-37c1-4a1e-a2a0-0e5a1d5edb16', 'bc8be3cb-17a5-4e0c-bf38-f647321eb2eb', 'a81fe5fa-d15e-430b-8e3d-464db0b98ca0', 46, '11', 11, null);
INSERT INTO public.exam_questions (id, exam_id, question_id, position, part_id, part_no, points) VALUES ('ee0cc7d0-18c5-4b07-ae18-425328f5a44f', 'bc8be3cb-17a5-4e0c-bf38-f647321eb2eb', '54850e02-68a8-4745-8dd9-26aa381ef017', 47, '11', 11, null);
INSERT INTO public.exam_questions (id, exam_id, question_id, position, part_id, part_no, points) VALUES ('7e93ffc9-0db0-4d07-8885-8d759ac1c6fb', 'bc8be3cb-17a5-4e0c-bf38-f647321eb2eb', '7a2b7d96-ad2e-4037-bfbd-9647bab17d69', 48, '11', 11, null);
INSERT INTO public.exam_questions (id, exam_id, question_id, position, part_id, part_no, points) VALUES ('022dd606-487a-4205-8d4f-7f370e16b167', 'bc8be3cb-17a5-4e0c-bf38-f647321eb2eb', '32eeb57b-6966-4a22-9927-e7fa25237ffa', 49, '11', 11, null);
INSERT INTO public.exam_questions (id, exam_id, question_id, position, part_id, part_no, points) VALUES ('7aa52049-ed67-4993-b9e2-1c3793cdf71d', 'bc8be3cb-17a5-4e0c-bf38-f647321eb2eb', '0606ee82-c2db-4e51-82b5-37d91e6f03d2', 50, '11', 11, null);
INSERT INTO public.exam_questions (id, exam_id, question_id, position, part_id, part_no, points) VALUES ('518b324d-727d-4879-8492-da8d883799c1', 'bc8be3cb-17a5-4e0c-bf38-f647321eb2eb', '37ba9073-5799-40a7-872f-038648586192', 51, '11', 11, null);
INSERT INTO public.exam_questions (id, exam_id, question_id, position, part_id, part_no, points) VALUES ('0c62540c-c40f-4ed8-abc2-46822e168a95', 'bc8be3cb-17a5-4e0c-bf38-f647321eb2eb', 'df45acf5-c186-46b6-a52a-82ea2f0fb090', 52, '11', 11, null);
