INSERT INTO public.exams (id, name, code, subject_id, difficulty, is_complete, is_active, total_score, description, exam_level, duration_minutes, exam_template_id, parent_exam_id, variant_no, template, total_questions) VALUES ('6ab1c8b6-02e4-4df1-9fcc-d12c3c509839', 'YLE - Starters - Speaking', 'YLE-STA-SPK', null, 'EASY', true, true, 29, 'Đề thi quý: Starters - Speaking', null, 45, null, null, null, '{"id": "897aa01a-fcaa-42fd-abd6-bbe31697e6a5", "parts": [{"id": 1, "name": "Part 1", "skill": "SPEAKING", "points": 9, "isGroup": false, "category": "SPEAKING", "endIndex": 8, "sections": [{"name": "Part 1a", "groups": [{"number": 1, "questionCount": 2}], "isGroup": true, "endIndex": 1, "sectionId": 1, "startIndex": 0, "instructions": "Choose the correct objects in the Scene picture", "questionType": "LISTEN_AND_CHOOSE_OBJECTS_IN_SCENE", "questionCount": 2}, {"name": "Part 1b", "groups": [{"number": 1, "questionCount": 4}], "isGroup": true, "endIndex": 5, "sectionId": 2, "startIndex": 2, "instructions": "Choose the correct objects", "questionType": "LISTEN_AND_CHOOSE_FROM_ANSWER_GROUP", "questionCount": 4}, {"name": "Part 1c", "groups": [{"number": 1, "questionCount": 3}], "isGroup": true, "endIndex": 8, "sectionId": 3, "startIndex": 6, "instructions": "Drag the Objects and drop them onto the correct places in the Scene picture", "questionType": "LISTEN_AND_DRAG_OBJECTS_INTO_SCENE", "questionCount": 3}], "startIndex": 0, "instructions": "", "questionCount": 9}, {"id": 2, "name": "Part 2", "skill": "SPEAKING", "groups": [{"number": 1, "questionCount": 5}], "points": 5, "isGroup": true, "category": "SPEAKING", "endIndex": 13, "startIndex": 9, "groupConfig": ["backgroundImageUrl"], "instructions": "Answer the questions", "questionType": "LISTEN_AND_SPEAK_ANSWER", "questionCount": 5}, {"id": 3, "name": "Part 3", "skill": "SPEAKING", "groups": [{"number": 1, "questionCount": 12}], "points": 12, "isGroup": true, "category": "SPEAKING", "endIndex": 25, "startIndex": 14, "groupConfig": ["images"], "instructions": "Answer the questions", "questionType": "LISTEN_AND_SPEAK_IMAGE_GROUP", "questionCount": 12}, {"id": 4, "name": "Part 4", "skill": "SPEAKING", "groups": [{"number": 1, "questionCount": 3}], "points": 3, "isGroup": true, "category": "SPEAKING", "endIndex": 28, "startIndex": 26, "groupConfig": ["questions"], "instructions": "Answer the questions", "questionType": "LISTEN_AND_SPEAK_QUESTION_LIST", "questionCount": 3}], "title": "YLE Starters Speaking", "subTitle": "YLE STARTERS SPEAKING", "examLevel": "A1", "totalParts": 4, "description": "Cambridge YLE Starters - Speaking", "examLevelId": "a3582f71-5608-42ae-a8cd-7f71055c9116", "totalQuestions": 29}', 29);
INSERT INTO public.exams (id, name, code, subject_id, difficulty, is_complete, is_active, total_score, description, exam_level, duration_minutes, exam_template_id, parent_exam_id, variant_no, template, total_questions) VALUES ('f1637f33-7b41-4a38-9b07-2e9becbb5581', '000', 'YLE-STA-SPK-0', null, 'EASY', false, false, 29, 'Đề thi quý: Starters - Speaking', null, 45, null, '6ab1c8b6-02e4-4df1-9fcc-d12c3c509839', 0, '{"id": "897aa01a-fcaa-42fd-abd6-bbe31697e6a5", "parts": [{"id": 1, "name": "Part 1", "skill": "SPEAKING", "points": 9, "isGroup": false, "category": "SPEAKING", "endIndex": 8, "sections": [{"name": "Part 1a", "groups": [{"number": 1, "questionCount": 2}], "isGroup": true, "endIndex": 1, "sectionId": 1, "startIndex": 0, "instructions": "Choose the correct objects in the Scene picture", "questionType": "LISTEN_AND_CHOOSE_OBJECTS_IN_SCENE", "questionCount": 2}, {"name": "Part 1b", "groups": [{"number": 1, "questionCount": 4}], "isGroup": true, "endIndex": 5, "sectionId": 2, "startIndex": 2, "instructions": "Choose the correct objects", "questionType": "LISTEN_AND_CHOOSE_FROM_ANSWER_GROUP", "questionCount": 4}, {"name": "Part 1c", "groups": [{"number": 1, "questionCount": 3}], "isGroup": true, "endIndex": 8, "sectionId": 3, "startIndex": 6, "instructions": "Drag the Objects and drop them onto the correct places in the Scene picture", "questionType": "LISTEN_AND_DRAG_OBJECTS_INTO_SCENE", "questionCount": 3}], "startIndex": 0, "instructions": "", "questionCount": 9}, {"id": 2, "name": "Part 2", "skill": "SPEAKING", "groups": [{"number": 1, "questionCount": 5}], "points": 5, "isGroup": true, "category": "SPEAKING", "endIndex": 13, "startIndex": 9, "groupConfig": ["backgroundImageUrl"], "instructions": "Answer the questions", "questionType": "LISTEN_AND_SPEAK_ANSWER", "questionCount": 5}, {"id": 3, "name": "Part 3", "skill": "SPEAKING", "groups": [{"number": 1, "questionCount": 12}], "points": 12, "isGroup": true, "category": "SPEAKING", "endIndex": 25, "startIndex": 14, "groupConfig": ["images"], "instructions": "Answer the questions", "questionType": "LISTEN_AND_SPEAK_IMAGE_GROUP", "questionCount": 12}, {"id": 4, "name": "Part 4", "skill": "SPEAKING", "groups": [{"number": 1, "questionCount": 3}], "points": 3, "isGroup": true, "category": "SPEAKING", "endIndex": 28, "startIndex": 26, "groupConfig": ["questions"], "instructions": "Answer the questions", "questionType": "LISTEN_AND_SPEAK_QUESTION_LIST", "questionCount": 3}], "title": "YLE Starters Speaking", "subTitle": "YLE STARTERS SPEAKING", "examLevel": "A1", "totalParts": 4, "description": "Cambridge YLE Starters - Speaking", "examLevelId": "a3582f71-5608-42ae-a8cd-7f71055c9116", "totalQuestions": 29}', 29);
INSERT INTO public.question_banks (id, code, title, content, correct_answer, question_type, difficulty, skill, points, subject_id, exam_level, explanation) VALUES ('f8ce0a2e-b780-4985-9dda-5365a6e3146a', 'DAD_Q2_2025_STA_002', 'Kéo thả đối tượng', '{"audioUrl": "exams/6ab1c8b6-02e4-4df1-9fcc-d12c3c509839/1_Part 1c/audio/1773895540467_bf0594cf_ball_between_ducks.mp3", "isBackup": false}', '{"objectId": "obj-1773888721576", "dropZoneId": "obj-1773888701634"}', 'LISTEN_AND_DRAG_OBJECTS_INTO_SCENE', 'medium', null, 1.00, null, null, '');
INSERT INTO public.question_banks (id, code, title, content, correct_answer, question_type, difficulty, skill, points, subject_id, exam_level, explanation) VALUES ('90cc679d-7336-408f-b13f-ff6d4faaf9a6', 'DAD_Q2_2025_STA_003', 'Kéo thả đối tượng', '{"audioUrl": "exams/6ab1c8b6-02e4-4df1-9fcc-d12c3c509839/1_Part 1c/audio/1773895713470_06d81d90_car_under_chair.mp3", "isBackup": false}', '{"objectId": "obj-1773888823450", "dropZoneId": "obj-1773888796808"}', 'LISTEN_AND_DRAG_OBJECTS_INTO_SCENE', 'medium', null, 1.00, null, null, '');
INSERT INTO public.question_banks (id, code, title, content, correct_answer, question_type, difficulty, skill, points, subject_id, exam_level, explanation) VALUES ('30b8e1c4-b6b1-4ee0-9376-70c5312264dd', 'DAD_Q2_2025_STA_001', 'Kéo thả đối tượng', '{"audioUrl": "exams/6ab1c8b6-02e4-4df1-9fcc-d12c3c509839/1_Part 1c/audio/1773895357514_12543cdb_kite_on_the_tree.mp3", "isBackup": false}', '{"objectId": "obj-1773888666277", "dropZoneId": "obj-1773888612923"}', 'LISTEN_AND_DRAG_OBJECTS_INTO_SCENE', 'medium', null, 1.00, null, null, '');
INSERT INTO public.question_banks (id, code, title, content, correct_answer, question_type, difficulty, skill, points, subject_id, exam_level, explanation) VALUES ('e2136a97-fecc-4e1c-be0b-210a28d14570', 'CCO_Q2_2025_STA_001', 'Chọn đối tượng đúng', '{"audioUrl": "exams/6ab1c8b6-02e4-4df1-9fcc-d12c3c509839/1_Part 1a/audio/1773887935240_596a5938_cat.mp3", "isBackup": false}', '{"objectId": "obj-1773887587867"}', 'LISTEN_AND_CHOOSE_OBJECTS_IN_SCENE', 'medium', null, 1.00, null, null, '');
INSERT INTO public.question_banks (id, code, title, content, correct_answer, question_type, difficulty, skill, points, subject_id, exam_level, explanation) VALUES ('79a2189c-4a12-42f2-b488-00bb41aba140', 'CCO_Q2_2025_STA_002', 'Chọn đối tượng đúng', '{"audioUrl": "exams/6ab1c8b6-02e4-4df1-9fcc-d12c3c509839/1_Part 1a/audio/1773888078108_5af7d3d5_movers_tree.mp3", "isBackup": false}', '{"objectId": "obj-1773887609073"}', 'LISTEN_AND_CHOOSE_OBJECTS_IN_SCENE', 'medium', null, 1.00, null, null, '');
INSERT INTO public.question_banks (id, code, title, content, correct_answer, question_type, difficulty, skill, points, subject_id, exam_level, explanation) VALUES ('992c30ea-390e-419f-aaa2-03d61c6d7076', 'CCO_Q2_2025_STA_003', 'Chọn đối tượng đúng', '{"audioUrl": "questions/audio/1773894285215_52a340f5_fish.mp3"}', '{"answer": "obj-1773888442238"}', 'LISTEN_AND_CHOOSE_FROM_ANSWER_GROUP', 'medium', null, 1.00, null, null, '');
INSERT INTO public.question_banks (id, code, title, content, correct_answer, question_type, difficulty, skill, points, subject_id, exam_level, explanation) VALUES ('46bcd108-d672-4495-9bcf-f3ce055b8c6c', 'CCO_Q2_2025_STA_004', 'Chọn đối tượng đúng', '{"audioUrl": "questions/audio/1773894428396_0cc7d262_kite.mp3"}', '{"answer": "obj-1773888208985"}', 'LISTEN_AND_CHOOSE_FROM_ANSWER_GROUP', 'medium', null, 1.00, null, null, '');
INSERT INTO public.question_banks (id, code, title, content, correct_answer, question_type, difficulty, skill, points, subject_id, exam_level, explanation) VALUES ('bd46fbfe-9b4a-4092-9a55-f01a002bf338', 'CCO_Q2_2025_STA_005', 'Chọn đối tượng đúng', '{"audioUrl": "questions/audio/1773894526528_dac3edae_ball.mp3"}', '{"answer": "obj-1773888383182"}', 'LISTEN_AND_CHOOSE_FROM_ANSWER_GROUP', 'medium', null, 1.00, null, null, '');
INSERT INTO public.question_banks (id, code, title, content, correct_answer, question_type, difficulty, skill, points, subject_id, exam_level, explanation) VALUES ('f69b2c5e-c58a-46f2-b34c-d0aaf7ad4b24', 'CCO_Q2_2025_STA_006', 'Chọn đối tượng đúng', '{"audioUrl": "questions/audio/1773894635862_d516ecf9_car.mp3"}', '{"answer": "obj-1773888392916"}', 'LISTEN_AND_CHOOSE_FROM_ANSWER_GROUP', 'medium', null, 1.00, null, null, '');
INSERT INTO public.question_banks (id, code, title, content, correct_answer, question_type, difficulty, skill, points, subject_id, exam_level, explanation) VALUES ('eec2f151-4a0d-4cd6-b62b-3f6a716be8ad', 'AQ_Q2_2025_STA_001', 'Trả lời câu hỏi', '{"audioUrl": "listen-and-speak/audio/1773895868749_a35f7407_beeswhatsthis.mp3", "isBackup": false, "arrowNode": {"x": 17.8, "y": 26.7, "width": 10, "height": 20}, "backgroundImageUrl": "questions/scenes/images/1773889075759_9d01431f_speaking_starter_part1a_1.png"}', '{"expectedAnswers": ["The bees", "These are the bees"]}', 'LISTEN_AND_SPEAK_ANSWER', 'medium', null, 1.00, null, null, '');
INSERT INTO public.question_banks (id, code, title, content, correct_answer, question_type, difficulty, skill, points, subject_id, exam_level, explanation) VALUES ('10e17638-e990-40ad-a14d-5fd95ec453cf', 'AQ_Q2_2025_STA_002', 'Trả lời câu hỏi', '{"audioUrl": "listen-and-speak/audio/1773896097934_e418d4fe_whatcolor.mp3", "isBackup": false, "arrowNode": {"x": 17.1, "y": 26.2, "width": 10, "height": 20}, "backgroundImageUrl": "questions/scenes/images/1773889075759_9d01431f_speaking_starter_part1a_1.png"}', '{"expectedAnswers": ["Black and yellow", "Black, yellow"]}', 'LISTEN_AND_SPEAK_ANSWER', 'medium', null, 1.00, null, null, '');
INSERT INTO public.question_banks (id, code, title, content, correct_answer, question_type, difficulty, skill, points, subject_id, exam_level, explanation) VALUES ('e4c349d3-4550-4881-b9b6-3767fb30e441', 'AQ_Q2_2025_STA_003', 'Trả lời câu hỏi', '{"audioUrl": "listen-and-speak/audio/1773896236812_902bcccf_howmanybee.mp3", "isBackup": false, "arrowNode": {"x": 18.2, "y": 27.2, "width": 10, "height": 20}, "backgroundImageUrl": "questions/scenes/images/1773889075759_9d01431f_speaking_starter_part1a_1.png"}', '{"expectedAnswers": ["4", "Four", "There are four bees", "Four bees"]}', 'LISTEN_AND_SPEAK_ANSWER', 'medium', null, 1.00, null, null, '');
INSERT INTO public.question_banks (id, code, title, content, correct_answer, question_type, difficulty, skill, points, subject_id, exam_level, explanation) VALUES ('30dc1ef9-4b4b-4359-b52f-6098a275727b', 'AQ_Q2_2025_STA_004', 'Trả lời câu hỏi', '{"audioUrl": "listen-and-speak/audio/1773902178659_cd9c855d_whatsthecowdoing.mp3", "isBackup": false, "arrowNode": {"x": 31.4, "y": 15.8, "width": 10, "height": 20}, "backgroundImageUrl": "questions/scenes/images/1773889075759_9d01431f_speaking_starter_part1a_1.png"}', '{"expectedAnswers": ["Eating", "Eating grass", "It''s eating grass"]}', 'LISTEN_AND_SPEAK_ANSWER', 'medium', null, 1.00, null, null, '');
INSERT INTO public.question_banks (id, code, title, content, correct_answer, question_type, difficulty, skill, points, subject_id, exam_level, explanation) VALUES ('42c15f94-bf2c-4c5a-ac43-ced96f3687eb', 'AQ_Q2_2025_STA_005', 'Trả lời câu hỏi', '{"audioUrl": "listen-and-speak/audio/1773902329859_e87cfd78_tellaboutheboy.mp3", "isBackup": false, "arrowNode": {"x": 44.7, "y": 17.6, "width": 10, "height": 20}, "backgroundImageUrl": "questions/scenes/images/1773889075759_9d01431f_speaking_starter_part1a_1.png"}', '{"expectedAnswers": ["The boy is sitting", "The boy is wearing a blue T-shirt", "The boy is wearing yellow shoes"]}', 'LISTEN_AND_SPEAK_ANSWER', 'medium', null, 1.00, null, null, '');
INSERT INTO public.question_banks (id, code, title, content, correct_answer, question_type, difficulty, skill, points, subject_id, exam_level, explanation) VALUES ('9a2a0de8-272a-4b74-9d9d-85819f09bdc3', 'AQ_Q2_2025_STA_006', 'Trả lời câu hỏi', '{"audioUrl": "questions/audio/audio/1773902686749_5f0b2246_whatsthiskite.mp3", "isBackup": false, "activeImageId": "obj-1773889672371"}', '{"expectedAnswers": ["A kite", "It is a kite", "This is a kite"]}', 'LISTEN_AND_SPEAK_IMAGE_GROUP', 'medium', null, 1.00, null, null, '');
INSERT INTO public.question_banks (id, code, title, content, correct_answer, question_type, difficulty, skill, points, subject_id, exam_level, explanation) VALUES ('823238c9-419d-40ba-ac2f-32fd299003e2', 'AQ_Q2_2025_STA_007', 'Trả lời câu hỏi', '{"audioUrl": "questions/audio/audio/1773902786917_e67f1305_canyouflykite.mp3", "isBackup": false, "activeImageId": "obj-1773889672371"}', '{"expectedAnswers": ["Can''t", "Can", "Yes, I can", "No, I can''t"]}', 'LISTEN_AND_SPEAK_IMAGE_GROUP', 'medium', null, 1.00, null, null, '');
INSERT INTO public.question_banks (id, code, title, content, correct_answer, question_type, difficulty, skill, points, subject_id, exam_level, explanation) VALUES ('b085631a-cc3c-4b1f-b9c1-b44d34a229e4', 'AQ_Q2_2025_STA_008', 'Trả lời câu hỏi', '{"audioUrl": "questions/audio/audio/1773902892257_b7602e9f_whatdoyoulikeweekend.mp3", "isBackup": false, "activeImageId": "obj-1773889672371"}', '{"expectedAnswers": ["Playing games", "Playing football", "Go to the park", "Reading books", "Listening to music"]}', 'LISTEN_AND_SPEAK_IMAGE_GROUP', 'medium', null, 1.00, null, null, '');
INSERT INTO public.question_banks (id, code, title, content, correct_answer, question_type, difficulty, skill, points, subject_id, exam_level, explanation) VALUES ('84f1cc8b-316c-4041-849e-c7b3a5001bb1', 'AQ_Q2_2025_STA_009', 'Trả lời câu hỏi', '{"audioUrl": "questions/audio/audio/1773902948029_fbdc2f9e_whatsthis.mp3", "isBackup": false, "activeImageId": "obj-1773889707422"}', '{"expectedAnswers": ["A cap", "It''s a cap"]}', 'LISTEN_AND_SPEAK_IMAGE_GROUP', 'medium', null, 1.00, null, null, '');
INSERT INTO public.question_banks (id, code, title, content, correct_answer, question_type, difficulty, skill, points, subject_id, exam_level, explanation) VALUES ('2ed7ceee-c6a1-41e6-94ed-1b35e343f9de', 'AQ_Q2_2025_STA_010', 'Trả lời câu hỏi', '{"audioUrl": "questions/audio/audio/1773903030678_d1d62c67_doyouwearcap.mp3", "isBackup": false, "activeImageId": "obj-1773889707422"}', '{"expectedAnswers": ["Yes", "No"]}', 'LISTEN_AND_SPEAK_IMAGE_GROUP', 'medium', null, 1.00, null, null, '');
INSERT INTO public.question_banks (id, code, title, content, correct_answer, question_type, difficulty, skill, points, subject_id, exam_level, explanation) VALUES ('2d358dd4-ad90-4e80-a890-bdd20a62ea08', 'AQ_Q2_2025_STA_011', 'Trả lời câu hỏi', '{"audioUrl": "questions/audio/audio/1773903117416_89559d42_whatyouwearing.mp3", "isBackup": false, "activeImageId": "obj-1773889707422"}', '{"expectedAnswers": ["A hat", "A shirt"]}', 'LISTEN_AND_SPEAK_IMAGE_GROUP', 'medium', null, 1.00, null, null, '');
INSERT INTO public.question_banks (id, code, title, content, correct_answer, question_type, difficulty, skill, points, subject_id, exam_level, explanation) VALUES ('063aeb74-a6d2-412a-bc2a-86db04ce9c51', 'AQ_Q2_2025_STA_012', 'Trả lời câu hỏi', '{"audioUrl": "questions/audio/audio/1773903302054_f577b906_whatsthis.mp3", "isBackup": false, "activeImageId": "obj-1773889712752"}', '{"expectedAnswers": ["A fish", "Fish"]}', 'LISTEN_AND_SPEAK_IMAGE_GROUP', 'medium', null, 1.00, null, null, '');
INSERT INTO public.question_banks (id, code, title, content, correct_answer, question_type, difficulty, skill, points, subject_id, exam_level, explanation) VALUES ('99bf3b48-6fd3-40b3-8700-3dc70c4dc0fa', 'AQ_Q2_2025_STA_013', 'Trả lời câu hỏi', '{"audioUrl": "questions/audio/audio/1773903406837_23990eae_doyoulikeeatfish.mp3", "isBackup": false, "activeImageId": "obj-1773889712752"}', '{"expectedAnswers": ["Yes", "No"]}', 'LISTEN_AND_SPEAK_IMAGE_GROUP', 'medium', null, 1.00, null, null, '');
INSERT INTO public.question_banks (id, code, title, content, correct_answer, question_type, difficulty, skill, points, subject_id, exam_level, explanation) VALUES ('0b5d9f7b-a394-4a5a-a28e-6a274f05e2ae', 'AQ_Q2_2025_STA_014', 'Trả lời câu hỏi', '{"audioUrl": "questions/audio/audio/1773903928059_4cc2c1e8_whatyourfood.mp3", "isBackup": false, "activeImageId": "obj-1773889712752"}', '{"expectedAnswers": ["Rice", "Noodle"]}', 'LISTEN_AND_SPEAK_IMAGE_GROUP', 'medium', null, 1.00, null, null, '');
INSERT INTO public.question_banks (id, code, title, content, correct_answer, question_type, difficulty, skill, points, subject_id, exam_level, explanation) VALUES ('bef2f167-7ef9-47b1-8aac-f478efecff21', 'AQ_Q2_2025_STA_015', 'Trả lời câu hỏi', '{"audioUrl": "questions/audio/audio/1773903970701_a9884222_whatsthis.mp3", "isBackup": false, "activeImageId": "obj-1773889721251"}', '{"expectedAnswers": ["Car", "A toy car"]}', 'LISTEN_AND_SPEAK_IMAGE_GROUP', 'medium', null, 1.00, null, null, '');
INSERT INTO public.question_banks (id, code, title, content, correct_answer, question_type, difficulty, skill, points, subject_id, exam_level, explanation) VALUES ('165c78d8-5812-43c8-809b-062fe37a373b', 'AQ_Q2_2025_STA_016', 'Trả lời câu hỏi', '{"audioUrl": "questions/audio/audio/1773904045410_fd8e0007_haveyougotcar.mp3", "isBackup": false, "activeImageId": "obj-1773889721251"}', '{"expectedAnswers": ["Yes", "No"]}', 'LISTEN_AND_SPEAK_IMAGE_GROUP', 'medium', null, 1.00, null, null, '');
INSERT INTO public.question_banks (id, code, title, content, correct_answer, question_type, difficulty, skill, points, subject_id, exam_level, explanation) VALUES ('f01ea59b-bdaf-4dd6-a921-0a61f570e2af', 'AQ_Q2_2025_STA_017', 'Trả lời câu hỏi', '{"audioUrl": "questions/audio/audio/1773904141326_147a1a0e_whattoylikehave.mp3", "isBackup": false, "activeImageId": "obj-1773889721251"}', '{"expectedAnswers": ["Robot", "Doll"]}', 'LISTEN_AND_SPEAK_IMAGE_GROUP', 'medium', 'READING', 1.00, null, null, '');
INSERT INTO public.question_banks (id, code, title, content, correct_answer, question_type, difficulty, skill, points, subject_id, exam_level, explanation) VALUES ('eaa42d41-b5d1-4fd5-82dc-6c84f4dcef8c', 'AQ_Q2_2025_STA_018', 'Trả lời câu hỏi', '{"audioUrl": "listen-and-speak/audio/1773904287756_3ec19cc8_howoldareyou.mp3", "activeQuestionId": "obj-1773890100333"}', '{"expectedAnswers": ["I''m 12 years old", "I''m 12"]}', 'LISTEN_AND_SPEAK_QUESTION_LIST', 'medium', null, 1.00, null, null, '');
INSERT INTO public.question_banks (id, code, title, content, correct_answer, question_type, difficulty, skill, points, subject_id, exam_level, explanation) VALUES ('465743b4-2548-4276-9cfc-92f4d7ec0460', 'AQ_Q2_2025_STA_019', 'Trả lời câu hỏi', '{"audioUrl": "listen-and-speak/audio/1773905471671_89467c21_whereplaysport.mp3", "activeQuestionId": "obj-1773890107955"}', '{"expectedAnswers": ["Park", "Stadium"]}', 'LISTEN_AND_SPEAK_QUESTION_LIST', 'medium', null, 1.00, null, null, '');
INSERT INTO public.question_banks (id, code, title, content, correct_answer, question_type, difficulty, skill, points, subject_id, exam_level, explanation) VALUES ('c2546e4e-0ae4-4ecd-88f8-3dcf7b52b884', 'AQ_Q2_2025_STA_020', 'Trả lời câu hỏi', '{"audioUrl": "listen-and-speak/audio/1773905678096_c9b7b632_whatsportlike.mp3", "activeQuestionId": "obj-1773890152232"}', '{"expectedAnswers": ["Cat", "Dog"]}', 'LISTEN_AND_SPEAK_QUESTION_LIST', 'medium', null, 1.00, null, null, '');
INSERT INTO public.question_groups (id, payload, group_number, part_id, section_id, exam_id) VALUES ('22c8dfae-1de9-4725-9ce9-b0f8cb364a84', '{"backgroundImageUrl": "questions/scenes/images/1773889075759_9d01431f_speaking_starter_part1a_1.png"}', 1, '2', null, '6ab1c8b6-02e4-4df1-9fcc-d12c3c509839');
INSERT INTO public.question_groups (id, payload, group_number, part_id, section_id, exam_id) VALUES ('1f9bf41d-37eb-4af2-b3d4-dca73b795c24', '{"questions": [{"id": "obj-1773890100333", "text": "Now, how old are you?"}, {"id": "obj-1773890107955", "text": "Where do you play sports?"}, {"id": "obj-1773890152232", "text": "What sport do you like?"}]}', 1, '4', null, '6ab1c8b6-02e4-4df1-9fcc-d12c3c509839');
INSERT INTO public.question_groups (id, payload, group_number, part_id, section_id, exam_id) VALUES ('cb1fb7ae-09c9-432f-aa74-9ece991d5dea', '{"dropZones": [{"x": 8, "y": 10.5, "id": "obj-1773888612923", "label": "on the tree", "width": 6.5, "height": 15.2}, {"x": 70.7, "y": 74.6, "id": "obj-1773888701634", "label": "between the two ducks", "width": 12, "height": 12}, {"x": 47.7, "y": 72.5, "id": "obj-1773888796808", "label": "under the chair", "width": 5.8, "height": 12}], "objectNodes": [{"id": "obj-1773888666277", "label": "kite", "imageUrl": "questions/objects/images/1774248242105_6390cb26_speaking_starter_1c_kite.webp"}, {"id": "obj-1773888721576", "label": "ball", "imageUrl": "questions/objects/images/1773888756286_b1074e84_q2_speaking_sta_p2_6.png"}, {"id": "obj-1773888823450", "label": "car", "imageUrl": "questions/objects/images/1774248306104_c6e685a3_speaking_starter_1c_car.webp"}, {"id": "obj-1774248056941", "label": "mango", "imageUrl": "questions/objects/images/1774248371155_b7fdc569_speaking_starter_1c_mango.webp"}, {"id": "obj-1774248401943", "label": "cap", "imageUrl": "questions/objects/images/1774248426931_285c2031_speaking_starter_1c_cap.webp"}, {"id": "obj-1774248427126", "label": "pearl", "imageUrl": "questions/objects/images/1774248488178_92241c15_speaking_starter_1c_pearl.webp"}, {"id": "obj-1774248485165", "label": "pencil", "imageUrl": "questions/objects/images/1774248531875_5aa4593b_speaking_starter_1c_pencil.webp"}], "backgroundImageUrl": "questions/scenes/images/1773888612946_00c6d566_speaking_starter_part1a_1.png"}', 1, '1', 3, '6ab1c8b6-02e4-4df1-9fcc-d12c3c509839');
INSERT INTO public.question_groups (id, payload, group_number, part_id, section_id, exam_id) VALUES ('f6c6ac55-dd4e-441e-9ace-1e17ba06ac77', '{"options": [{"id": "obj-1773888192360", "label": "cap", "imageUrl": "questions/images/1774252422879_fc280b21_speaking_starter_3_2.webp"}, {"id": "obj-1773888208985", "label": "kite", "imageUrl": "questions/images/1774252399860_13c1d870_soeaking_starter_3_1.webp"}, {"id": "obj-1773888246796", "label": "pencil", "imageUrl": "questions/images/1774252567204_42a2f52c_speaking_starters_2_pencil.webp"}, {"id": "obj-1773888310400", "label": "shell", "imageUrl": "questions/images/1774252613804_44ea63b2_speaking_starters_2_shell.webp"}, {"id": "obj-1773888320306", "label": "mango", "imageUrl": "questions/images/1774252668982_e6a9a538_speaking_starters_2_mango.webp"}, {"id": "obj-1773888383182", "label": "ball", "imageUrl": "questions/images/1774252705714_297914ce_speaking_starters_2_ball.webp"}, {"id": "obj-1773888392916", "label": "car", "imageUrl": "questions/images/1774252480912_af157b7f_speaking_starter_3_4.webp"}, {"id": "obj-1773888442238", "label": "fish", "imageUrl": "questions/images/1774252470735_0beff47f_speaking_starter_3_3.webp"}]}', 1, '1', 2, '6ab1c8b6-02e4-4df1-9fcc-d12c3c509839');
INSERT INTO public.question_groups (id, payload, group_number, part_id, section_id, exam_id) VALUES ('625deb46-607f-4163-aa69-d8125cdbbadd', '{"images": [{"id": "obj-1773889672371", "url": "questions/images/images/1774248685945_b63fea97_soeaking_starter_3_1.webp", "label": "1"}, {"id": "obj-1773889707422", "url": "questions/images/images/1774249360842_59f0e567_speaking_starter_3_2.webp", "label": "2"}, {"id": "obj-1773889712752", "url": "questions/images/images/1774249489637_dc5e12c3_speaking_starter_3_3.webp", "label": "3"}, {"id": "obj-1773889721251", "url": "questions/images/images/1774249541772_a491ab93_speaking_starter_3_4.webp", "label": "4"}]}', 1, '3', null, '6ab1c8b6-02e4-4df1-9fcc-d12c3c509839');
INSERT INTO public.question_groups (id, payload, group_number, part_id, section_id, exam_id) VALUES ('793254a1-d43c-4eaa-85eb-1f443880d0a3', '{"objectNodes": [{"x": 10.8, "y": 80.5, "id": "obj-1773887587867", "label": "Cat", "width": 14.8, "height": 19.6, "imageUrl": "questions/objects/images/1774247988998_1155127b_speaking_starter_1_cat_alt.jpg"}, {"x": 18.3, "y": 44.1, "id": "obj-1773887609073", "label": "Bees", "width": 9.6, "height": 13.3, "imageUrl": "questions/objects/images/1774241795524_de68ca5b_hd_restoration_result_image.png"}, {"x": 22.3, "y": 17.7, "id": "obj-1773907479334", "label": "Cow", "width": 26.7, "height": 46.4, "imageUrl": "questions/objects/images/1774240324828_fab38260_speaking_starter_1_cow_alt.jpg"}, {"x": 1.2, "y": 64.3, "id": "obj-1773907747369", "label": "Frog", "width": 13.6, "height": 22.3, "imageUrl": "questions/objects/images/1774247815593_e9e7ca32_speaking_starter_1_frog_alt.jpg"}, {"x": 66.9, "y": 28.7, "id": "obj-1773907947835", "label": "Donkey", "width": 19.3, "height": 34.9, "imageUrl": "questions/objects/images/1774240234369_fb54eef0_speaking_starter_1_donkey_alt.jpg"}, {"x": 78, "y": 18.8, "id": "obj-1773908017460", "label": "Horse", "width": 23.2, "height": 41.7, "imageUrl": "questions/objects/images/1774240132738_f50e8e01_speaking_starter_1_horse_alt.jpg"}], "backgroundImageUrl": "questions/scenes/images/1777221420263_181f047f_speaking_starter_1_alt.webp"}', 1, '1', 1, '6ab1c8b6-02e4-4df1-9fcc-d12c3c509839');
INSERT INTO public.questions (id, content, correct_answer, points, question_type, explanation, exam_id, part_id, part_no, question_number, group_id, question_bank_id, question_skill_type, is_example, suggested_answers) VALUES ('517343c6-bed1-45a3-922e-e41fee281774', '{"audioUrl": "questions/audio/1773894285215_52a340f5_fish.mp3"}', '{"answer": "obj-1773888442238"}', 1.00, 'LISTEN_AND_CHOOSE_FROM_ANSWER_GROUP', '', '6ab1c8b6-02e4-4df1-9fcc-d12c3c509839', '1', 1, 3, 'f6c6ac55-dd4e-441e-9ace-1e17ba06ac77', '992c30ea-390e-419f-aaa2-03d61c6d7076', 'SPEAKING', false, null);
INSERT INTO public.questions (id, content, correct_answer, points, question_type, explanation, exam_id, part_id, part_no, question_number, group_id, question_bank_id, question_skill_type, is_example, suggested_answers) VALUES ('9690e109-041b-4d3e-9ff0-36e2a859ef78', '{"audioUrl": "questions/audio/1773894635862_d516ecf9_car.mp3"}', '{"answer": "obj-1773888392916"}', 1.00, 'LISTEN_AND_CHOOSE_FROM_ANSWER_GROUP', '', '6ab1c8b6-02e4-4df1-9fcc-d12c3c509839', '1', 1, 6, 'f6c6ac55-dd4e-441e-9ace-1e17ba06ac77', 'f69b2c5e-c58a-46f2-b34c-d0aaf7ad4b24', 'SPEAKING', false, null);
INSERT INTO public.questions (id, content, correct_answer, points, question_type, explanation, exam_id, part_id, part_no, question_number, group_id, question_bank_id, question_skill_type, is_example, suggested_answers) VALUES ('fa685cf9-dfdf-4564-a4a2-72a3c14bd017', '{"audioUrl": "questions/audio/audio/1773902686749_5f0b2246_whatsthiskite.mp3", "isBackup": false, "activeImageId": "obj-1773889672371"}', '{"expectedAnswers": ["A kite", "It is a kite", "This is a kite"]}', 1.00, 'LISTEN_AND_SPEAK_IMAGE_GROUP', '', '6ab1c8b6-02e4-4df1-9fcc-d12c3c509839', '3', 3, 15, '625deb46-607f-4163-aa69-d8125cdbbadd', '9a2a0de8-272a-4b74-9d9d-85819f09bdc3', 'SPEAKING', false, null);
INSERT INTO public.questions (id, content, correct_answer, points, question_type, explanation, exam_id, part_id, part_no, question_number, group_id, question_bank_id, question_skill_type, is_example, suggested_answers) VALUES ('28ed5f75-78f6-4857-93b5-487a0a34ed21', '{"audioUrl": "exams/6ab1c8b6-02e4-4df1-9fcc-d12c3c509839/1_Part 1c/audio/1773895540467_bf0594cf_ball_between_ducks.mp3", "isBackup": false}', '{"objectId": "obj-1773888721576", "dropZoneId": "obj-1773888701634"}', 1.00, 'LISTEN_AND_DRAG_OBJECTS_INTO_SCENE', '', '6ab1c8b6-02e4-4df1-9fcc-d12c3c509839', '1', 1, 8, 'cb1fb7ae-09c9-432f-aa74-9ece991d5dea', 'f8ce0a2e-b780-4985-9dda-5365a6e3146a', 'SPEAKING', false, null);
INSERT INTO public.questions (id, content, correct_answer, points, question_type, explanation, exam_id, part_id, part_no, question_number, group_id, question_bank_id, question_skill_type, is_example, suggested_answers) VALUES ('78a3b51b-805d-4d31-a25d-c2de9e279085', '{"audioUrl": "questions/audio/1773894428396_0cc7d262_kite.mp3"}', '{"answer": "obj-1773888208985"}', 1.00, 'LISTEN_AND_CHOOSE_FROM_ANSWER_GROUP', '', '6ab1c8b6-02e4-4df1-9fcc-d12c3c509839', '1', 1, 4, 'f6c6ac55-dd4e-441e-9ace-1e17ba06ac77', '46bcd108-d672-4495-9bcf-f3ce055b8c6c', 'SPEAKING', false, null);
INSERT INTO public.questions (id, content, correct_answer, points, question_type, explanation, exam_id, part_id, part_no, question_number, group_id, question_bank_id, question_skill_type, is_example, suggested_answers) VALUES ('96833215-1d51-44a1-b2e4-289219cae3aa', '{"audioUrl": "questions/audio/1773894526528_dac3edae_ball.mp3"}', '{"answer": "obj-1773888383182"}', 1.00, 'LISTEN_AND_CHOOSE_FROM_ANSWER_GROUP', '', '6ab1c8b6-02e4-4df1-9fcc-d12c3c509839', '1', 1, 5, 'f6c6ac55-dd4e-441e-9ace-1e17ba06ac77', 'bd46fbfe-9b4a-4092-9a55-f01a002bf338', 'SPEAKING', false, null);
INSERT INTO public.questions (id, content, correct_answer, points, question_type, explanation, exam_id, part_id, part_no, question_number, group_id, question_bank_id, question_skill_type, is_example, suggested_answers) VALUES ('b74029bd-829b-4aae-b869-a2ee7569dcb8', '{"audioUrl": "listen-and-speak/audio/1773895868749_a35f7407_beeswhatsthis.mp3", "isBackup": false, "arrowNode": {"x": 17.8, "y": 26.7, "width": 10, "height": 20}, "backgroundImageUrl": "questions/scenes/images/1773889075759_9d01431f_speaking_starter_part1a_1.png"}', '{"expectedAnswers": ["The bees", "These are the bees"]}', 1.00, 'LISTEN_AND_SPEAK_ANSWER', '', '6ab1c8b6-02e4-4df1-9fcc-d12c3c509839', '2', 2, 10, '22c8dfae-1de9-4725-9ce9-b0f8cb364a84', 'eec2f151-4a0d-4cd6-b62b-3f6a716be8ad', 'SPEAKING', false, null);
INSERT INTO public.questions (id, content, correct_answer, points, question_type, explanation, exam_id, part_id, part_no, question_number, group_id, question_bank_id, question_skill_type, is_example, suggested_answers) VALUES ('443de623-79bd-4ec3-91c5-8ef2eb5aa7a2', '{"audioUrl": "listen-and-speak/audio/1773896097934_e418d4fe_whatcolor.mp3", "isBackup": false, "arrowNode": {"x": 17.1, "y": 26.2, "width": 10, "height": 20}, "backgroundImageUrl": "questions/scenes/images/1773889075759_9d01431f_speaking_starter_part1a_1.png"}', '{"expectedAnswers": ["Black and yellow", "Black, yellow"]}', 1.00, 'LISTEN_AND_SPEAK_ANSWER', '', '6ab1c8b6-02e4-4df1-9fcc-d12c3c509839', '2', 2, 11, '22c8dfae-1de9-4725-9ce9-b0f8cb364a84', '10e17638-e990-40ad-a14d-5fd95ec453cf', 'SPEAKING', false, null);
INSERT INTO public.questions (id, content, correct_answer, points, question_type, explanation, exam_id, part_id, part_no, question_number, group_id, question_bank_id, question_skill_type, is_example, suggested_answers) VALUES ('26021acf-8e6b-4c4d-a770-234f2f688ecd', '{"audioUrl": "listen-and-speak/audio/1773896236812_902bcccf_howmanybee.mp3", "isBackup": false, "arrowNode": {"x": 18.2, "y": 27.2, "width": 10, "height": 20}, "backgroundImageUrl": "questions/scenes/images/1773889075759_9d01431f_speaking_starter_part1a_1.png"}', '{"expectedAnswers": ["4", "Four", "There are four bees", "Four bees"]}', 1.00, 'LISTEN_AND_SPEAK_ANSWER', '', '6ab1c8b6-02e4-4df1-9fcc-d12c3c509839', '2', 2, 12, '22c8dfae-1de9-4725-9ce9-b0f8cb364a84', 'e4c349d3-4550-4881-b9b6-3767fb30e441', 'SPEAKING', false, null);
INSERT INTO public.questions (id, content, correct_answer, points, question_type, explanation, exam_id, part_id, part_no, question_number, group_id, question_bank_id, question_skill_type, is_example, suggested_answers) VALUES ('aee69b10-96be-430c-aee7-c32c09e4fcdf', '{"audioUrl": "listen-and-speak/audio/1773902178659_cd9c855d_whatsthecowdoing.mp3", "isBackup": false, "arrowNode": {"x": 31.4, "y": 15.8, "width": 10, "height": 20}, "backgroundImageUrl": "questions/scenes/images/1773889075759_9d01431f_speaking_starter_part1a_1.png"}', '{"expectedAnswers": ["Eating", "Eating grass", "It''s eating grass"]}', 1.00, 'LISTEN_AND_SPEAK_ANSWER', '', '6ab1c8b6-02e4-4df1-9fcc-d12c3c509839', '2', 2, 13, '22c8dfae-1de9-4725-9ce9-b0f8cb364a84', '30dc1ef9-4b4b-4359-b52f-6098a275727b', 'SPEAKING', false, null);
INSERT INTO public.questions (id, content, correct_answer, points, question_type, explanation, exam_id, part_id, part_no, question_number, group_id, question_bank_id, question_skill_type, is_example, suggested_answers) VALUES ('49785fed-945d-4288-9d03-045e4f8e889e', '{"audioUrl": "listen-and-speak/audio/1773902329859_e87cfd78_tellaboutheboy.mp3", "isBackup": false, "arrowNode": {"x": 44.7, "y": 17.6, "width": 10, "height": 20}, "backgroundImageUrl": "questions/scenes/images/1773889075759_9d01431f_speaking_starter_part1a_1.png"}', '{"expectedAnswers": ["The boy is sitting", "The boy is wearing a blue T-shirt", "The boy is wearing yellow shoes"]}', 1.00, 'LISTEN_AND_SPEAK_ANSWER', '', '6ab1c8b6-02e4-4df1-9fcc-d12c3c509839', '2', 2, 14, '22c8dfae-1de9-4725-9ce9-b0f8cb364a84', '42c15f94-bf2c-4c5a-ac43-ced96f3687eb', 'SPEAKING', false, null);
INSERT INTO public.questions (id, content, correct_answer, points, question_type, explanation, exam_id, part_id, part_no, question_number, group_id, question_bank_id, question_skill_type, is_example, suggested_answers) VALUES ('1e44e4dd-e1be-442f-a74f-8aca1133ceb2', '{"audioUrl": "questions/audio/audio/1773902786917_e67f1305_canyouflykite.mp3", "isBackup": false, "activeImageId": "obj-1773889672371"}', '{"expectedAnswers": ["Can''t", "Can", "Yes, I can", "No, I can''t"]}', 1.00, 'LISTEN_AND_SPEAK_IMAGE_GROUP', '', '6ab1c8b6-02e4-4df1-9fcc-d12c3c509839', '3', 3, 16, '625deb46-607f-4163-aa69-d8125cdbbadd', '823238c9-419d-40ba-ac2f-32fd299003e2', 'SPEAKING', false, null);
INSERT INTO public.questions (id, content, correct_answer, points, question_type, explanation, exam_id, part_id, part_no, question_number, group_id, question_bank_id, question_skill_type, is_example, suggested_answers) VALUES ('87a698d4-86c6-4056-aef7-882bed53fbdd', '{"audioUrl": "questions/audio/audio/1773902892257_b7602e9f_whatdoyoulikeweekend.mp3", "isBackup": false, "activeImageId": "obj-1773889672371"}', '{"expectedAnswers": ["Playing games", "Playing football", "Go to the park", "Reading books", "Listening to music"]}', 1.00, 'LISTEN_AND_SPEAK_IMAGE_GROUP', '', '6ab1c8b6-02e4-4df1-9fcc-d12c3c509839', '3', 3, 17, '625deb46-607f-4163-aa69-d8125cdbbadd', 'b085631a-cc3c-4b1f-b9c1-b44d34a229e4', 'SPEAKING', false, null);
INSERT INTO public.questions (id, content, correct_answer, points, question_type, explanation, exam_id, part_id, part_no, question_number, group_id, question_bank_id, question_skill_type, is_example, suggested_answers) VALUES ('bde3ab8e-bdb2-4259-9d2c-8c843d34e631', '{"audioUrl": "questions/audio/audio/1773902948029_fbdc2f9e_whatsthis.mp3", "isBackup": false, "activeImageId": "obj-1773889707422"}', '{"expectedAnswers": ["A cap", "It''s a cap"]}', 1.00, 'LISTEN_AND_SPEAK_IMAGE_GROUP', '', '6ab1c8b6-02e4-4df1-9fcc-d12c3c509839', '3', 3, 18, '625deb46-607f-4163-aa69-d8125cdbbadd', '84f1cc8b-316c-4041-849e-c7b3a5001bb1', 'SPEAKING', false, null);
INSERT INTO public.questions (id, content, correct_answer, points, question_type, explanation, exam_id, part_id, part_no, question_number, group_id, question_bank_id, question_skill_type, is_example, suggested_answers) VALUES ('50ad4f78-92e3-4285-a978-2724883e7c56', '{"audioUrl": "questions/audio/audio/1773903030678_d1d62c67_doyouwearcap.mp3", "isBackup": false, "activeImageId": "obj-1773889707422"}', '{"expectedAnswers": ["Yes", "No"]}', 1.00, 'LISTEN_AND_SPEAK_IMAGE_GROUP', '', '6ab1c8b6-02e4-4df1-9fcc-d12c3c509839', '3', 3, 19, '625deb46-607f-4163-aa69-d8125cdbbadd', '2ed7ceee-c6a1-41e6-94ed-1b35e343f9de', 'SPEAKING', false, null);
INSERT INTO public.questions (id, content, correct_answer, points, question_type, explanation, exam_id, part_id, part_no, question_number, group_id, question_bank_id, question_skill_type, is_example, suggested_answers) VALUES ('1ab9f00e-a974-4634-b3cc-182e5f38a774', '{"audioUrl": "questions/audio/audio/1773903117416_89559d42_whatyouwearing.mp3", "isBackup": false, "activeImageId": "obj-1773889707422"}', '{"expectedAnswers": ["A hat", "A shirt"]}', 1.00, 'LISTEN_AND_SPEAK_IMAGE_GROUP', '', '6ab1c8b6-02e4-4df1-9fcc-d12c3c509839', '3', 3, 20, '625deb46-607f-4163-aa69-d8125cdbbadd', '2d358dd4-ad90-4e80-a890-bdd20a62ea08', 'SPEAKING', false, null);
INSERT INTO public.questions (id, content, correct_answer, points, question_type, explanation, exam_id, part_id, part_no, question_number, group_id, question_bank_id, question_skill_type, is_example, suggested_answers) VALUES ('f91a1d4f-9155-433c-9454-8c57387bf4f0', '{"audioUrl": "questions/audio/audio/1773903302054_f577b906_whatsthis.mp3", "isBackup": false, "activeImageId": "obj-1773889712752"}', '{"expectedAnswers": ["A fish", "Fish"]}', 1.00, 'LISTEN_AND_SPEAK_IMAGE_GROUP', '', '6ab1c8b6-02e4-4df1-9fcc-d12c3c509839', '3', 3, 21, '625deb46-607f-4163-aa69-d8125cdbbadd', '063aeb74-a6d2-412a-bc2a-86db04ce9c51', 'SPEAKING', false, null);
INSERT INTO public.questions (id, content, correct_answer, points, question_type, explanation, exam_id, part_id, part_no, question_number, group_id, question_bank_id, question_skill_type, is_example, suggested_answers) VALUES ('c1aef922-c9a6-4c1b-a897-b6059f628efd', '{"audioUrl": "questions/audio/audio/1773903406837_23990eae_doyoulikeeatfish.mp3", "isBackup": false, "activeImageId": "obj-1773889712752"}', '{"expectedAnswers": ["Yes", "No"]}', 1.00, 'LISTEN_AND_SPEAK_IMAGE_GROUP', '', '6ab1c8b6-02e4-4df1-9fcc-d12c3c509839', '3', 3, 22, '625deb46-607f-4163-aa69-d8125cdbbadd', '99bf3b48-6fd3-40b3-8700-3dc70c4dc0fa', 'SPEAKING', false, null);
INSERT INTO public.questions (id, content, correct_answer, points, question_type, explanation, exam_id, part_id, part_no, question_number, group_id, question_bank_id, question_skill_type, is_example, suggested_answers) VALUES ('a3cb6f58-30a6-4340-9e44-6ccb175355bf', '{"audioUrl": "questions/audio/audio/1773903928059_4cc2c1e8_whatyourfood.mp3", "isBackup": false, "activeImageId": "obj-1773889712752"}', '{"expectedAnswers": ["Rice", "Noodle"]}', 1.00, 'LISTEN_AND_SPEAK_IMAGE_GROUP', '', '6ab1c8b6-02e4-4df1-9fcc-d12c3c509839', '3', 3, 23, '625deb46-607f-4163-aa69-d8125cdbbadd', '0b5d9f7b-a394-4a5a-a28e-6a274f05e2ae', 'SPEAKING', false, null);
INSERT INTO public.questions (id, content, correct_answer, points, question_type, explanation, exam_id, part_id, part_no, question_number, group_id, question_bank_id, question_skill_type, is_example, suggested_answers) VALUES ('9d5e185d-ac65-46bf-9e25-511933030dc9', '{"audioUrl": "questions/audio/audio/1773903970701_a9884222_whatsthis.mp3", "isBackup": false, "activeImageId": "obj-1773889721251"}', '{"expectedAnswers": ["Car", "A toy car"]}', 1.00, 'LISTEN_AND_SPEAK_IMAGE_GROUP', '', '6ab1c8b6-02e4-4df1-9fcc-d12c3c509839', '3', 3, 24, '625deb46-607f-4163-aa69-d8125cdbbadd', 'bef2f167-7ef9-47b1-8aac-f478efecff21', 'SPEAKING', false, null);
INSERT INTO public.questions (id, content, correct_answer, points, question_type, explanation, exam_id, part_id, part_no, question_number, group_id, question_bank_id, question_skill_type, is_example, suggested_answers) VALUES ('28cb1aa2-3dfa-4984-9512-94ea187e717e', '{"audioUrl": "exams/6ab1c8b6-02e4-4df1-9fcc-d12c3c509839/1_Part 1a/audio/1773894114205_cb954b1f_bees.mp3", "isBackup": false}', '{"objectId": "obj-1773887609073"}', 1.00, 'LISTEN_AND_CHOOSE_OBJECTS_IN_SCENE', '', '6ab1c8b6-02e4-4df1-9fcc-d12c3c509839', '1', 1, 2, '793254a1-d43c-4eaa-85eb-1f443880d0a3', '79a2189c-4a12-42f2-b488-00bb41aba140', 'SPEAKING', false, null);
INSERT INTO public.questions (id, content, correct_answer, points, question_type, explanation, exam_id, part_id, part_no, question_number, group_id, question_bank_id, question_skill_type, is_example, suggested_answers) VALUES ('d78b4040-e188-4913-a1d3-746f72034cf0', '{"audioUrl": "exams/6ab1c8b6-02e4-4df1-9fcc-d12c3c509839/1_Part 1c/audio/1773895713470_06d81d90_car_under_chair.mp3", "isBackup": false}', '{"objectId": "obj-1773888823450", "dropZoneId": "obj-1773888796808"}', 1.00, 'LISTEN_AND_DRAG_OBJECTS_INTO_SCENE', '', '6ab1c8b6-02e4-4df1-9fcc-d12c3c509839', '1', 1, 9, 'cb1fb7ae-09c9-432f-aa74-9ece991d5dea', '90cc679d-7336-408f-b13f-ff6d4faaf9a6', 'SPEAKING', false, null);
INSERT INTO public.questions (id, content, correct_answer, points, question_type, explanation, exam_id, part_id, part_no, question_number, group_id, question_bank_id, question_skill_type, is_example, suggested_answers) VALUES ('f15dcfd0-8174-452a-bdca-afd22bd25932', '{"audioUrl": "listen-and-speak/audio/1773905678096_c9b7b632_whatsportlike.mp3", "activeQuestionId": "obj-1773890152232"}', '{"expectedAnswers": ["Cat", "Dog"]}', 1.00, 'LISTEN_AND_SPEAK_QUESTION_LIST', '', '6ab1c8b6-02e4-4df1-9fcc-d12c3c509839', '4', 4, 29, '1f9bf41d-37eb-4af2-b3d4-dca73b795c24', 'c2546e4e-0ae4-4ecd-88f8-3dcf7b52b884', 'SPEAKING', false, null);
INSERT INTO public.questions (id, content, correct_answer, points, question_type, explanation, exam_id, part_id, part_no, question_number, group_id, question_bank_id, question_skill_type, is_example, suggested_answers) VALUES ('d9e30d28-e9ae-43b7-847a-5ee08a0d2d5d', '{"audioUrl": "questions/audio/audio/1773904045410_fd8e0007_haveyougotcar.mp3", "isBackup": false, "activeImageId": "obj-1773889721251"}', '{"expectedAnswers": ["Yes", "No"]}', 1.00, 'LISTEN_AND_SPEAK_IMAGE_GROUP', '', '6ab1c8b6-02e4-4df1-9fcc-d12c3c509839', '3', 3, 25, '625deb46-607f-4163-aa69-d8125cdbbadd', '165c78d8-5812-43c8-809b-062fe37a373b', 'SPEAKING', false, null);
INSERT INTO public.questions (id, content, correct_answer, points, question_type, explanation, exam_id, part_id, part_no, question_number, group_id, question_bank_id, question_skill_type, is_example, suggested_answers) VALUES ('3bb82ea8-8804-43d8-9a15-e600ef8d27cd', '{"audioUrl": "questions/audio/audio/1773904141326_147a1a0e_whattoylikehave.mp3", "isBackup": false, "activeImageId": "obj-1773889721251"}', '{"expectedAnswers": ["Robot", "Doll"]}', 1.00, 'LISTEN_AND_SPEAK_IMAGE_GROUP', '', '6ab1c8b6-02e4-4df1-9fcc-d12c3c509839', '3', 3, 26, '625deb46-607f-4163-aa69-d8125cdbbadd', 'f01ea59b-bdaf-4dd6-a921-0a61f570e2af', 'SPEAKING', false, null);
INSERT INTO public.questions (id, content, correct_answer, points, question_type, explanation, exam_id, part_id, part_no, question_number, group_id, question_bank_id, question_skill_type, is_example, suggested_answers) VALUES ('5d5e3448-7f1e-4cc0-abb6-0764187ba682', '{"audioUrl": "listen-and-speak/audio/1773904287756_3ec19cc8_howoldareyou.mp3", "activeQuestionId": "obj-1773890100333"}', '{"expectedAnswers": ["I''m 12 years old", "I''m 12"]}', 1.00, 'LISTEN_AND_SPEAK_QUESTION_LIST', '', '6ab1c8b6-02e4-4df1-9fcc-d12c3c509839', '4', 4, 27, '1f9bf41d-37eb-4af2-b3d4-dca73b795c24', 'eaa42d41-b5d1-4fd5-82dc-6c84f4dcef8c', 'SPEAKING', false, null);
INSERT INTO public.questions (id, content, correct_answer, points, question_type, explanation, exam_id, part_id, part_no, question_number, group_id, question_bank_id, question_skill_type, is_example, suggested_answers) VALUES ('b4dfadd7-242f-4c33-a9f6-e6dee6fbeb48', '{"audioUrl": "listen-and-speak/audio/1773905471671_89467c21_whereplaysport.mp3", "activeQuestionId": "obj-1773890107955"}', '{"expectedAnswers": ["Park", "Stadium"]}', 1.00, 'LISTEN_AND_SPEAK_QUESTION_LIST', '', '6ab1c8b6-02e4-4df1-9fcc-d12c3c509839', '4', 4, 28, '1f9bf41d-37eb-4af2-b3d4-dca73b795c24', '465743b4-2548-4276-9cfc-92f4d7ec0460', 'SPEAKING', false, null);
INSERT INTO public.questions (id, content, correct_answer, points, question_type, explanation, exam_id, part_id, part_no, question_number, group_id, question_bank_id, question_skill_type, is_example, suggested_answers) VALUES ('42f5428b-ccb1-49a7-ab7c-a993b8a5ecd8', '{"audioUrl": "exams/6ab1c8b6-02e4-4df1-9fcc-d12c3c509839/1_Part 1c/audio/1773895357514_12543cdb_kite_on_the_tree.mp3", "isBackup": false}', '{"objectId": "obj-1773888666277", "dropZoneId": "obj-1773888612923"}', 1.00, 'LISTEN_AND_DRAG_OBJECTS_INTO_SCENE', '', '6ab1c8b6-02e4-4df1-9fcc-d12c3c509839', '1', 1, 7, 'cb1fb7ae-09c9-432f-aa74-9ece991d5dea', '30b8e1c4-b6b1-4ee0-9376-70c5312264dd', 'SPEAKING', false, null);
INSERT INTO public.questions (id, content, correct_answer, points, question_type, explanation, exam_id, part_id, part_no, question_number, group_id, question_bank_id, question_skill_type, is_example, suggested_answers) VALUES ('dfcc490d-3103-459c-8942-b2538b44f8d2', '{"audioUrl": "exams/6ab1c8b6-02e4-4df1-9fcc-d12c3c509839/1_Part 1a/audio/1774335655059_73e47937_q2_sta_speaking_1.mp3", "isBackup": false}', '{"objectId": "obj-1773887587867"}', 1.00, 'LISTEN_AND_CHOOSE_OBJECTS_IN_SCENE', '', '6ab1c8b6-02e4-4df1-9fcc-d12c3c509839', '1', 1, 1, '793254a1-d43c-4eaa-85eb-1f443880d0a3', 'e2136a97-fecc-4e1c-be0b-210a28d14570', 'SPEAKING', false, null);
INSERT INTO public.exam_questions (id, exam_id, question_id, position, part_id, part_no, points) VALUES ('1db1c189-1a30-4f6c-af18-76b0e818133c', 'f1637f33-7b41-4a38-9b07-2e9becbb5581', 'dfcc490d-3103-459c-8942-b2538b44f8d2', 1, '1', 1, null);
INSERT INTO public.exam_questions (id, exam_id, question_id, position, part_id, part_no, points) VALUES ('1c2c9b8a-5e25-42d7-91f2-d7a3a9b030ec', 'f1637f33-7b41-4a38-9b07-2e9becbb5581', '28cb1aa2-3dfa-4984-9512-94ea187e717e', 2, '1', 1, null);
INSERT INTO public.exam_questions (id, exam_id, question_id, position, part_id, part_no, points) VALUES ('92399ea8-59df-40af-8099-784bae89e4e9', 'f1637f33-7b41-4a38-9b07-2e9becbb5581', '517343c6-bed1-45a3-922e-e41fee281774', 3, '1', 1, null);
INSERT INTO public.exam_questions (id, exam_id, question_id, position, part_id, part_no, points) VALUES ('c4e0d6ea-0af4-430a-a3d7-48af2b26e1ae', 'f1637f33-7b41-4a38-9b07-2e9becbb5581', '78a3b51b-805d-4d31-a25d-c2de9e279085', 4, '1', 1, null);
INSERT INTO public.exam_questions (id, exam_id, question_id, position, part_id, part_no, points) VALUES ('ecacc850-5f05-4b2c-887b-3c926d840671', 'f1637f33-7b41-4a38-9b07-2e9becbb5581', '96833215-1d51-44a1-b2e4-289219cae3aa', 5, '1', 1, null);
INSERT INTO public.exam_questions (id, exam_id, question_id, position, part_id, part_no, points) VALUES ('e94c9e35-1fa9-4f36-986e-21df62df6bd6', 'f1637f33-7b41-4a38-9b07-2e9becbb5581', '9690e109-041b-4d3e-9ff0-36e2a859ef78', 6, '1', 1, null);
INSERT INTO public.exam_questions (id, exam_id, question_id, position, part_id, part_no, points) VALUES ('6231b449-d5ae-464f-a800-11998c6ec458', 'f1637f33-7b41-4a38-9b07-2e9becbb5581', '42f5428b-ccb1-49a7-ab7c-a993b8a5ecd8', 7, '1', 1, null);
INSERT INTO public.exam_questions (id, exam_id, question_id, position, part_id, part_no, points) VALUES ('17bbca8d-f64a-483f-a5a9-deba1c0c0b85', 'f1637f33-7b41-4a38-9b07-2e9becbb5581', '28ed5f75-78f6-4857-93b5-487a0a34ed21', 8, '1', 1, null);
INSERT INTO public.exam_questions (id, exam_id, question_id, position, part_id, part_no, points) VALUES ('96e45954-531c-43ce-abda-4ddc395ba91a', 'f1637f33-7b41-4a38-9b07-2e9becbb5581', 'd78b4040-e188-4913-a1d3-746f72034cf0', 9, '1', 1, null);
INSERT INTO public.exam_questions (id, exam_id, question_id, position, part_id, part_no, points) VALUES ('e460dea4-a94b-4ce3-b208-0cf8acbe491c', 'f1637f33-7b41-4a38-9b07-2e9becbb5581', 'b74029bd-829b-4aae-b869-a2ee7569dcb8', 10, '2', 2, null);
INSERT INTO public.exam_questions (id, exam_id, question_id, position, part_id, part_no, points) VALUES ('9407bf49-ea05-4a1a-a1eb-ee30434169e4', 'f1637f33-7b41-4a38-9b07-2e9becbb5581', '443de623-79bd-4ec3-91c5-8ef2eb5aa7a2', 11, '2', 2, null);
INSERT INTO public.exam_questions (id, exam_id, question_id, position, part_id, part_no, points) VALUES ('3ad10cb4-fd1f-430a-8397-46a6193d7b88', 'f1637f33-7b41-4a38-9b07-2e9becbb5581', '26021acf-8e6b-4c4d-a770-234f2f688ecd', 12, '2', 2, null);
INSERT INTO public.exam_questions (id, exam_id, question_id, position, part_id, part_no, points) VALUES ('7e8c8143-5d7d-402d-b5f7-29c6f52f33cc', 'f1637f33-7b41-4a38-9b07-2e9becbb5581', 'aee69b10-96be-430c-aee7-c32c09e4fcdf', 13, '2', 2, null);
INSERT INTO public.exam_questions (id, exam_id, question_id, position, part_id, part_no, points) VALUES ('8383ff3d-de4f-4441-ac5a-30c9d2b01e93', 'f1637f33-7b41-4a38-9b07-2e9becbb5581', '49785fed-945d-4288-9d03-045e4f8e889e', 14, '2', 2, null);
INSERT INTO public.exam_questions (id, exam_id, question_id, position, part_id, part_no, points) VALUES ('ad05a0ae-5d30-45bc-9089-62f34738de7c', 'f1637f33-7b41-4a38-9b07-2e9becbb5581', 'fa685cf9-dfdf-4564-a4a2-72a3c14bd017', 15, '3', 3, null);
INSERT INTO public.exam_questions (id, exam_id, question_id, position, part_id, part_no, points) VALUES ('0fab61a4-6ef6-4978-a407-97d90fee88e9', 'f1637f33-7b41-4a38-9b07-2e9becbb5581', '1e44e4dd-e1be-442f-a74f-8aca1133ceb2', 16, '3', 3, null);
INSERT INTO public.exam_questions (id, exam_id, question_id, position, part_id, part_no, points) VALUES ('a0aa7b72-1039-4054-846b-2bdd1bc96287', 'f1637f33-7b41-4a38-9b07-2e9becbb5581', '87a698d4-86c6-4056-aef7-882bed53fbdd', 17, '3', 3, null);
INSERT INTO public.exam_questions (id, exam_id, question_id, position, part_id, part_no, points) VALUES ('de0707bc-8089-4878-98a6-0946b983d856', 'f1637f33-7b41-4a38-9b07-2e9becbb5581', 'bde3ab8e-bdb2-4259-9d2c-8c843d34e631', 18, '3', 3, null);
INSERT INTO public.exam_questions (id, exam_id, question_id, position, part_id, part_no, points) VALUES ('ca4d1594-9afd-4659-84e1-d5fbcbf80fd8', 'f1637f33-7b41-4a38-9b07-2e9becbb5581', '50ad4f78-92e3-4285-a978-2724883e7c56', 19, '3', 3, null);
INSERT INTO public.exam_questions (id, exam_id, question_id, position, part_id, part_no, points) VALUES ('282ed891-234e-4c7b-8c2c-7edef66f61a5', 'f1637f33-7b41-4a38-9b07-2e9becbb5581', '1ab9f00e-a974-4634-b3cc-182e5f38a774', 20, '3', 3, null);
INSERT INTO public.exam_questions (id, exam_id, question_id, position, part_id, part_no, points) VALUES ('73624861-17f5-4c6d-9694-cb71632f71a4', 'f1637f33-7b41-4a38-9b07-2e9becbb5581', 'f91a1d4f-9155-433c-9454-8c57387bf4f0', 21, '3', 3, null);
INSERT INTO public.exam_questions (id, exam_id, question_id, position, part_id, part_no, points) VALUES ('4c3f5088-2478-46b8-abe4-cfdd4d1825cd', 'f1637f33-7b41-4a38-9b07-2e9becbb5581', 'c1aef922-c9a6-4c1b-a897-b6059f628efd', 22, '3', 3, null);
INSERT INTO public.exam_questions (id, exam_id, question_id, position, part_id, part_no, points) VALUES ('9a7bbb56-8248-4b95-b7c7-4d8d3a31b069', 'f1637f33-7b41-4a38-9b07-2e9becbb5581', 'a3cb6f58-30a6-4340-9e44-6ccb175355bf', 23, '3', 3, null);
INSERT INTO public.exam_questions (id, exam_id, question_id, position, part_id, part_no, points) VALUES ('a4d5ae4a-3da8-4a4a-9886-b2dca117b0af', 'f1637f33-7b41-4a38-9b07-2e9becbb5581', '9d5e185d-ac65-46bf-9e25-511933030dc9', 24, '3', 3, null);
INSERT INTO public.exam_questions (id, exam_id, question_id, position, part_id, part_no, points) VALUES ('5544a9c3-1bce-4bf6-a7b7-fc3f6cbdec4c', 'f1637f33-7b41-4a38-9b07-2e9becbb5581', 'd9e30d28-e9ae-43b7-847a-5ee08a0d2d5d', 25, '3', 3, null);
INSERT INTO public.exam_questions (id, exam_id, question_id, position, part_id, part_no, points) VALUES ('c2fb8dcd-be0d-47e2-b2aa-2e8fee3551fe', 'f1637f33-7b41-4a38-9b07-2e9becbb5581', '3bb82ea8-8804-43d8-9a15-e600ef8d27cd', 26, '3', 3, null);
INSERT INTO public.exam_questions (id, exam_id, question_id, position, part_id, part_no, points) VALUES ('781a01eb-7687-4f27-8bdf-d1e905399626', 'f1637f33-7b41-4a38-9b07-2e9becbb5581', '5d5e3448-7f1e-4cc0-abb6-0764187ba682', 27, '4', 4, null);
INSERT INTO public.exam_questions (id, exam_id, question_id, position, part_id, part_no, points) VALUES ('311cf754-1f19-48eb-8d35-951d6d224d3b', 'f1637f33-7b41-4a38-9b07-2e9becbb5581', 'b4dfadd7-242f-4c33-a9f6-e6dee6fbeb48', 28, '4', 4, null);
INSERT INTO public.exam_questions (id, exam_id, question_id, position, part_id, part_no, points) VALUES ('d0278c4b-545d-42e6-9e1a-d05bb6c79cd6', 'f1637f33-7b41-4a38-9b07-2e9becbb5581', 'f15dcfd0-8174-452a-bdca-afd22bd25932', 29, '4', 4, null);
