INSERT INTO public.exams (id, name, code, subject_id, difficulty, is_complete, is_active, total_score, description, exam_level, duration_minutes, exam_template_id, parent_exam_id, variant_no, template, total_questions) VALUES ('a0676e0b-eece-46cf-a80a-872952488fcc', 'YLE - Flyers - Listening/Reading/Writing', 'YLE-FLY-LRW', null, 'MEDIUM', true, true, 46, 'Đề thi quý: Flyers - Listening/Reading/Writing', null, 45, null, null, null, '{"id": "68dee8ac-10fd-4e24-9f75-062ef18c0580", "parts": [{"id": 1, "name": "Part 1: Listen and draw lines.", "skill": "LISTENING", "points": 5, "isGroup": false, "audioUrl": "exams/a0676e0b-eece-46cf-a80a-872952488fcc/1/audio/1774261179467_da155665_LISTENING_PARTS_1-5.mp3", "category": "LISTENING", "endIndex": 0, "startIndex": 0, "instructions": "Listen and draw lines.", "questionType": "IMAGE_OBJECT_MATCHING", "questionCount": 1}, {"id": 2, "name": "Part 2: Listen and write.", "skill": "LISTENING", "groups": [{"number": 1, "questionCount": 6}], "points": 5, "isGroup": true, "audioUrl": "exams/a0676e0b-eece-46cf-a80a-872952488fcc/2/audio/1774261186922_be7f8c13_LISTENING_PARTS_1-5.mp3", "category": "LISTENING", "endIndex": 6, "viewMode": "NOTEPAD_FORM", "startIndex": 1, "groupConfig": ["title", "imageUrl"], "instructions": "Listen and write.", "questionType": "ANSWER_THE_QUESTION", "questionCount": 6, "hasSuggestedAnswers": false}, {"id": 3, "name": "Part 3: Listen and write a letter in each box.", "skill": "LISTENING", "groups": [{"number": 1, "questionCount": 6}], "points": 5, "isGroup": true, "audioUrl": "exams/a0676e0b-eece-46cf-a80a-872952488fcc/3/audio/1774261196148_2244d940_LISTENING_PARTS_1-5.mp3", "category": "LISTENING", "endIndex": 12, "startIndex": 7, "groupConfig": ["answer", "imageUrl"], "instructions": "Listen and write a letter in each box. There is one example.", "questionType": "MATCH_BY_WRITING_ANSWER", "questionCount": 6}, {"id": 4, "name": "Part 4. Listen and tick (✓) the box.", "skill": "LISTENING", "points": 5, "isGroup": false, "audioUrl": "exams/a0676e0b-eece-46cf-a80a-872952488fcc/4/audio/1774261206952_5d77b419_LISTENING_PARTS_1-5.mp3", "category": "LISTENING", "endIndex": 18, "optionMode": "IMAGE", "startIndex": 13, "optionCount": 3, "instructions": "Listen and tick (✓) the box.", "questionType": "CHOOSE_THE_CORRECT_ANSWER", "questionCount": 6, "questionConfig": ["question", "options"]}, {"id": 5, "name": "Part 5. Listen and colour and write.", "skill": "LISTENING", "points": 5, "isGroup": false, "audioUrl": "exams/a0676e0b-eece-46cf-a80a-872952488fcc/5/audio/1774261259032_5e88ca48_LISTENING_PARTS_1-5.mp3", "category": "LISTENING", "endIndex": 19, "startIndex": 19, "instructions": "Listen and colour and write.", "questionType": "READ_AND_COLOR_OBJECTS", "questionCount": 1}, {"id": 6, "name": "Part 1: Look and read. Choose the correct words and write them on the lines.", "skill": "READING", "groups": [{"number": 1, "questionCount": 11}], "points": 5, "isGroup": true, "category": "READING_AND_WRITING", "endIndex": 30, "startIndex": 20, "groupConfig": ["answer"], "instructions": "Look and read. Choose the correct words and write them on the lines.", "questionType": "MATCH_BY_WRITING_ANSWER", "questionCount": 11, "questionConfig": ["question", "answer"]}, {"id": 7, "name": "Part 2: Read the conversation and choose the best answer. Write a letter ({from}–{to}) for each answer.", "skill": "READING", "groups": [{"number": 1, "questionCount": 6}], "points": 5, "isGroup": true, "category": "READING_AND_WRITING", "endIndex": 36, "viewMode": "CONVERSATION", "startIndex": 31, "groupConfig": ["answer", "content", "groupImageUrl"], "optionCount": 8, "instructions": "Read the conversation and choose the best answer. Write a letter (A–H) for each answer.", "questionType": "MATCH_BY_WRITING_ANSWER", "questionCount": 6, "questionConfig": ["question", "answer"]}, {"id": 8, "name": "Part 3: Read the story. Choose a word from the box. Write the correct word next to numbers {from}–{to}.", "skill": "READING", "points": 6, "isGroup": false, "category": "READING_AND_WRITING", "endIndex": 38, "sections": [{"name": "Read the story. Choose a word from the box. Write the correct word next to numbers {from}–{to}.", "isGroup": false, "endIndex": 37, "viewMode": "WITH_WORD_BANK", "startIndex": 37, "questionType": "WORD_FILL_PARAGRAPH", "questionCount": 1}, {"name": "Choose the best name for the story", "isGroup": false, "endIndex": 38, "optionMode": "TEXT", "startIndex": 38, "optionCount": 3, "questionType": "CHOOSE_THE_CORRECT_ANSWER", "questionCount": 1, "questionConfig": ["question", "options"]}], "startIndex": 37, "instructions": "Read the story. Choose a word from the box. Write the correct word next to numbers {from}–{to}.", "questionCount": 2}, {"id": 9, "name": "Part 4: Read the text. Choose the right words and write them on the lines.", "skill": "READING", "points": 6, "isGroup": false, "category": "READING_AND_WRITING", "endIndex": 39, "viewMode": "WITH_OPTIONS", "optionMode": "TEXT", "startIndex": 39, "optionCount": 3, "instructions": "Read the text. Choose the right words and write them on the lines. There is one example.", "questionType": "WORD_FILL_PARAGRAPH", "questionCount": 1}, {"id": 10, "name": "Part 5: Look at the pictures and read the story. Write some words to complete the sentences about the story. You can use 1, 2, 3 or 4 words.", "skill": "READING", "groups": [{"number": 1, "questionCount": 9}], "points": 7, "isGroup": true, "category": "READING_AND_WRITING", "endIndex": 48, "startIndex": 40, "instructions": "Look at the pictures and read the story. Write some words to complete the sentences about the story. You can use 1, 2 or 3 words.", "questionType": "FILL_IN_BLANK", "questionCount": 9}, {"id": 11, "name": "Part 6: Read the text. Choose the right words and write them on the lines.", "skill": "READING", "points": 5, "isGroup": false, "category": "READING_AND_WRITING", "endIndex": 49, "viewMode": "DEFAULT", "optionMode": "TEXT", "startIndex": 49, "optionCount": 3, "instructions": "Read the text. Choose the right words and write them on the lines. There is one example.", "questionType": "WORD_FILL_PARAGRAPH", "questionCount": 1}, {"id": 12, "name": "Part 7", "skill": "WRITING", "isGroup": false, "category": "READING_AND_WRITING", "endIndex": 50, "startIndex": 50, "instructions": "", "questionType": "WRITE_A_SHORT_LETTER", "questionCount": 1}], "title": "YLE Flyers", "subTitle": "YLE FLYERS", "examLevel": "A2", "totalParts": 12, "description": "Cambridge YLE Flyers", "examLevelId": "735ebbdb-c074-4df1-9371-11fcb717e79d", "totalQuestions": 51}', 51);
INSERT INTO public.exams (id, name, code, subject_id, difficulty, is_complete, is_active, total_score, description, exam_level, duration_minutes, exam_template_id, parent_exam_id, variant_no, template, total_questions) VALUES ('d4eb85dd-b610-4e31-9058-aa26c5b1f6db', '000', 'YLE-FLY-LRW-0', null, 'MEDIUM', false, false, 46, 'Đề thi quý: Flyers - Listening/Reading/Writing', null, 45, null, 'a0676e0b-eece-46cf-a80a-872952488fcc', 0, '{"id": "68dee8ac-10fd-4e24-9f75-062ef18c0580", "parts": [{"id": 1, "name": "Part 1: Listen and draw lines.", "skill": "LISTENING", "points": 5, "isGroup": false, "audioUrl": "exams/a0676e0b-eece-46cf-a80a-872952488fcc/1/audio/1774261179467_da155665_LISTENING_PARTS_1-5.mp3", "category": "LISTENING", "endIndex": 0, "startIndex": 0, "instructions": "Listen and draw lines.", "questionType": "IMAGE_OBJECT_MATCHING", "questionCount": 1}, {"id": 2, "name": "Part 2: Listen and write.", "skill": "LISTENING", "groups": [{"number": 1, "questionCount": 6}], "points": 5, "isGroup": true, "audioUrl": "exams/a0676e0b-eece-46cf-a80a-872952488fcc/2/audio/1774261186922_be7f8c13_LISTENING_PARTS_1-5.mp3", "category": "LISTENING", "endIndex": 6, "viewMode": "NOTEPAD_FORM", "startIndex": 1, "groupConfig": ["title", "imageUrl"], "instructions": "Listen and write.", "questionType": "ANSWER_THE_QUESTION", "questionCount": 6, "hasSuggestedAnswers": false}, {"id": 3, "name": "Part 3: Listen and write a letter in each box.", "skill": "LISTENING", "groups": [{"number": 1, "questionCount": 6}], "points": 5, "isGroup": true, "audioUrl": "exams/a0676e0b-eece-46cf-a80a-872952488fcc/3/audio/1774261196148_2244d940_LISTENING_PARTS_1-5.mp3", "category": "LISTENING", "endIndex": 12, "startIndex": 7, "groupConfig": ["answer", "imageUrl"], "instructions": "Listen and write a letter in each box. There is one example.", "questionType": "MATCH_BY_WRITING_ANSWER", "questionCount": 6}, {"id": 4, "name": "Part 4. Listen and tick (✓) the box.", "skill": "LISTENING", "points": 5, "isGroup": false, "audioUrl": "exams/a0676e0b-eece-46cf-a80a-872952488fcc/4/audio/1774261206952_5d77b419_LISTENING_PARTS_1-5.mp3", "category": "LISTENING", "endIndex": 18, "optionMode": "IMAGE", "startIndex": 13, "optionCount": 3, "instructions": "Listen and tick (✓) the box.", "questionType": "CHOOSE_THE_CORRECT_ANSWER", "questionCount": 6, "questionConfig": ["question", "options"]}, {"id": 5, "name": "Part 5. Listen and colour and write.", "skill": "LISTENING", "points": 5, "isGroup": false, "audioUrl": "exams/a0676e0b-eece-46cf-a80a-872952488fcc/5/audio/1774261259032_5e88ca48_LISTENING_PARTS_1-5.mp3", "category": "LISTENING", "endIndex": 19, "startIndex": 19, "instructions": "Listen and colour and write.", "questionType": "READ_AND_COLOR_OBJECTS", "questionCount": 1}, {"id": 6, "name": "Part 1: Look and read. Choose the correct words and write them on the lines.", "skill": "READING", "groups": [{"number": 1, "questionCount": 11}], "points": 5, "isGroup": true, "category": "READING_AND_WRITING", "endIndex": 30, "startIndex": 20, "groupConfig": ["answer"], "instructions": "Look and read. Choose the correct words and write them on the lines.", "questionType": "MATCH_BY_WRITING_ANSWER", "questionCount": 11, "questionConfig": ["question", "answer"]}, {"id": 7, "name": "Part 2: Read the conversation and choose the best answer. Write a letter ({from}–{to}) for each answer.", "skill": "READING", "groups": [{"number": 1, "questionCount": 6}], "points": 5, "isGroup": true, "category": "READING_AND_WRITING", "endIndex": 36, "viewMode": "CONVERSATION", "startIndex": 31, "groupConfig": ["answer", "content", "groupImageUrl"], "optionCount": 8, "instructions": "Read the conversation and choose the best answer. Write a letter (A–H) for each answer.", "questionType": "MATCH_BY_WRITING_ANSWER", "questionCount": 6, "questionConfig": ["question", "answer"]}, {"id": 8, "name": "Part 3: Read the story. Choose a word from the box. Write the correct word next to numbers {from}–{to}.", "skill": "READING", "points": 6, "isGroup": false, "category": "READING_AND_WRITING", "endIndex": 38, "sections": [{"name": "Read the story. Choose a word from the box. Write the correct word next to numbers {from}–{to}.", "isGroup": false, "endIndex": 37, "viewMode": "WITH_WORD_BANK", "startIndex": 37, "questionType": "WORD_FILL_PARAGRAPH", "questionCount": 1}, {"name": "Choose the best name for the story", "isGroup": false, "endIndex": 38, "optionMode": "TEXT", "startIndex": 38, "optionCount": 3, "questionType": "CHOOSE_THE_CORRECT_ANSWER", "questionCount": 1, "questionConfig": ["question", "options"]}], "startIndex": 37, "instructions": "Read the story. Choose a word from the box. Write the correct word next to numbers {from}–{to}.", "questionCount": 2}, {"id": 9, "name": "Part 4: Read the text. Choose the right words and write them on the lines.", "skill": "READING", "points": 6, "isGroup": false, "category": "READING_AND_WRITING", "endIndex": 39, "viewMode": "WITH_OPTIONS", "optionMode": "TEXT", "startIndex": 39, "optionCount": 3, "instructions": "Read the text. Choose the right words and write them on the lines. There is one example.", "questionType": "WORD_FILL_PARAGRAPH", "questionCount": 1}, {"id": 10, "name": "Part 5: Look at the pictures and read the story. Write some words to complete the sentences about the story. You can use 1, 2, 3 or 4 words.", "skill": "READING", "groups": [{"number": 1, "questionCount": 9}], "points": 7, "isGroup": true, "category": "READING_AND_WRITING", "endIndex": 48, "startIndex": 40, "instructions": "Look at the pictures and read the story. Write some words to complete the sentences about the story. You can use 1, 2 or 3 words.", "questionType": "FILL_IN_BLANK", "questionCount": 9}, {"id": 11, "name": "Part 6: Read the text. Choose the right words and write them on the lines.", "skill": "READING", "points": 5, "isGroup": false, "category": "READING_AND_WRITING", "endIndex": 49, "viewMode": "DEFAULT", "optionMode": "TEXT", "startIndex": 49, "optionCount": 3, "instructions": "Read the text. Choose the right words and write them on the lines. There is one example.", "questionType": "WORD_FILL_PARAGRAPH", "questionCount": 1}, {"id": 12, "name": "Part 7", "skill": "WRITING", "isGroup": false, "category": "READING_AND_WRITING", "endIndex": 50, "startIndex": 50, "instructions": "", "questionType": "WRITE_A_SHORT_LETTER", "questionCount": 1}], "title": "YLE Flyers", "subTitle": "YLE FLYERS", "examLevel": "A2", "totalParts": 12, "description": "Cambridge YLE Flyers", "examLevelId": "735ebbdb-c074-4df1-9371-11fcb717e79d", "totalQuestions": 51}', 51);
INSERT INTO public.question_banks (id, code, title, content, correct_answer, question_type, difficulty, skill, points, subject_id, exam_level, explanation) VALUES ('70c876a1-591c-4a8e-a12e-957e881391e2', 'LAT_Q2_2025_FLY_002', 'Chọn đáp án đúng', '{"options": ["questions/options/images/1774349374163_06214e78_q2_flyers_listening_p4_2_a.png", "questions/options/images/1774349378843_72391901_q2_flyers_listening_p4_2_b.png", "questions/options/images/1774349384778_b9f83d06_q2_flyers_listening_p4_2_c.png"], "question": "What will William drink with his breakfast?", "optionType": "image"}', '{"answer": 0}', 'CHOOSE_THE_CORRECT_ANSWER', 'medium', null, 1.00, null, null, '');
INSERT INTO public.question_banks (id, code, title, content, correct_answer, question_type, difficulty, skill, points, subject_id, exam_level, explanation) VALUES ('ebb9246d-4556-4847-8018-1b9746df39b4', 'LAD_Q2_FLY_2025_001', 'Ghép nối hình ảnh', '{"colorNodes": [{"id": "color-1774261882163", "color": "#FF0000", "label": "Robert"}, {"id": "color-1774261931610", "color": "#00FF00", "label": "Katy"}, {"id": "color-1774261979500", "color": "#0000FF", "label": "Helen"}, {"id": "color-1774262014916", "color": "#FFFF00", "label": "Sarah"}, {"id": "color-1774262037817", "color": "#FF00FF", "label": "Harry"}], "regionNodes": [{"x": 18.6, "y": 60.1, "id": "region-1774261882163", "color": "#FF0000", "width": 6, "height": 5, "linkedColorNodeId": "color-1774261882163"}, {"x": 80.4, "y": 60, "id": "region-1774261931610", "color": "#00FF00", "width": 6, "height": 5, "linkedColorNodeId": "color-1774261931610"}, {"x": 64.6, "y": 34, "id": "region-1774261979500", "color": "#0000FF", "width": 6, "height": 5, "linkedColorNodeId": "color-1774261979500"}, {"x": 21, "y": 36, "id": "region-1774262014916", "color": "#FFFF00", "width": 6, "height": 5, "linkedColorNodeId": "color-1774262014916"}, {"x": 40.4, "y": 75.9, "id": "region-1774262037817", "color": "#FF00FF", "width": 6, "height": 5, "linkedColorNodeId": "color-1774262037817"}], "instructions": ["Match the red object with Robert", "Match the green object with Katy", "Match the blue object with Helen", "Match the yellow object with Sarah", "Match the pink object with Harry"], "backgroundImageUrl": "questions/images/1774261649540_e21a071d_q2_flyers_listening_p1.png"}', '{"answers": {"region-1774261882163": "#FF0000", "region-1774261931610": "#00FF00", "region-1774261979500": "#0000FF", "region-1774262014916": "#FFFF00", "region-1774262037817": "#FF00FF"}}', 'IMAGE_OBJECT_MATCHING', 'medium', null, 1.00, null, null, '');
INSERT INTO public.question_banks (id, code, title, content, correct_answer, question_type, difficulty, skill, points, subject_id, exam_level, explanation) VALUES ('25744964-34ff-4ede-8e4b-1eea6a1ca401', 'LAW_Q2_2025_FLY_001', 'Đọc câu hỏi và viết đáp án', '{"title": "Nghe và trả lời", "content": "", "imageUrl": "questions/images/1774347890274_0a77d6c8_q2_flyers_listening_p2.png", "question": "Name of music school:", "prefixText": "The", "suffixText": "Music School"}', '{"answer": "Stage"}', 'ANSWER_THE_QUESTION', 'medium', null, 1.00, null, null, '');
INSERT INTO public.question_banks (id, code, title, content, correct_answer, question_type, difficulty, skill, points, subject_id, exam_level, explanation) VALUES ('e0d9d237-8f9b-43d4-8df9-cf6e7340e269', 'LAW_Q2_2025_FLY_002', 'Đọc câu hỏi và viết đáp án', '{"title": "Nghe và trả lời", "content": "", "imageUrl": "questions/images/1774347890274_0a77d6c8_q2_flyers_listening_p2.png", "question": "Where:", "prefixText": "next to"}', '{"answer": "the library"}', 'ANSWER_THE_QUESTION', 'medium', null, 1.00, null, null, '');
INSERT INTO public.question_banks (id, code, title, content, correct_answer, question_type, difficulty, skill, points, subject_id, exam_level, explanation) VALUES ('557be758-a2b9-4024-a1df-3a22acdb1fb9', 'LAW_Q2_2025_FLY_003', 'Đọc câu hỏi và viết đáp án', '{"title": "Nghe và trả lời", "content": "", "imageUrl": "questions/images/1774347890274_0a77d6c8_q2_flyers_listening_p2.png", "question": "Address:", "suffixText": "London Street"}', '{"answer": "102"}', 'ANSWER_THE_QUESTION', 'medium', null, 1.00, null, null, '');
INSERT INTO public.question_banks (id, code, title, content, correct_answer, question_type, difficulty, skill, points, subject_id, exam_level, explanation) VALUES ('9c54aaa5-86e6-462f-95e0-c3ef81832ef2', 'LAW_Q2_2025_FLY_004', 'Đọc câu hỏi và viết đáp án', '{"title": "Nghe và trả lời", "content": "", "imageUrl": "questions/images/1774347890274_0a77d6c8_q2_flyers_listening_p2.png", "question": "Day of lesson:"}', '{"answer": "Saturday"}', 'ANSWER_THE_QUESTION', 'medium', null, 1.00, null, null, '');
INSERT INTO public.question_banks (id, code, title, content, correct_answer, question_type, difficulty, skill, points, subject_id, exam_level, explanation) VALUES ('6e4898fe-e6ec-41a0-b054-c9eb603dd5ee', 'LAW_Q2_2025_FLY_005', 'Đọc câu hỏi và viết đáp án', '{"title": "Nghe và trả lời", "content": "", "imageUrl": "questions/images/1774347890274_0a77d6c8_q2_flyers_listening_p2.png", "question": "Name of teacher:", "prefixText": "Mr"}', '{"answer": "Bagley"}', 'ANSWER_THE_QUESTION', 'medium', null, 1.00, null, null, '');
INSERT INTO public.question_banks (id, code, title, content, correct_answer, question_type, difficulty, skill, points, subject_id, exam_level, explanation) VALUES ('71e10ac1-5bd3-4d6d-a462-3ae251c632cc', 'LAW_Q2_2025_FLY_006', 'Đọc câu hỏi và viết đáp án', '{"title": "Nghe và trả lời", "content": "", "imageUrl": "questions/images/1774347890274_0a77d6c8_q2_flyers_listening_p2.png", "question": "Teacher''s telephone number:"}', '{"answer": "314479"}', 'ANSWER_THE_QUESTION', 'medium', null, 1.00, null, null, '');
INSERT INTO public.question_banks (id, code, title, content, correct_answer, question_type, difficulty, skill, points, subject_id, exam_level, explanation) VALUES ('ebe012c6-9b94-43df-b6df-5c39a3f62b20', 'LWL_Q2_2025_FLY_001', 'Ghép đáp án bằng cách viết', '{"options": [{"answer": "A", "content": "", "imageUrl": "questions/images/1774348169815_a7d06a58_q2_flyers_listening_p3_a.png"}, {"answer": "B", "content": "", "imageUrl": "questions/images/1774348181401_e49bd131_q2_flyers_listening_p3_b.png"}, {"answer": "C", "content": "", "imageUrl": "questions/images/1774348197821_ed23c765_q2_flyers_listening_p3_c.png"}, {"answer": "D", "content": "", "imageUrl": "questions/images/1774348213828_90d4ec19_q2_flyers_listening_p3_d.png"}, {"answer": "E", "content": "", "imageUrl": "questions/images/1774348224002_a1e60e90_q2_flyers_listening_p3_e.png"}, {"answer": "F", "content": "", "imageUrl": "questions/images/1774348234027_c82fcb83_q2_flyers_listening_p3_f.png"}, {"answer": "G", "content": "", "imageUrl": "questions/images/1774348247076_e47a5cb5_q2_flyers_listening_p3_g.png"}, {"answer": "H", "content": "", "imageUrl": "questions/images/1774348257640_03fa7555_q2_flyers_listening_p3_h.png"}], "imageUrl": "questions/images/1774348300870_f7a2029e_q2_flyers_listening_p3_david.png", "question": "David"}', '{"answer": "C"}', 'MATCH_BY_WRITING_ANSWER', 'medium', null, 1.00, null, null, '');
INSERT INTO public.question_banks (id, code, title, content, correct_answer, question_type, difficulty, skill, points, subject_id, exam_level, explanation) VALUES ('4e7b3f78-8cde-4f2e-98fa-68a0be7afa79', 'LWL_Q2_2025_FLY_002', 'Ghép đáp án bằng cách viết', '{"options": [{"answer": "A", "content": "", "imageUrl": "questions/images/1774348169815_a7d06a58_q2_flyers_listening_p3_a.png"}, {"answer": "B", "content": "", "imageUrl": "questions/images/1774348181401_e49bd131_q2_flyers_listening_p3_b.png"}, {"answer": "C", "content": "", "imageUrl": "questions/images/1774348197821_ed23c765_q2_flyers_listening_p3_c.png"}, {"answer": "D", "content": "", "imageUrl": "questions/images/1774348213828_90d4ec19_q2_flyers_listening_p3_d.png"}, {"answer": "E", "content": "", "imageUrl": "questions/images/1774348224002_a1e60e90_q2_flyers_listening_p3_e.png"}, {"answer": "F", "content": "", "imageUrl": "questions/images/1774348234027_c82fcb83_q2_flyers_listening_p3_f.png"}, {"answer": "G", "content": "", "imageUrl": "questions/images/1774348247076_e47a5cb5_q2_flyers_listening_p3_g.png"}, {"answer": "H", "content": "", "imageUrl": "questions/images/1774348257640_03fa7555_q2_flyers_listening_p3_h.png"}], "imageUrl": "questions/images/1774348356805_c02ee2b3_q2_flyers_listening_p3_sue.png", "question": "Aunt Sue"}', '{"answer": "A"}', 'MATCH_BY_WRITING_ANSWER', 'medium', null, 1.00, null, null, '');
INSERT INTO public.question_banks (id, code, title, content, correct_answer, question_type, difficulty, skill, points, subject_id, exam_level, explanation) VALUES ('3b1d9a4a-2eae-4655-8e2c-a3b17d886f25', 'LAT_Q2_2025_FLY_003', 'Chọn đáp án đúng', '{"options": ["questions/options/images/1774349421701_07a539d7_q2_flyers_listening_p4_3_a.png", "questions/options/images/1774349426801_5595fec2_q2_flyers_listening_p4_3_b.png", "questions/options/images/1774349431307_44f7a129_q2_flyers_listening_p4_3_c.png"], "question": "Where''s William History?", "optionType": "image"}', '{"answer": 0}', 'CHOOSE_THE_CORRECT_ANSWER', 'medium', null, 1.00, null, null, '');
INSERT INTO public.question_banks (id, code, title, content, correct_answer, question_type, difficulty, skill, points, subject_id, exam_level, explanation) VALUES ('a15950f1-bc36-4b73-a169-40a8decb1a13', 'LAT_Q2_2025_FLY_004', 'Chọn đáp án đúng', '{"options": ["questions/options/images/1774349576530_179ab1f3_q2_flyers_listening_p4_4_a.png", "questions/options/images/1774349581650_c8194bea_q2_flyers_listening_p4_4_b.png", "questions/options/images/1774349586094_ba987786_q2_flyers_listening_p4_4_c.png"], "question": "What homework did William have?", "optionType": "image"}', '{"answer": 2}', 'CHOOSE_THE_CORRECT_ANSWER', 'medium', null, 1.00, null, null, '');
INSERT INTO public.question_banks (id, code, title, content, correct_answer, question_type, difficulty, skill, points, subject_id, exam_level, explanation) VALUES ('ccaa2ad8-5a54-493c-8ee1-42f323a4eca6', 'LWL_Q2_2025_FLY_003', 'Ghép đáp án bằng cách viết', '{"options": [{"answer": "A", "content": "", "imageUrl": "questions/images/1774348169815_a7d06a58_q2_flyers_listening_p3_a.png"}, {"answer": "B", "content": "", "imageUrl": "questions/images/1774348181401_e49bd131_q2_flyers_listening_p3_b.png"}, {"answer": "C", "content": "", "imageUrl": "questions/images/1774348197821_ed23c765_q2_flyers_listening_p3_c.png"}, {"answer": "D", "content": "", "imageUrl": "questions/images/1774348213828_90d4ec19_q2_flyers_listening_p3_d.png"}, {"answer": "E", "content": "", "imageUrl": "questions/images/1774348224002_a1e60e90_q2_flyers_listening_p3_e.png"}, {"answer": "F", "content": "", "imageUrl": "questions/images/1774348234027_c82fcb83_q2_flyers_listening_p3_f.png"}, {"answer": "G", "content": "", "imageUrl": "questions/images/1774348247076_e47a5cb5_q2_flyers_listening_p3_g.png"}, {"answer": "H", "content": "", "imageUrl": "questions/images/1774348257640_03fa7555_q2_flyers_listening_p3_h.png"}], "imageUrl": "questions/images/1774348403886_5393a3b0_q2_flyers_listening_p3_jane.png", "question": "Jane"}', '{"answer": "H"}', 'MATCH_BY_WRITING_ANSWER', 'medium', null, 1.00, null, null, '');
INSERT INTO public.question_banks (id, code, title, content, correct_answer, question_type, difficulty, skill, points, subject_id, exam_level, explanation) VALUES ('102e3e52-defe-442d-95c7-11906caa234a', 'LCW_Q2_2025_FLY_001', 'Đọc và tô màu', '{"colorNodes": [{"id": "color-1774349749436", "color": "#00FF00"}, {"id": "color-1774349763155", "color": "#000000"}, {"id": "color-1774349779804", "color": "#FFFF00"}, {"id": "color-1774349795499", "color": "#0000FF"}, {"id": "color-1774349803509", "color": "#FF0000"}], "regionNodes": [{"x": 88.5, "y": 62.8, "id": "region-1774349749436", "color": "#00FF00", "width": 6, "height": 5, "linkedColorNodeId": "color-1774349749436"}, {"x": 38.7, "y": 76.7, "id": "region-1774349763155", "color": "#000000", "width": 6, "height": 5, "linkedColorNodeId": "color-1774349763155"}, {"x": 39.8, "y": 41.9, "id": "region-1774349779804", "color": "#FFFF00", "width": 6, "height": 5, "linkedColorNodeId": "color-1774349779804"}, {"x": 61.7, "y": 39.4, "id": "region-1774349795499", "color": "#0000FF", "width": 6, "height": 5, "linkedColorNodeId": "color-1774349795499"}, {"x": 49, "y": 2.8, "id": "region-1774349803509", "color": "#FF0000", "width": 6, "height": 5, "linkedColorNodeId": "color-1774349803509"}], "instructions": ["Colour the T-shirt of the girl with glasses green", "Colour the blank in the board at the gate black", "Colour the cakes on the blanket yellow", "Colour the kite red", "Colour the hat of a baby blue"], "backgroundImageUrl": "questions/images/1774349747121_89e829b2_q2_flyers_listening_p5.png"}', '{"answers": {"region-1774349749436": "#00FF00", "region-1774349763155": "#000000", "region-1774349779804": "#FFFF00", "region-1774349795499": "#0000FF", "region-1774349803509": "#FF0000"}}', 'READ_AND_COLOR_OBJECTS', 'medium', null, 1.00, null, null, '');
INSERT INTO public.question_banks (id, code, title, content, correct_answer, question_type, difficulty, skill, points, subject_id, exam_level, explanation) VALUES ('f2a39581-0854-48b1-83a9-cb33278ccafb', 'LWL_Q2_2025_FLY_004', 'Ghép đáp án bằng cách viết', '{"options": [{"answer": "A", "content": "", "imageUrl": "questions/images/1774348169815_a7d06a58_q2_flyers_listening_p3_a.png"}, {"answer": "B", "content": "", "imageUrl": "questions/images/1774348181401_e49bd131_q2_flyers_listening_p3_b.png"}, {"answer": "C", "content": "", "imageUrl": "questions/images/1774348197821_ed23c765_q2_flyers_listening_p3_c.png"}, {"answer": "D", "content": "", "imageUrl": "questions/images/1774348213828_90d4ec19_q2_flyers_listening_p3_d.png"}, {"answer": "E", "content": "", "imageUrl": "questions/images/1774348224002_a1e60e90_q2_flyers_listening_p3_e.png"}, {"answer": "F", "content": "", "imageUrl": "questions/images/1774348234027_c82fcb83_q2_flyers_listening_p3_f.png"}, {"answer": "G", "content": "", "imageUrl": "questions/images/1774348247076_e47a5cb5_q2_flyers_listening_p3_g.png"}, {"answer": "H", "content": "", "imageUrl": "questions/images/1774348257640_03fa7555_q2_flyers_listening_p3_h.png"}], "imageUrl": "questions/images/1774348447747_f244cca2_q2_flyers_listening_p3_frank.png", "question": "Uncle Frank"}', '{"answer": "E"}', 'MATCH_BY_WRITING_ANSWER', 'medium', null, 1.00, null, null, '');
INSERT INTO public.question_banks (id, code, title, content, correct_answer, question_type, difficulty, skill, points, subject_id, exam_level, explanation) VALUES ('727b5161-df85-47c2-872f-2968c9f32e45', 'LWL_Q2_2025_FLY_005', 'Ghép đáp án bằng cách viết', '{"options": [{"answer": "A", "content": "", "imageUrl": "questions/images/1774348169815_a7d06a58_q2_flyers_listening_p3_a.png"}, {"answer": "B", "content": "", "imageUrl": "questions/images/1774348181401_e49bd131_q2_flyers_listening_p3_b.png"}, {"answer": "C", "content": "", "imageUrl": "questions/images/1774348197821_ed23c765_q2_flyers_listening_p3_c.png"}, {"answer": "D", "content": "", "imageUrl": "questions/images/1774348213828_90d4ec19_q2_flyers_listening_p3_d.png"}, {"answer": "E", "content": "", "imageUrl": "questions/images/1774348224002_a1e60e90_q2_flyers_listening_p3_e.png"}, {"answer": "F", "content": "", "imageUrl": "questions/images/1774348234027_c82fcb83_q2_flyers_listening_p3_f.png"}, {"answer": "G", "content": "", "imageUrl": "questions/images/1774348247076_e47a5cb5_q2_flyers_listening_p3_g.png"}, {"answer": "H", "content": "", "imageUrl": "questions/images/1774348257640_03fa7555_q2_flyers_listening_p3_h.png"}], "imageUrl": "questions/images/1774348490223_b22bd783_q2_flyers_listening_p3_anna.png", "question": "Anna"}', '{"answer": "D"}', 'MATCH_BY_WRITING_ANSWER', 'medium', null, 1.00, null, null, '');
INSERT INTO public.question_banks (id, code, title, content, correct_answer, question_type, difficulty, skill, points, subject_id, exam_level, explanation) VALUES ('27e4172c-608d-4028-808e-b693e5e573d3', 'LWL_Q2_2025_FLY_006', 'Ghép đáp án bằng cách viết', '{"options": [{"answer": "A", "content": "", "imageUrl": "questions/images/1774348169815_a7d06a58_q2_flyers_listening_p3_a.png"}, {"answer": "B", "content": "", "imageUrl": "questions/images/1774348181401_e49bd131_q2_flyers_listening_p3_b.png"}, {"answer": "C", "content": "", "imageUrl": "questions/images/1774348197821_ed23c765_q2_flyers_listening_p3_c.png"}, {"answer": "D", "content": "", "imageUrl": "questions/images/1774348213828_90d4ec19_q2_flyers_listening_p3_d.png"}, {"answer": "E", "content": "", "imageUrl": "questions/images/1774348224002_a1e60e90_q2_flyers_listening_p3_e.png"}, {"answer": "F", "content": "", "imageUrl": "questions/images/1774348234027_c82fcb83_q2_flyers_listening_p3_f.png"}, {"answer": "G", "content": "", "imageUrl": "questions/images/1774348247076_e47a5cb5_q2_flyers_listening_p3_g.png"}, {"answer": "H", "content": "", "imageUrl": "questions/images/1774348257640_03fa7555_q2_flyers_listening_p3_h.png"}], "imageUrl": "questions/images/1774348559866_b6ad5e51_q2_flyers_listening_p3_michael.png", "question": "Michael"}', '{"answer": "G"}', 'MATCH_BY_WRITING_ANSWER', 'medium', null, 1.00, null, null, '');
INSERT INTO public.question_banks (id, code, title, content, correct_answer, question_type, difficulty, skill, points, subject_id, exam_level, explanation) VALUES ('283644d3-8f2b-4cb4-a5c2-dbaaaf492ebc', 'LAT_Q2_2025_FLY_001', 'Chọn đáp án đúng', '{"options": ["questions/options/images/1774349298946_fe71cb87_q2_flyers_listening_p4_1_a.png", "questions/options/images/1774349304369_1c31a9d3_q2_flyers_listening_p4_1_b.png", "questions/options/images/1774349309247_e118296f_q2_flyers_listening_p4_1_c.png"], "question": "What is William reading about?", "optionType": "image"}', '{"answer": 1}', 'CHOOSE_THE_CORRECT_ANSWER', 'medium', null, 1.00, null, null, '');
INSERT INTO public.question_banks (id, code, title, content, correct_answer, question_type, difficulty, skill, points, subject_id, exam_level, explanation) VALUES ('12113ada-f92e-4f81-ad0c-6efc58205c7a', 'RCW_Q2_2025_FLY_002', 'Chọn đáp án đúng', '{"options": ["Mrs White''s handbag", "The best café", "My terrible day"], "question": "Now choose the best name for the story.", "optionType": "text"}', '{"answer": 0}', 'CHOOSE_THE_CORRECT_ANSWER', 'medium', null, 1.00, null, null, '');
INSERT INTO public.question_banks (id, code, title, content, correct_answer, question_type, difficulty, skill, points, subject_id, exam_level, explanation) VALUES ('ef762ec5-a646-47a9-980c-e8f13aa5b0d2', 'LAT_Q2_2025_FLY_005', 'Chọn đáp án đúng', '{"options": ["questions/options/images/1774349627316_f3daffde_q2_flyers_listening_p4_5_a.png", "questions/options/images/1774349631766_3503d4fe_q2_flyers_listening_p4_5_b.png", "questions/options/images/1774349636138_e97acd99_q2_flyers_listening_p4_5_c.png"], "question": "Which shorts will William take for football practice?", "optionType": "image"}', '{"answer": 1}', 'CHOOSE_THE_CORRECT_ANSWER', 'medium', null, 1.00, null, null, '');
INSERT INTO public.question_banks (id, code, title, content, correct_answer, question_type, difficulty, skill, points, subject_id, exam_level, explanation) VALUES ('8238549e-00c3-4b54-95ff-dcdd25ba4b9d', 'LAT_Q2_2025_FLY_006', 'Chọn đáp án đúng', '{"options": ["questions/options/images/1774349674279_367adc38_q2_flyers_listening_p4_6_a.png", "questions/options/images/1774349678224_651eeb38_q2_flyers_listening_p4_6_b.png", "questions/options/images/1774349681766_b86aa44a_q2_flyers_listening_p4_6_c.png"], "question": "What time will William see the dentist?", "optionType": "image"}', '{"answer": 2}', 'CHOOSE_THE_CORRECT_ANSWER', 'medium', null, 1.00, null, null, '');
INSERT INTO public.question_banks (id, code, title, content, correct_answer, question_type, difficulty, skill, points, subject_id, exam_level, explanation) VALUES ('dfeb2e53-d606-4fa3-bd8f-32ad07bedd2c', 'LRC_Q2_2025_FLY_001', 'Ghép đáp án bằng cách viết', '{"options": [{"answer": "a dentist", "content": "", "imageUrl": ""}, {"answer": "butter", "content": "", "imageUrl": ""}, {"answer": "a bridge", "content": "", "imageUrl": ""}, {"answer": "chocolate", "content": "", "imageUrl": ""}, {"answer": "an ambulance", "content": "", "imageUrl": ""}, {"answer": "a castle", "content": "", "imageUrl": ""}, {"answer": "traffic", "content": "", "imageUrl": ""}, {"answer": "sugar", "content": "", "imageUrl": ""}, {"answer": "a snack", "content": "", "imageUrl": ""}, {"answer": "an airport", "content": "", "imageUrl": ""}, {"answer": "an astronaut", "content": "", "imageUrl": ""}, {"answer": "a bike", "content": "", "imageUrl": ""}, {"answer": "a station", "content": "", "imageUrl": ""}, {"answer": "a waiter", "content": "", "imageUrl": ""}, {"answer": "jam", "content": "", "imageUrl": ""}], "question": "You go to this place if you want to travel somewhere by plane."}', '{"answer": "an airport"}', 'MATCH_BY_WRITING_ANSWER', 'medium', null, 1.00, null, null, '');
INSERT INTO public.question_banks (id, code, title, content, correct_answer, question_type, difficulty, skill, points, subject_id, exam_level, explanation) VALUES ('f9ab6b3b-5996-44bb-ad12-b31a9a6f2e1c', 'LRC_Q2_2025_FLY_002', 'Ghép đáp án bằng cách viết', '{"options": [{"answer": "a dentist", "content": "", "imageUrl": ""}, {"answer": "butter", "content": "", "imageUrl": ""}, {"answer": "a bridge", "content": "", "imageUrl": ""}, {"answer": "chocolate", "content": "", "imageUrl": ""}, {"answer": "an ambulance", "content": "", "imageUrl": ""}, {"answer": "a castle", "content": "", "imageUrl": ""}, {"answer": "traffic", "content": "", "imageUrl": ""}, {"answer": "sugar", "content": "", "imageUrl": ""}, {"answer": "a snack", "content": "", "imageUrl": ""}, {"answer": "an airport", "content": "", "imageUrl": ""}, {"answer": "an astronaut", "content": "", "imageUrl": ""}, {"answer": "a bike", "content": "", "imageUrl": ""}, {"answer": "a station", "content": "", "imageUrl": ""}, {"answer": "a waiter", "content": "", "imageUrl": ""}, {"answer": "jam", "content": "", "imageUrl": ""}], "question": "This is brown and sweet. Most children like eating this."}', '{"answer": "chocolate"}', 'MATCH_BY_WRITING_ANSWER', 'medium', null, 1.00, null, null, '');
INSERT INTO public.question_banks (id, code, title, content, correct_answer, question_type, difficulty, skill, points, subject_id, exam_level, explanation) VALUES ('68d79bf6-96e4-4f99-8fda-aada1000ece6', 'LRC_Q2_2025_FLY_003', 'Ghép đáp án bằng cách viết', '{"options": [{"answer": "a dentist", "content": "", "imageUrl": ""}, {"answer": "butter", "content": "", "imageUrl": ""}, {"answer": "a bridge", "content": "", "imageUrl": ""}, {"answer": "chocolate", "content": "", "imageUrl": ""}, {"answer": "an ambulance", "content": "", "imageUrl": ""}, {"answer": "a castle", "content": "", "imageUrl": ""}, {"answer": "traffic", "content": "", "imageUrl": ""}, {"answer": "sugar", "content": "", "imageUrl": ""}, {"answer": "a snack", "content": "", "imageUrl": ""}, {"answer": "an airport", "content": "", "imageUrl": ""}, {"answer": "an astronaut", "content": "", "imageUrl": ""}, {"answer": "a bike", "content": "", "imageUrl": ""}, {"answer": "a station", "content": "", "imageUrl": ""}, {"answer": "a waiter", "content": "", "imageUrl": ""}, {"answer": "jam", "content": "", "imageUrl": ""}], "question": "This is yellow and we put it on bread. We use it when we make cakes."}', '{"answer": "butter"}', 'MATCH_BY_WRITING_ANSWER', 'medium', null, 1.00, null, null, '');
INSERT INTO public.question_banks (id, code, title, content, correct_answer, question_type, difficulty, skill, points, subject_id, exam_level, explanation) VALUES ('d7dba14c-28ff-450d-bfec-34de301784a5', 'LRC_Q2_2025_FLY_004', 'Ghép đáp án bằng cách viết', '{"options": [{"answer": "a dentist", "content": "", "imageUrl": ""}, {"answer": "butter", "content": "", "imageUrl": ""}, {"answer": "a bridge", "content": "", "imageUrl": ""}, {"answer": "chocolate", "content": "", "imageUrl": ""}, {"answer": "an ambulance", "content": "", "imageUrl": ""}, {"answer": "a castle", "content": "", "imageUrl": ""}, {"answer": "traffic", "content": "", "imageUrl": ""}, {"answer": "sugar", "content": "", "imageUrl": ""}, {"answer": "a snack", "content": "", "imageUrl": ""}, {"answer": "an airport", "content": "", "imageUrl": ""}, {"answer": "an astronaut", "content": "", "imageUrl": ""}, {"answer": "a bike", "content": "", "imageUrl": ""}, {"answer": "a station", "content": "", "imageUrl": ""}, {"answer": "a waiter", "content": "", "imageUrl": ""}, {"answer": "jam", "content": "", "imageUrl": ""}], "question": "Grown ups and children can ride this. It''s got two wheels."}', '{"answer": "a bike"}', 'MATCH_BY_WRITING_ANSWER', 'medium', null, 1.00, null, null, '');
INSERT INTO public.question_banks (id, code, title, content, correct_answer, question_type, difficulty, skill, points, subject_id, exam_level, explanation) VALUES ('dbaa4d74-183a-4256-ab3f-d323da5ddd27', 'LRC_Q2_2025_FLY_005', 'Ghép đáp án bằng cách viết', '{"options": [{"answer": "a dentist", "content": "", "imageUrl": ""}, {"answer": "butter", "content": "", "imageUrl": ""}, {"answer": "a bridge", "content": "", "imageUrl": ""}, {"answer": "chocolate", "content": "", "imageUrl": ""}, {"answer": "an ambulance", "content": "", "imageUrl": ""}, {"answer": "a castle", "content": "", "imageUrl": ""}, {"answer": "traffic", "content": "", "imageUrl": ""}, {"answer": "sugar", "content": "", "imageUrl": ""}, {"answer": "a snack", "content": "", "imageUrl": ""}, {"answer": "an airport", "content": "", "imageUrl": ""}, {"answer": "an astronaut", "content": "", "imageUrl": ""}, {"answer": "a bike", "content": "", "imageUrl": ""}, {"answer": "a station", "content": "", "imageUrl": ""}, {"answer": "a waiter", "content": "", "imageUrl": ""}, {"answer": "jam", "content": "", "imageUrl": ""}], "question": "This person brings you food, usually in a restaurant or café."}', '{"answer": "a waiter"}', 'MATCH_BY_WRITING_ANSWER', 'medium', null, 1.00, null, null, '');
INSERT INTO public.question_banks (id, code, title, content, correct_answer, question_type, difficulty, skill, points, subject_id, exam_level, explanation) VALUES ('22fdbabf-ae3e-4047-88f9-4bd63fbbfaae', 'LWS_Q2_2025_FLY_001', 'Kể lại câu chuyện theo ảnh', '{"contexts": [], "maxWords": 100, "minWords": 20, "guideImages": ["write-short-letter/guide/images/1774415073633_954f355f_q2_flyers_rw_p7_1.png", "write-short-letter/guide/images/1774415078828_349e8c40_q2_flyers_rw_p7_2.png", "write-short-letter/guide/images/1774415082816_cddf9811_q2_flyers_rw_p7_3.png"], "informations": [], "instructions": {"mainInstruction": "Look at the three pictures. Write about this story. Write 20 or more words."}}', '{}', 'WRITE_A_SHORT_LETTER', 'medium', null, 10.00, null, null, '');
INSERT INTO public.question_banks (id, code, title, content, correct_answer, question_type, difficulty, skill, points, subject_id, exam_level, explanation) VALUES ('aa7995a6-27b6-42b2-83cd-596722925fff', 'LRC_Q2_2025_FLY_006', 'Ghép đáp án bằng cách viết', '{"options": [{"answer": "a dentist", "content": "", "imageUrl": ""}, {"answer": "butter", "content": "", "imageUrl": ""}, {"answer": "a bridge", "content": "", "imageUrl": ""}, {"answer": "chocolate", "content": "", "imageUrl": ""}, {"answer": "an ambulance", "content": "", "imageUrl": ""}, {"answer": "a castle", "content": "", "imageUrl": ""}, {"answer": "traffic", "content": "", "imageUrl": ""}, {"answer": "sugar", "content": "", "imageUrl": ""}, {"answer": "a snack", "content": "", "imageUrl": ""}, {"answer": "an airport", "content": "", "imageUrl": ""}, {"answer": "an astronaut", "content": "", "imageUrl": ""}, {"answer": "a bike", "content": "", "imageUrl": ""}, {"answer": "a station", "content": "", "imageUrl": ""}, {"answer": "a waiter", "content": "", "imageUrl": ""}, {"answer": "jam", "content": "", "imageUrl": ""}], "question": "People go to this place if they want to catch a bus or train."}', '{"answer": "a station"}', 'MATCH_BY_WRITING_ANSWER', 'medium', null, 1.00, null, null, '');
INSERT INTO public.question_banks (id, code, title, content, correct_answer, question_type, difficulty, skill, points, subject_id, exam_level, explanation) VALUES ('b4e41daa-7d2d-4e3c-bf4b-6888ef1692c8', 'LRC_Q2_2025_FLY_007', 'Ghép đáp án bằng cách viết', '{"options": [{"answer": "a dentist", "content": "", "imageUrl": ""}, {"answer": "butter", "content": "", "imageUrl": ""}, {"answer": "a bridge", "content": "", "imageUrl": ""}, {"answer": "chocolate", "content": "", "imageUrl": ""}, {"answer": "an ambulance", "content": "", "imageUrl": ""}, {"answer": "a castle", "content": "", "imageUrl": ""}, {"answer": "traffic", "content": "", "imageUrl": ""}, {"answer": "sugar", "content": "", "imageUrl": ""}, {"answer": "a snack", "content": "", "imageUrl": ""}, {"answer": "an airport", "content": "", "imageUrl": ""}, {"answer": "an astronaut", "content": "", "imageUrl": ""}, {"answer": "a bike", "content": "", "imageUrl": ""}, {"answer": "a station", "content": "", "imageUrl": ""}, {"answer": "a waiter", "content": "", "imageUrl": ""}, {"answer": "jam", "content": "", "imageUrl": ""}], "question": "This is white and we use it when we make cakes and sweets."}', '{"answer": "sugar"}', 'MATCH_BY_WRITING_ANSWER', 'medium', null, 1.00, null, null, '');
INSERT INTO public.question_banks (id, code, title, content, correct_answer, question_type, difficulty, skill, points, subject_id, exam_level, explanation) VALUES ('70fd8903-cf87-4c06-8bfd-ee58c32208b5', 'LRC_Q2_2025_FLY_008', 'Ghép đáp án bằng cách viết', '{"options": [{"answer": "a dentist", "content": "", "imageUrl": ""}, {"answer": "butter", "content": "", "imageUrl": ""}, {"answer": "a bridge", "content": "", "imageUrl": ""}, {"answer": "chocolate", "content": "", "imageUrl": ""}, {"answer": "an ambulance", "content": "", "imageUrl": ""}, {"answer": "a castle", "content": "", "imageUrl": ""}, {"answer": "traffic", "content": "", "imageUrl": ""}, {"answer": "sugar", "content": "", "imageUrl": ""}, {"answer": "a snack", "content": "", "imageUrl": ""}, {"answer": "an airport", "content": "", "imageUrl": ""}, {"answer": "an astronaut", "content": "", "imageUrl": ""}, {"answer": "a bike", "content": "", "imageUrl": ""}, {"answer": "a station", "content": "", "imageUrl": ""}, {"answer": "a waiter", "content": "", "imageUrl": ""}, {"answer": "jam", "content": "", "imageUrl": ""}], "question": "You should see this person if you have bad toothache."}', '{"answer": "a dentist"}', 'MATCH_BY_WRITING_ANSWER', 'medium', null, 1.00, null, null, '');
INSERT INTO public.question_banks (id, code, title, content, correct_answer, question_type, difficulty, skill, points, subject_id, exam_level, explanation) VALUES ('df5fb934-a5fd-46d1-8e43-07bfdf32b6ce', 'LRC_Q2_2025_FLY_009', 'Ghép đáp án bằng cách viết', '{"options": [{"answer": "a dentist", "content": "", "imageUrl": ""}, {"answer": "butter", "content": "", "imageUrl": ""}, {"answer": "a bridge", "content": "", "imageUrl": ""}, {"answer": "chocolate", "content": "", "imageUrl": ""}, {"answer": "an ambulance", "content": "", "imageUrl": ""}, {"answer": "a castle", "content": "", "imageUrl": ""}, {"answer": "traffic", "content": "", "imageUrl": ""}, {"answer": "sugar", "content": "", "imageUrl": ""}, {"answer": "a snack", "content": "", "imageUrl": ""}, {"answer": "an airport", "content": "", "imageUrl": ""}, {"answer": "an astronaut", "content": "", "imageUrl": ""}, {"answer": "a bike", "content": "", "imageUrl": ""}, {"answer": "a station", "content": "", "imageUrl": ""}, {"answer": "a waiter", "content": "", "imageUrl": ""}, {"answer": "jam", "content": "", "imageUrl": ""}], "question": "You travel in this if you need to get to hospital quickly."}', '{"answer": "an ambulance"}', 'MATCH_BY_WRITING_ANSWER', 'medium', null, 1.00, null, null, '');
INSERT INTO public.question_banks (id, code, title, content, correct_answer, question_type, difficulty, skill, points, subject_id, exam_level, explanation) VALUES ('d13af4b0-a3a0-4cdd-92b3-c4047de5b2a9', 'LRC_Q2_2025_FLY_010', 'Ghép đáp án bằng cách viết', '{"options": [{"answer": "a dentist", "content": "", "imageUrl": ""}, {"answer": "butter", "content": "", "imageUrl": ""}, {"answer": "a bridge", "content": "", "imageUrl": ""}, {"answer": "chocolate", "content": "", "imageUrl": ""}, {"answer": "an ambulance", "content": "", "imageUrl": ""}, {"answer": "a castle", "content": "", "imageUrl": ""}, {"answer": "traffic", "content": "", "imageUrl": ""}, {"answer": "sugar", "content": "", "imageUrl": ""}, {"answer": "a snack", "content": "", "imageUrl": ""}, {"answer": "an airport", "content": "", "imageUrl": ""}, {"answer": "an astronaut", "content": "", "imageUrl": ""}, {"answer": "a bike", "content": "", "imageUrl": ""}, {"answer": "a station", "content": "", "imageUrl": ""}, {"answer": "a waiter", "content": "", "imageUrl": ""}, {"answer": "jam", "content": "", "imageUrl": ""}], "question": "This is something small we can eat if we are hungry between meals."}', '{"answer": "a snack"}', 'MATCH_BY_WRITING_ANSWER', 'medium', null, 1.00, null, null, '');
INSERT INTO public.question_banks (id, code, title, content, correct_answer, question_type, difficulty, skill, points, subject_id, exam_level, explanation) VALUES ('edd950ad-8ff7-49a8-94dc-a242de1028f2', 'LRC_Q2_2025_FLY_011', 'Ghép đáp án bằng cách viết', '{"options": [{"answer": "a dentist", "content": "", "imageUrl": ""}, {"answer": "butter", "content": "", "imageUrl": ""}, {"answer": "a bridge", "content": "", "imageUrl": ""}, {"answer": "chocolate", "content": "", "imageUrl": ""}, {"answer": "an ambulance", "content": "", "imageUrl": ""}, {"answer": "a castle", "content": "", "imageUrl": ""}, {"answer": "traffic", "content": "", "imageUrl": ""}, {"answer": "sugar", "content": "", "imageUrl": ""}, {"answer": "a snack", "content": "", "imageUrl": ""}, {"answer": "an airport", "content": "", "imageUrl": ""}, {"answer": "an astronaut", "content": "", "imageUrl": ""}, {"answer": "a bike", "content": "", "imageUrl": ""}, {"answer": "a station", "content": "", "imageUrl": ""}, {"answer": "a waiter", "content": "", "imageUrl": ""}, {"answer": "jam", "content": "", "imageUrl": ""}], "question": "This is someone who goes into space, usually in a rocket."}', '{"answer": "an astronaut"}', 'MATCH_BY_WRITING_ANSWER', 'medium', null, 1.00, null, null, '');
INSERT INTO public.question_banks (id, code, title, content, correct_answer, question_type, difficulty, skill, points, subject_id, exam_level, explanation) VALUES ('dd45b828-8852-4e00-8670-eb8fae00cb85', 'WRW_Q2_2025_FLY_001', 'Ghép đáp án bằng cách viết', '{"options": [{"answer": "A", "content": "No never. I''m really excited.", "imageUrl": ""}, {"answer": "B", "content": "I''m not happy.", "imageUrl": ""}, {"answer": "C", "content": "In the forest near hear.", "imageUrl": ""}, {"answer": "D", "content": "Me too! My dad says it will be sunny this weekend.", "imageUrl": ""}, {"answer": "E", "content": "We''re going camping.", "imageUrl": ""}, {"answer": "F", "content": "With my dad and my brother.", "imageUrl": ""}, {"answer": "G", "content": "Will you go in the sea?", "imageUrl": ""}, {"answer": "H", "content": "Thanks a lot.", "imageUrl": ""}], "question": "Where are you going this weekend?", "askerName": "Ben", "answererName": "Sam", "groupImageUrl": "questions/images/1774395601627_b304a47f_q2_rw_part2_1.png"}', '{"answer": "E"}', 'MATCH_BY_WRITING_ANSWER', 'medium', null, 1.00, null, null, '');
INSERT INTO public.question_banks (id, code, title, content, correct_answer, question_type, difficulty, skill, points, subject_id, exam_level, explanation) VALUES ('47db49e5-ee38-4526-99aa-88fea504bdab', 'WRW_Q2_2025_FLY_002', 'Ghép đáp án bằng cách viết', '{"options": [{"answer": "A", "content": "No never. I''m really excited.", "imageUrl": ""}, {"answer": "B", "content": "I''m not happy.", "imageUrl": ""}, {"answer": "C", "content": "In the forest near hear.", "imageUrl": ""}, {"answer": "D", "content": "Me too! My dad says it will be sunny this weekend.", "imageUrl": ""}, {"answer": "E", "content": "We''re going camping.", "imageUrl": ""}, {"answer": "F", "content": "With my dad and my brother.", "imageUrl": ""}, {"answer": "G", "content": "Will you go in the sea?", "imageUrl": ""}, {"answer": "H", "content": "Thanks a lot.", "imageUrl": ""}], "question": "Where at?", "askerName": "Ben", "answererName": "Sam", "groupImageUrl": "questions/images/1774395601627_b304a47f_q2_rw_part2_1.png"}', '{"answer": "C"}', 'MATCH_BY_WRITING_ANSWER', 'medium', null, 1.00, null, null, '');
INSERT INTO public.question_banks (id, code, title, content, correct_answer, question_type, difficulty, skill, points, subject_id, exam_level, explanation) VALUES ('f5b3cdda-d6c4-4b84-8b19-88fd9020fc7b', 'WRW_Q2_2025_FLY_003', 'Ghép đáp án bằng cách viết', '{"options": [{"answer": "A", "content": "No never. I''m really excited.", "imageUrl": ""}, {"answer": "B", "content": "I''m not happy.", "imageUrl": ""}, {"answer": "C", "content": "In the forest near hear.", "imageUrl": ""}, {"answer": "D", "content": "Me too! My dad says it will be sunny this weekend.", "imageUrl": ""}, {"answer": "E", "content": "We''re going camping.", "imageUrl": ""}, {"answer": "F", "content": "With my dad and my brother.", "imageUrl": ""}, {"answer": "G", "content": "Will you go in the sea?", "imageUrl": ""}, {"answer": "H", "content": "Thanks a lot.", "imageUrl": ""}], "question": "Who are you going with?", "askerName": "Ben", "answererName": "Sam", "groupImageUrl": "questions/images/1774395601627_b304a47f_q2_rw_part2_1.png"}', '{"answer": "F"}', 'MATCH_BY_WRITING_ANSWER', 'medium', null, 1.00, null, null, '');
INSERT INTO public.question_banks (id, code, title, content, correct_answer, question_type, difficulty, skill, points, subject_id, exam_level, explanation) VALUES ('d764dbe4-0b6c-409e-9cbf-3f0e36884996', 'WRW_Q2_2025_FLY_004', 'Ghép đáp án bằng cách viết', '{"options": [{"answer": "A", "content": "No, never. I''m really excited.", "imageUrl": ""}, {"answer": "B", "content": "I''m not happy.", "imageUrl": ""}, {"answer": "C", "content": "In the forest near hear.", "imageUrl": ""}, {"answer": "D", "content": "Me too! My dad says it will be sunny this weekend.", "imageUrl": ""}, {"answer": "E", "content": "We''re going camping.", "imageUrl": ""}, {"answer": "F", "content": "With my dad and my brother.", "imageUrl": ""}, {"answer": "G", "content": "Will you go in the sea?", "imageUrl": ""}, {"answer": "H", "content": "Thanks a lot.", "imageUrl": ""}], "question": "Great. Have you been camping before?", "askerName": "Ben", "answererName": "Sam", "groupImageUrl": "questions/images/1774395601627_b304a47f_q2_rw_part2_1.png"}', '{"answer": "A"}', 'MATCH_BY_WRITING_ANSWER', 'medium', null, 1.00, null, null, '');
INSERT INTO public.question_banks (id, code, title, content, correct_answer, question_type, difficulty, skill, points, subject_id, exam_level, explanation) VALUES ('02ce86e5-b0d4-41d4-9d11-9dc303d8cbe6', 'WRW_Q2_2025_FLY_005', 'Ghép đáp án bằng cách viết', '{"options": [{"answer": "A", "content": "No, never. I''m really excited.", "imageUrl": ""}, {"answer": "B", "content": "I''m not happy.", "imageUrl": ""}, {"answer": "C", "content": "In the forest near hear.", "imageUrl": ""}, {"answer": "D", "content": "Me too! My dad says it will be sunny this weekend.", "imageUrl": ""}, {"answer": "E", "content": "We''re going camping.", "imageUrl": ""}, {"answer": "F", "content": "With my dad and my brother.", "imageUrl": ""}, {"answer": "G", "content": "Will you go in the sea?", "imageUrl": ""}, {"answer": "H", "content": "Thanks a lot.", "imageUrl": ""}], "question": "I hope it doesn''t rain.", "askerName": "Ben", "answererName": "Sam", "groupImageUrl": "questions/images/1774395601627_b304a47f_q2_rw_part2_1.png"}', '{"answer": "D"}', 'MATCH_BY_WRITING_ANSWER', 'medium', null, 1.00, null, null, '');
INSERT INTO public.question_banks (id, code, title, content, correct_answer, question_type, difficulty, skill, points, subject_id, exam_level, explanation) VALUES ('2cedb752-9815-430b-a842-695597277a51', 'WRW_Q2_2025_FLY_006', 'Ghép đáp án bằng cách viết', '{"options": [{"answer": "A", "content": "No, never. I''m really excited.", "imageUrl": ""}, {"answer": "B", "content": "I''m not happy.", "imageUrl": ""}, {"answer": "C", "content": "In the forest near hear.", "imageUrl": ""}, {"answer": "D", "content": "Me too! My dad says it will be sunny this weekend.", "imageUrl": ""}, {"answer": "E", "content": "We''re going camping.", "imageUrl": ""}, {"answer": "F", "content": "With my dad and my brother.", "imageUrl": ""}, {"answer": "G", "content": "Will you go in the sea?", "imageUrl": ""}, {"answer": "H", "content": "Thanks a lot.", "imageUrl": ""}], "question": "Have a good time.", "askerName": "Ben", "answererName": "Sam", "groupImageUrl": "questions/images/1774395601627_b304a47f_q2_rw_part2_1.png"}', '{"answer": "H"}', 'MATCH_BY_WRITING_ANSWER', 'medium', null, 1.00, null, null, '');
INSERT INTO public.question_banks (id, code, title, content, correct_answer, question_type, difficulty, skill, points, subject_id, exam_level, explanation) VALUES ('a12ddf66-fd38-4219-acf5-7859c01270b4', 'RCW_Q2_2025_FLY_001', 'Điền từ vào đoạn văn', '{"title": "", "imageUrl": "questions/images/1774396368141_c4fe2a02_q2_rw_p3_1.png", "viewMode": "WITH_WORD_BANK", "wordBank": [{"word": "cake", "imageUrl": "", "isExample": true}, {"word": "call", "imageUrl": ""}, {"word": "early", "imageUrl": ""}, {"word": "surprise", "imageUrl": ""}, {"word": "caught", "imageUrl": ""}, {"word": "address", "imageUrl": ""}, {"word": "saw", "imageUrl": ""}, {"word": "week", "imageUrl": ""}, {"word": "name", "imageUrl": ""}, {"word": "interesting", "imageUrl": ""}], "paragraph": "Last Saturday I went shopping with my mum and my sister. We were very tired after the shopping, so mum took us to a café for a drink and a piece of {0}.\n\nJust before we left the café, I {1} a handbag on the floor under my chair. I showed it to my mum. She said, \"You should give it to the man who works in the café.\" So, I went to the waiter and gave him the handbag. He took it and asked for my {2} and telephone number.\n\nA {3} later the telephone rang. My mum called to me, \"Daisy, there''s a woman on the phone for you. Her name''s Mrs White.\" I was {4} because I didn''t know anyone called Mrs White. I took the phone and spoke to the woman. The handbag I found in the café was Mrs White''s! She was very pleased to have her handbag back and asked for my {5}. Two days later I got a thank you letter from Mrs White with some money!", "exampleAnswer": ["cake"]}', '{"answers": ["cake", "saw", "name", "week", "surprise", "address"], "example": ["cake"], "caseSensitive": false}', 'WORD_FILL_PARAGRAPH', 'medium', null, 1.00, null, null, '');
INSERT INTO public.question_banks (id, code, title, content, correct_answer, question_type, difficulty, skill, points, subject_id, exam_level, explanation) VALUES ('2e2a9a0f-042c-437e-86c4-bf9cdc17dbbe', 'RCW_Q2_2025_FLY_003', 'Điền từ vào đoạn văn - Có lựa chọn', '{"title": "Firefighters", "viewMode": "WITH_OPTIONS", "wordBank": [{"options": ["all", "each", "any"], "isExample": true}, {"options": ["help", "helps", "helping"]}, {"options": ["need", "can", "should"]}, {"options": ["quick", "quicker", "quickly"]}, {"options": ["these", "this", "those"]}, {"options": ["who", "how", "what"]}, {"options": ["no-one", "someone", "everyone"]}, {"options": ["into", "onto", "over"]}, {"options": ["is", "are", "be"]}, {"options": ["a", "an", "the"]}, {"options": ["so", "because", "but"]}], "paragraph": "A firefighter''s job is very important and {0} day is always different. Often firefighters {1} people who have a fire in their house. Other times, the fire is in a factory or an office. A fire {2} grow very fast and so it is important that the team of firefighters work very {3}. In the past {4} job was only for men but of course now there are women {5} work at fire stations. When {6} calls a fire station, a team of about five firefighters get {7} a fire engine and drive to where the fire {8}. The driver of the fire engine must drive very fast but carefully. To be a firefighter you need to be brave because it can be {9} very dangerous job. You can''t be afraid of climbing and you need to be strong {10} you will sometimes carry heavy things."}', '{"answers": ["each", "help", "can", "quickly", "this", "who", "someone", "into", "is", "a", "because"], "caseSensitive": false}', 'WORD_FILL_PARAGRAPH', 'medium', null, 1.00, null, null, '');
INSERT INTO public.question_banks (id, code, title, content, correct_answer, question_type, difficulty, skill, points, subject_id, exam_level, explanation) VALUES ('40d5c8b6-d1eb-4614-b4bb-b0b1f0135ea6', 'LWW_Q2_2025_FLY_001', 'Điền vào chỗ trống', '{"hints": [], "title": "My first day at school", "content": "My name''s Betty Stewart and I''m an English teacher. I was twenty-two years old when I got my first teaching job. I remember my first day very well!\n\nThe day didn''t start well. I got up early and got dressed. Then I dropped my cereal all over my new skirt. I quickly put on clean clothes. I picked up my bag and went to the bus stop. I saw a lot of people waiting for the bus. I asked a woman, \"Why are there so many people?\" She said \"There''s a lot of traffic in the city centre and all the buses are late.\" So, I decided to walk to school.\n\nI only had half an hour before my first lesson. I walked very quickly. After some time I could see the school at the end of the road. I felt very happy. Suddenly it started to rain. I ran fast but I was very wet when I arrived at school. When I got to my classroom I was five minutes late and I looked wet and horrible. At first, my new students looked surprised when they saw me. Then they all smiled and said, \"Good morning Miss Stewart!\" I smiled back and said \"Good morning class!\" After that, the day got much better.", "imageUrl": "", "question": "Betty''s job is a {0}.", "showHints": false}', '{"answers": ["teacher"], "caseSensitive": false}', 'FILL_IN_BLANK', 'medium', null, 1.00, null, null, '');
INSERT INTO public.question_banks (id, code, title, content, correct_answer, question_type, difficulty, skill, points, subject_id, exam_level, explanation) VALUES ('2d9408a2-682a-4d43-9889-03cbee9ccd3b', 'LWW_Q2_2025_FLY_002', 'Điền vào chỗ trống', '{"hints": [], "title": "My first day at school", "content": "My name''s Betty Stewart and I''m an English teacher. I was twenty-two years old when I got my first teaching job. I remember my first day very well!\n\nThe day didn''t start well. I got up early and got dressed. Then I dropped my cereal all over my new skirt. I quickly put on clean clothes. I picked up my bag and went to the bus stop. I saw a lot of people waiting for the bus. I asked a woman, \"Why are there so many people?\" She said \"There''s a lot of traffic in the city centre and all the buses are late.\" So, I decided to walk to school.\n\nI only had half an hour before my first lesson. I walked very quickly. After some time I could see the school at the end of the road. I felt very happy. Suddenly it started to rain. I ran fast but I was very wet when I arrived at school. When I got to my classroom I was five minutes late and I looked wet and horrible. At first, my new students looked surprised when they saw me. Then they all smiled and said, \"Good morning Miss Stewart!\" I smiled back and said \"Good morning class!\" After that, the day got much better.", "imageUrl": "", "question": "She started teaching when she was {0} old.", "showHints": false}', '{"answers": ["tweny-two years"], "caseSensitive": false}', 'FILL_IN_BLANK', 'medium', null, 1.00, null, null, '');
INSERT INTO public.question_banks (id, code, title, content, correct_answer, question_type, difficulty, skill, points, subject_id, exam_level, explanation) VALUES ('6735a775-dd37-4019-adc3-375a4ee7f7f3', 'LWW_Q2_2025_FLY_003', 'Điền vào chỗ trống', '{"hints": [], "title": "My first day at school", "content": "My name''s Betty Stewart and I''m an English teacher. I was twenty-two years old when I got my first teaching job. I remember my first day very well!\n\nThe day didn''t start well. I got up early and got dressed. Then I dropped my cereal all over my new skirt. I quickly put on clean clothes. I picked up my bag and went to the bus stop. I saw a lot of people waiting for the bus. I asked a woman, \"Why are there so many people?\" She said \"There''s a lot of traffic in the city centre and all the buses are late.\" So, I decided to walk to school.\n\nI only had half an hour before my first lesson. I walked very quickly. After some time I could see the school at the end of the road. I felt very happy. Suddenly it started to rain. I ran fast but I was very wet when I arrived at school. When I got to my classroom I was five minutes late and I looked wet and horrible. At first, my new students looked surprised when they saw me. Then they all smiled and said, \"Good morning Miss Stewart!\" I smiled back and said \"Good morning class!\" After that, the day got much better.", "imageUrl": "", "question": "Betty couldn''t wear her new skirt to school because it had {0} on it.", "showHints": false}', '{"answers": ["cereal"], "caseSensitive": false}', 'FILL_IN_BLANK', 'medium', null, 1.00, null, null, '');
INSERT INTO public.question_banks (id, code, title, content, correct_answer, question_type, difficulty, skill, points, subject_id, exam_level, explanation) VALUES ('fe3fced7-a179-4d5a-8e17-7c0f1f734eea', 'LWW_Q2_2025_FLY_004', 'Điền vào chỗ trống', '{"hints": [], "title": "My first day at school", "content": "My name''s Betty Stewart and I''m an English teacher. I was twenty-two years old when I got my first teaching job. I remember my first day very well!\n\nThe day didn''t start well. I got up early and got dressed. Then I dropped my cereal all over my new skirt. I quickly put on clean clothes. I picked up my bag and went to the bus stop. I saw a lot of people waiting for the bus. I asked a woman, \"Why are there so many people?\" She said \"There''s a lot of traffic in the city centre and all the buses are late.\" So, I decided to walk to school.\n\nI only had half an hour before my first lesson. I walked very quickly. After some time I could see the school at the end of the road. I felt very happy. Suddenly it started to rain. I ran fast but I was very wet when I arrived at school. When I got to my classroom I was five minutes late and I looked wet and horrible. At first, my new students looked surprised when they saw me. Then they all smiled and said, \"Good morning Miss Stewart!\" I smiled back and said \"Good morning class!\" After that, the day got much better.", "imageUrl": "", "question": "There were so {0} people waiting for the bus.", "showHints": false}', '{"answers": ["many"], "caseSensitive": false}', 'FILL_IN_BLANK', 'medium', null, 1.00, null, null, '');
INSERT INTO public.question_banks (id, code, title, content, correct_answer, question_type, difficulty, skill, points, subject_id, exam_level, explanation) VALUES ('2b7c0bd3-6f4f-4289-8d56-e8bf38eed67f', 'LWW_Q2_2025_FLY_005', 'Điền vào chỗ trống', '{"hints": [], "title": "My first day at school", "content": "My name''s Betty Stewart and I''m an English teacher. I was twenty-two years old when I got my first teaching job. I remember my first day very well!\n\nThe day didn''t start well. I got up early and got dressed. Then I dropped my cereal all over my new skirt. I quickly put on clean clothes. I picked up my bag and went to the bus stop. I saw a lot of people waiting for the bus. I asked a woman, \"Why are there so many people?\" She said \"There''s a lot of traffic in the city centre and all the buses are late.\" So, I decided to walk to school.\n\nI only had half an hour before my first lesson. I walked very quickly. After some time I could see the school at the end of the road. I felt very happy. Suddenly it started to rain. I ran fast but I was very wet when I arrived at school. When I got to my classroom I was five minutes late and I looked wet and horrible. At first, my new students looked surprised when they saw me. Then they all smiled and said, \"Good morning Miss Stewart!\" I smiled back and said \"Good morning class!\" After that, the day got much better.", "imageUrl": "", "question": "There was a lot of traffic in the city centre so all the buses {0}.", "showHints": false}', '{"answers": ["were late"], "caseSensitive": false}', 'FILL_IN_BLANK', 'medium', null, 1.00, null, null, '');
INSERT INTO public.question_banks (id, code, title, content, correct_answer, question_type, difficulty, skill, points, subject_id, exam_level, explanation) VALUES ('dd9743b5-f3c9-450a-864c-f29dc32e4f8c', 'LWW_Q2_2025_FLY_006', 'Điền vào chỗ trống', '{"hints": [], "title": "My first day at school", "content": "My name''s Betty Stewart and I''m an English teacher. I was twenty-two years old when I got my first teaching job. I remember my first day very well!\n\nThe day didn''t start well. I got up early and got dressed. Then I dropped my cereal all over my new skirt. I quickly put on clean clothes. I picked up my bag and went to the bus stop. I saw a lot of people waiting for the bus. I asked a woman, \"Why are there so many people?\" She said \"There''s a lot of traffic in the city centre and all the buses are late.\" So, I decided to walk to school.\n\nI only had half an hour before my first lesson. I walked very quickly. After some time I could see the school at the end of the road. I felt very happy. Suddenly it started to rain. I ran fast but I was very wet when I arrived at school. When I got to my classroom I was five minutes late and I looked wet and horrible. At first, my new students looked surprised when they saw me. Then they all smiled and said, \"Good morning Miss Stewart!\" I smiled back and said \"Good morning class!\" After that, the day got much better.", "imageUrl": "", "question": "Betty was {0} when she could see the school.", "showHints": false}', '{"answers": ["happy"], "caseSensitive": false}', 'FILL_IN_BLANK', 'medium', null, 1.00, null, null, '');
INSERT INTO public.question_banks (id, code, title, content, correct_answer, question_type, difficulty, skill, points, subject_id, exam_level, explanation) VALUES ('91e199a2-f655-423a-b101-ee45b6adc0cb', 'LWW_Q2_2025_FLY_007', 'Điền vào chỗ trống', '{"hints": [], "title": "My first day at school", "content": "My name''s Betty Stewart and I''m an English teacher. I was twenty-two years old when I got my first teaching job. I remember my first day very well!\n\nThe day didn''t start well. I got up early and got dressed. Then I dropped my cereal all over my new skirt. I quickly put on clean clothes. I picked up my bag and went to the bus stop. I saw a lot of people waiting for the bus. I asked a woman, \"Why are there so many people?\" She said \"There''s a lot of traffic in the city centre and all the buses are late.\" So, I decided to walk to school.\n\nI only had half an hour before my first lesson. I walked very quickly. After some time I could see the school at the end of the road. I felt very happy. Suddenly it started to rain. I ran fast but I was very wet when I arrived at school. When I got to my classroom I was five minutes late and I looked wet and horrible. At first, my new students looked surprised when they saw me. Then they all smiled and said, \"Good morning Miss Stewart!\" I smiled back and said \"Good morning class!\" After that, the day got much better.", "imageUrl": "", "question": "When the students first saw their new teacher they looked {0}.", "showHints": false}', '{"answers": ["surprised"], "caseSensitive": false}', 'FILL_IN_BLANK', 'medium', null, 1.00, null, null, '');
INSERT INTO public.question_banks (id, code, title, content, correct_answer, question_type, difficulty, skill, points, subject_id, exam_level, explanation) VALUES ('b745704b-6e83-464b-9ac1-4380926cdfc2', 'LWW_Q2_2025_FLY_008', 'Điền vào chỗ trống', '{"hints": [], "title": "My first day at school", "content": "My name''s Betty Stewart and I''m an English teacher. I was twenty-two years old when I got my first teaching job. I remember my first day very well!\n\nThe day didn''t start well. I got up early and got dressed. Then I dropped my cereal all over my new skirt. I quickly put on clean clothes. I picked up my bag and went to the bus stop. I saw a lot of people waiting for the bus. I asked a woman, \"Why are there so many people?\" She said \"There''s a lot of traffic in the city centre and all the buses are late.\" So, I decided to walk to school.\n\nI only had half an hour before my first lesson. I walked very quickly. After some time I could see the school at the end of the road. I felt very happy. Suddenly it started to rain. I ran fast but I was very wet when I arrived at school. When I got to my classroom I was five minutes late and I looked wet and horrible. At first, my new students looked surprised when they saw me. Then they all smiled and said, \"Good morning Miss Stewart!\" I smiled back and said \"Good morning class!\" After that, the day got much better.", "imageUrl": "", "question": "When the students first saw their new teacher they looked {0}.", "showHints": false}', '{"answers": ["surprised"], "caseSensitive": false}', 'FILL_IN_BLANK', 'medium', null, 1.00, null, null, '');
INSERT INTO public.question_banks (id, code, title, content, correct_answer, question_type, difficulty, skill, points, subject_id, exam_level, explanation) VALUES ('34392e7d-b336-4ee2-831f-5eae9688780d', 'LWW_Q2_2025_FLY_009', 'Điền vào chỗ trống', '{"hints": [], "title": "My first day at school", "content": "My name''s Betty Stewart and I''m an English teacher. I was twenty-two years old when I got my first teaching job. I remember my first day very well!\n\nThe day didn''t start well. I got up early and got dressed. Then I dropped my cereal all over my new skirt. I quickly put on clean clothes. I picked up my bag and went to the bus stop. I saw a lot of people waiting for the bus. I asked a woman, \"Why are there so many people?\" She said \"There''s a lot of traffic in the city centre and all the buses are late.\" So, I decided to walk to school.\n\nI only had half an hour before my first lesson. I walked very quickly. After some time I could see the school at the end of the road. I felt very happy. Suddenly it started to rain. I ran fast but I was very wet when I arrived at school. When I got to my classroom I was five minutes late and I looked wet and horrible. At first, my new students looked surprised when they saw me. Then they all smiled and said, \"Good morning Miss Stewart!\" I smiled back and said \"Good morning class!\" After that, the day got much better.", "imageUrl": "", "question": "Everyone in the class {0} at Miss Stewart and said \"Good morning.\"", "showHints": false}', '{"answers": ["smiled"], "caseSensitive": false}', 'FILL_IN_BLANK', 'medium', null, 1.00, null, null, '');
INSERT INTO public.question_banks (id, code, title, content, correct_answer, question_type, difficulty, skill, points, subject_id, exam_level, explanation) VALUES ('59571705-bbbf-453b-a0f6-3fc7e12d7597', 'RLWW_Q2_2025_FLY_001', 'Điền từ vào đoạn văn - Mặc định', '{"title": "", "viewMode": "DEFAULT", "wordBank": [], "paragraph": "Tuesday 23rd July\n\nDear Grandma,\n\nWe''re {0} a good time on holiday.\nOur hotel is great. I''ve got a big room and I can see the sea {1} my window! Yesterday we visited a castle. I {2} lots of photos with my camera. The castle was very {3} and we heard lots of interesting stories {4} the kings and queens who lived there. It''s hot and sunny today so we''re {5} to go to the beach this afternoon.\n\nSee you soon.\n\nLots of love,\n\nSarah."}', '{"answers": ["having", "from", "took", "old", "about", "going"], "caseSensitive": false}', 'WORD_FILL_PARAGRAPH', 'medium', null, 1.00, null, null, '');
INSERT INTO public.question_groups (id, payload, group_number, part_id, section_id, exam_id) VALUES ('caf4681d-e080-4568-952d-aaa3cedace80', '{"options": [{"answer": "A", "content": "", "imageUrl": "questions/images/1774348169815_a7d06a58_q2_flyers_listening_p3_a.png"}, {"answer": "B", "content": "", "imageUrl": "questions/images/1774348181401_e49bd131_q2_flyers_listening_p3_b.png"}, {"answer": "C", "content": "", "imageUrl": "questions/images/1774348197821_ed23c765_q2_flyers_listening_p3_c.png"}, {"answer": "D", "content": "", "imageUrl": "questions/images/1774348213828_90d4ec19_q2_flyers_listening_p3_d.png"}, {"answer": "E", "content": "", "imageUrl": "questions/images/1774348224002_a1e60e90_q2_flyers_listening_p3_e.png"}, {"answer": "F", "content": "", "imageUrl": "questions/images/1774348234027_c82fcb83_q2_flyers_listening_p3_f.png"}, {"answer": "G", "content": "", "imageUrl": "questions/images/1774348247076_e47a5cb5_q2_flyers_listening_p3_g.png"}, {"answer": "H", "content": "", "imageUrl": "questions/images/1774348257640_03fa7555_q2_flyers_listening_p3_h.png"}]}', 1, '3', null, 'a0676e0b-eece-46cf-a80a-872952488fcc');
INSERT INTO public.question_groups (id, payload, group_number, part_id, section_id, exam_id) VALUES ('88600160-7f49-44c6-a500-27352d0229b8', '{"options": [{"answer": "a dentist", "content": "", "imageUrl": ""}, {"answer": "butter", "content": "", "imageUrl": ""}, {"answer": "a bridge", "content": "", "imageUrl": ""}, {"answer": "chocolate", "content": "", "imageUrl": ""}, {"answer": "an ambulance", "content": "", "imageUrl": ""}, {"answer": "a castle", "content": "", "imageUrl": ""}, {"answer": "traffic", "content": "", "imageUrl": ""}, {"answer": "sugar", "content": "", "imageUrl": ""}, {"answer": "a snack", "content": "", "imageUrl": ""}, {"answer": "an airport", "content": "", "imageUrl": ""}, {"answer": "an astronaut", "content": "", "imageUrl": ""}, {"answer": "a bike", "content": "", "imageUrl": ""}, {"answer": "a station", "content": "", "imageUrl": ""}, {"answer": "a waiter", "content": "", "imageUrl": ""}, {"answer": "jam", "content": "", "imageUrl": ""}]}', 1, '6', null, 'a0676e0b-eece-46cf-a80a-872952488fcc');
INSERT INTO public.question_groups (id, payload, group_number, part_id, section_id, exam_id) VALUES ('e5eb1071-a17a-47c4-94ba-ade7cb7df1ef', '{"title": "Nghe và trả lời", "content": "", "imageUrl": "questions/images/1774347890274_0a77d6c8_q2_flyers_listening_p2.png", "subtitle": ""}', 1, '2', null, 'a0676e0b-eece-46cf-a80a-872952488fcc');
INSERT INTO public.question_groups (id, payload, group_number, part_id, section_id, exam_id) VALUES ('8094bed4-5155-428d-a806-f0f7418d395f', '{"options": [{"answer": "A", "content": "No, never. I''m really excited.", "imageUrl": ""}, {"answer": "B", "content": "I''m not happy.", "imageUrl": ""}, {"answer": "C", "content": "In the forest near here.", "imageUrl": ""}, {"answer": "D", "content": "Me too! My dad says it will be sunny this weekend.", "imageUrl": ""}, {"answer": "E", "content": "We''re going camping.", "imageUrl": ""}, {"answer": "F", "content": "With my dad and my brother.", "imageUrl": ""}, {"answer": "G", "content": "Will you go in the sea?", "imageUrl": ""}, {"answer": "H", "content": "Thanks a lot.", "imageUrl": ""}], "groupImageUrl": "questions/images/1774395601627_b304a47f_q2_rw_part2_1.png"}', 1, '7', null, 'a0676e0b-eece-46cf-a80a-872952488fcc');
INSERT INTO public.question_groups (id, payload, group_number, part_id, section_id, exam_id) VALUES ('60fe649f-a0a2-4c73-840a-64d297a4a368', '{"title": "My first day at school", "content": "My name''s Betty Stewart and I''m an English teacher. I was twenty-two years old when I got my first teaching job. I remember my first day very well!\n\nThe day didn''t start well. I got up early and got dressed. Then I dropped my cereal all over my new skirt. I quickly put on clean clothes. I picked up my bag and went to the bus stop. I saw a lot of people waiting for the bus. I asked a woman, \"Why are there so many people?\" She said \"There''s a lot of traffic in the city centre and all the buses are late.\" So, I decided to walk to school.\n\nI only had half an hour before my first lesson. I walked very quickly. After some time I could see the school at the end of the road. I felt very happy. Suddenly it started to rain. I ran fast but I was very wet when I arrived at school. When I got to my classroom I was five minutes late and I looked wet and horrible. At first, my new students looked surprised when they saw me. Then they all smiled and said, \"Good morning Miss Stewart!\" I smiled back and said \"Good morning class!\" After that, the day got much better.", "imageUrl": ""}', 1, '10', null, 'a0676e0b-eece-46cf-a80a-872952488fcc');
INSERT INTO public.questions (id, content, correct_answer, points, question_type, explanation, exam_id, part_id, part_no, question_number, group_id, question_bank_id, question_skill_type, is_example, suggested_answers) VALUES ('1d2fcce2-047f-4a76-aee0-2d23eb698b76', '{"options": ["questions/options/images/1774349374163_06214e78_q2_flyers_listening_p4_2_a.png", "questions/options/images/1774349378843_72391901_q2_flyers_listening_p4_2_b.png", "questions/options/images/1774349384778_b9f83d06_q2_flyers_listening_p4_2_c.png"], "question": "What will William drink with his breakfast?", "optionType": "image"}', '{"answer": 0}', 1.00, 'CHOOSE_THE_CORRECT_ANSWER', '', 'a0676e0b-eece-46cf-a80a-872952488fcc', '4', 4, 15, null, '70c876a1-591c-4a8e-a12e-957e881391e2', 'LISTENING', false, null);
INSERT INTO public.questions (id, content, correct_answer, points, question_type, explanation, exam_id, part_id, part_no, question_number, group_id, question_bank_id, question_skill_type, is_example, suggested_answers) VALUES ('aa788b88-1033-429d-85d4-dafc9c32db72', '{"title": "Nghe và trả lời", "content": "", "question": "Day of lesson:", "subtitle": ""}', '{"answer": "Saturday"}', 1.00, 'ANSWER_THE_QUESTION', '', 'a0676e0b-eece-46cf-a80a-872952488fcc', '2', 2, 5, 'e5eb1071-a17a-47c4-94ba-ade7cb7df1ef', '9c54aaa5-86e6-462f-95e0-c3ef81832ef2', 'LISTENING', false, null);
INSERT INTO public.questions (id, content, correct_answer, points, question_type, explanation, exam_id, part_id, part_no, question_number, group_id, question_bank_id, question_skill_type, is_example, suggested_answers) VALUES ('b9b31517-d6dd-47ee-a6dc-d3f463b68651', '{"title": "Nghe và trả lời", "content": "", "question": "Name of teacher:", "subtitle": "", "prefixText": "Mr"}', '{"answer": "Bagley"}', 1.00, 'ANSWER_THE_QUESTION', '', 'a0676e0b-eece-46cf-a80a-872952488fcc', '2', 2, 6, 'e5eb1071-a17a-47c4-94ba-ade7cb7df1ef', '6e4898fe-e6ec-41a0-b054-c9eb603dd5ee', 'LISTENING', false, null);
INSERT INTO public.questions (id, content, correct_answer, points, question_type, explanation, exam_id, part_id, part_no, question_number, group_id, question_bank_id, question_skill_type, is_example, suggested_answers) VALUES ('14160fba-23e2-4eb0-a8bd-e2400cdf254d', '{"title": "Nghe và trả lời", "content": "", "question": "Teacher''s telephone number:", "subtitle": ""}', '{"answer": "314479"}', 1.00, 'ANSWER_THE_QUESTION', '', 'a0676e0b-eece-46cf-a80a-872952488fcc', '2', 2, 7, 'e5eb1071-a17a-47c4-94ba-ade7cb7df1ef', '71e10ac1-5bd3-4d6d-a462-3ae251c632cc', 'LISTENING', false, null);
INSERT INTO public.questions (id, content, correct_answer, points, question_type, explanation, exam_id, part_id, part_no, question_number, group_id, question_bank_id, question_skill_type, is_example, suggested_answers) VALUES ('b636b48c-0a3f-4439-9c89-f6baf9266974', '{"contexts": [], "maxWords": 100, "minWords": 20, "guideImages": ["write-short-letter/guide/images/1774415073633_954f355f_q2_flyers_rw_p7_1.png", "write-short-letter/guide/images/1774415078828_349e8c40_q2_flyers_rw_p7_2.png", "write-short-letter/guide/images/1774415082816_cddf9811_q2_flyers_rw_p7_3.png"], "informations": [], "instructions": {"mainInstruction": "Look at the three pictures. Write about this story. Write 20 or more words."}}', '{}', 10.00, 'WRITE_A_SHORT_LETTER', '', 'a0676e0b-eece-46cf-a80a-872952488fcc', '12', 12, 51, null, '22fdbabf-ae3e-4047-88f9-4bd63fbbfaae', 'WRITING', false, null);
INSERT INTO public.questions (id, content, correct_answer, points, question_type, explanation, exam_id, part_id, part_no, question_number, group_id, question_bank_id, question_skill_type, is_example, suggested_answers) VALUES ('d4ca89e1-7ca2-44e2-83bb-8c490596e75c', '{"colorNodes": [{"id": "color-1774261882163", "color": "#FF0000", "label": "Robert"}, {"id": "color-1774261931610", "color": "#00FF00", "label": "Katy"}, {"id": "color-1774261979500", "color": "#0000FF", "label": "Helen"}, {"id": "color-1774262014916", "color": "#FFFF00", "label": "Sarah"}, {"id": "color-1774262037817", "color": "#FF00FF", "label": "Harry"}], "regionNodes": [{"x": 18.6, "y": 60.1, "id": "region-1774261882163", "color": "#FF0000", "width": 6, "height": 5, "linkedColorNodeId": "color-1774261882163"}, {"x": 80.4, "y": 60, "id": "region-1774261931610", "color": "#00FF00", "width": 6, "height": 5, "linkedColorNodeId": "color-1774261931610"}, {"x": 64.6, "y": 34, "id": "region-1774261979500", "color": "#0000FF", "width": 6, "height": 5, "linkedColorNodeId": "color-1774261979500"}, {"x": 21, "y": 36, "id": "region-1774262014916", "color": "#FFFF00", "width": 6, "height": 5, "linkedColorNodeId": "color-1774262014916"}, {"x": 40.4, "y": 75.9, "id": "region-1774262037817", "color": "#FF00FF", "width": 6, "height": 5, "linkedColorNodeId": "color-1774262037817"}], "instructions": ["Match the red object with Robert", "Match the green object with Katy", "Match the blue object with Helen", "Match the yellow object with Sarah", "Match the pink object with Harry"], "backgroundImageUrl": "questions/images/1774261649540_e21a071d_q2_flyers_listening_p1.png"}', '{"answers": {"region-1774261882163": "#FF0000", "region-1774261931610": "#00FF00", "region-1774261979500": "#0000FF", "region-1774262014916": "#FFFF00", "region-1774262037817": "#FF00FF"}}', 1.00, 'IMAGE_OBJECT_MATCHING', '', 'a0676e0b-eece-46cf-a80a-872952488fcc', '1', 1, 1, null, 'ebb9246d-4556-4847-8018-1b9746df39b4', 'LISTENING', false, null);
INSERT INTO public.questions (id, content, correct_answer, points, question_type, explanation, exam_id, part_id, part_no, question_number, group_id, question_bank_id, question_skill_type, is_example, suggested_answers) VALUES ('f3b67fef-277e-40f1-8bb8-d3114eae15a5', '{"title": "Nghe và trả lời", "content": "", "question": "Where:", "subtitle": "", "prefixText": "next to"}', '{"answer": "the library"}', 1.00, 'ANSWER_THE_QUESTION', '', 'a0676e0b-eece-46cf-a80a-872952488fcc', '2', 2, 3, 'e5eb1071-a17a-47c4-94ba-ade7cb7df1ef', 'e0d9d237-8f9b-43d4-8df9-cf6e7340e269', 'LISTENING', false, null);
INSERT INTO public.questions (id, content, correct_answer, points, question_type, explanation, exam_id, part_id, part_no, question_number, group_id, question_bank_id, question_skill_type, is_example, suggested_answers) VALUES ('18d8fefe-8c59-4417-afc1-8a0f403b1db7', '{"title": "Nghe và trả lời", "content": "", "question": "Address:", "subtitle": "", "suffixText": "London Street"}', '{"answer": "102"}', 1.00, 'ANSWER_THE_QUESTION', '', 'a0676e0b-eece-46cf-a80a-872952488fcc', '2', 2, 4, 'e5eb1071-a17a-47c4-94ba-ade7cb7df1ef', '557be758-a2b9-4024-a1df-3a22acdb1fb9', 'LISTENING', false, null);
INSERT INTO public.questions (id, content, correct_answer, points, question_type, explanation, exam_id, part_id, part_no, question_number, group_id, question_bank_id, question_skill_type, is_example, suggested_answers) VALUES ('5635925a-9c1c-49dd-9c92-b52560c83b6d', '{"options": ["questions/options/images/1774349298946_fe71cb87_q2_flyers_listening_p4_1_a.png", "questions/options/images/1774349304369_1c31a9d3_q2_flyers_listening_p4_1_b.png", "questions/options/images/1774349309247_e118296f_q2_flyers_listening_p4_1_c.png"], "question": "What is William reading about?", "optionType": "image"}', '{"answer": 1}', 1.00, 'CHOOSE_THE_CORRECT_ANSWER', '', 'a0676e0b-eece-46cf-a80a-872952488fcc', '4', 4, 14, null, '283644d3-8f2b-4cb4-a5c2-dbaaaf492ebc', 'LISTENING', true, null);
INSERT INTO public.questions (id, content, correct_answer, points, question_type, explanation, exam_id, part_id, part_no, question_number, group_id, question_bank_id, question_skill_type, is_example, suggested_answers) VALUES ('5120a119-e12e-4d69-9d54-c844405f896d', '{"options": ["questions/options/images/1774349421701_07a539d7_q2_flyers_listening_p4_3_a.png", "questions/options/images/1774349426801_5595fec2_q2_flyers_listening_p4_3_b.png", "questions/options/images/1774349431307_44f7a129_q2_flyers_listening_p4_3_c.png"], "question": "Where''s William History?", "optionType": "image"}', '{"answer": 0}', 1.00, 'CHOOSE_THE_CORRECT_ANSWER', '', 'a0676e0b-eece-46cf-a80a-872952488fcc', '4', 4, 16, null, '3b1d9a4a-2eae-4655-8e2c-a3b17d886f25', 'LISTENING', false, null);
INSERT INTO public.questions (id, content, correct_answer, points, question_type, explanation, exam_id, part_id, part_no, question_number, group_id, question_bank_id, question_skill_type, is_example, suggested_answers) VALUES ('e7eb0f4d-86a9-45ff-8967-dd3855c458ae', '{"options": ["questions/options/images/1774349576530_179ab1f3_q2_flyers_listening_p4_4_a.png", "questions/options/images/1774349581650_c8194bea_q2_flyers_listening_p4_4_b.png", "questions/options/images/1774349586094_ba987786_q2_flyers_listening_p4_4_c.png"], "question": "What homework did William have?", "optionType": "image"}', '{"answer": 2}', 1.00, 'CHOOSE_THE_CORRECT_ANSWER', '', 'a0676e0b-eece-46cf-a80a-872952488fcc', '4', 4, 17, null, 'a15950f1-bc36-4b73-a169-40a8decb1a13', 'LISTENING', false, null);
INSERT INTO public.questions (id, content, correct_answer, points, question_type, explanation, exam_id, part_id, part_no, question_number, group_id, question_bank_id, question_skill_type, is_example, suggested_answers) VALUES ('d39469d8-1b3a-4b35-b3a1-ef9efbe23499', '{"options": [{"answer": "A", "content": "", "imageUrl": "questions/images/1774348169815_a7d06a58_q2_flyers_listening_p3_a.png"}, {"answer": "B", "content": "", "imageUrl": "questions/images/1774348181401_e49bd131_q2_flyers_listening_p3_b.png"}, {"answer": "C", "content": "", "imageUrl": "questions/images/1774348197821_ed23c765_q2_flyers_listening_p3_c.png"}, {"answer": "D", "content": "", "imageUrl": "questions/images/1774348213828_90d4ec19_q2_flyers_listening_p3_d.png"}, {"answer": "E", "content": "", "imageUrl": "questions/images/1774348224002_a1e60e90_q2_flyers_listening_p3_e.png"}, {"answer": "F", "content": "", "imageUrl": "questions/images/1774348234027_c82fcb83_q2_flyers_listening_p3_f.png"}, {"answer": "G", "content": "", "imageUrl": "questions/images/1774348247076_e47a5cb5_q2_flyers_listening_p3_g.png"}, {"answer": "H", "content": "", "imageUrl": "questions/images/1774348257640_03fa7555_q2_flyers_listening_p3_h.png"}], "imageUrl": "questions/images/1774348300870_f7a2029e_q2_flyers_listening_p3_david.png", "question": "David"}', '{"answer": "C"}', 1.00, 'MATCH_BY_WRITING_ANSWER', '', 'a0676e0b-eece-46cf-a80a-872952488fcc', '3', 3, 8, 'caf4681d-e080-4568-952d-aaa3cedace80', 'ebe012c6-9b94-43df-b6df-5c39a3f62b20', 'LISTENING', true, null);
INSERT INTO public.questions (id, content, correct_answer, points, question_type, explanation, exam_id, part_id, part_no, question_number, group_id, question_bank_id, question_skill_type, is_example, suggested_answers) VALUES ('fb8b4269-0091-4fb0-b625-6050c8d22000', '{"options": [{"answer": "A", "content": "", "imageUrl": "questions/images/1774348169815_a7d06a58_q2_flyers_listening_p3_a.png"}, {"answer": "B", "content": "", "imageUrl": "questions/images/1774348181401_e49bd131_q2_flyers_listening_p3_b.png"}, {"answer": "C", "content": "", "imageUrl": "questions/images/1774348197821_ed23c765_q2_flyers_listening_p3_c.png"}, {"answer": "D", "content": "", "imageUrl": "questions/images/1774348213828_90d4ec19_q2_flyers_listening_p3_d.png"}, {"answer": "E", "content": "", "imageUrl": "questions/images/1774348224002_a1e60e90_q2_flyers_listening_p3_e.png"}, {"answer": "F", "content": "", "imageUrl": "questions/images/1774348234027_c82fcb83_q2_flyers_listening_p3_f.png"}, {"answer": "G", "content": "", "imageUrl": "questions/images/1774348247076_e47a5cb5_q2_flyers_listening_p3_g.png"}, {"answer": "H", "content": "", "imageUrl": "questions/images/1774348257640_03fa7555_q2_flyers_listening_p3_h.png"}], "imageUrl": "questions/images/1774348356805_c02ee2b3_q2_flyers_listening_p3_sue.png", "question": "Aunt Sue"}', '{"answer": "A"}', 1.00, 'MATCH_BY_WRITING_ANSWER', '', 'a0676e0b-eece-46cf-a80a-872952488fcc', '3', 3, 9, 'caf4681d-e080-4568-952d-aaa3cedace80', '4e7b3f78-8cde-4f2e-98fa-68a0be7afa79', 'LISTENING', false, null);
INSERT INTO public.questions (id, content, correct_answer, points, question_type, explanation, exam_id, part_id, part_no, question_number, group_id, question_bank_id, question_skill_type, is_example, suggested_answers) VALUES ('b00d1467-cd15-498b-bd3a-6b3a28e52d33', '{"options": [{"answer": "A", "content": "", "imageUrl": "questions/images/1774348169815_a7d06a58_q2_flyers_listening_p3_a.png"}, {"answer": "B", "content": "", "imageUrl": "questions/images/1774348181401_e49bd131_q2_flyers_listening_p3_b.png"}, {"answer": "C", "content": "", "imageUrl": "questions/images/1774348197821_ed23c765_q2_flyers_listening_p3_c.png"}, {"answer": "D", "content": "", "imageUrl": "questions/images/1774348213828_90d4ec19_q2_flyers_listening_p3_d.png"}, {"answer": "E", "content": "", "imageUrl": "questions/images/1774348224002_a1e60e90_q2_flyers_listening_p3_e.png"}, {"answer": "F", "content": "", "imageUrl": "questions/images/1774348234027_c82fcb83_q2_flyers_listening_p3_f.png"}, {"answer": "G", "content": "", "imageUrl": "questions/images/1774348247076_e47a5cb5_q2_flyers_listening_p3_g.png"}, {"answer": "H", "content": "", "imageUrl": "questions/images/1774348257640_03fa7555_q2_flyers_listening_p3_h.png"}], "imageUrl": "questions/images/1774348403886_5393a3b0_q2_flyers_listening_p3_jane.png", "question": "Jane"}', '{"answer": "H"}', 1.00, 'MATCH_BY_WRITING_ANSWER', '', 'a0676e0b-eece-46cf-a80a-872952488fcc', '3', 3, 10, 'caf4681d-e080-4568-952d-aaa3cedace80', 'ccaa2ad8-5a54-493c-8ee1-42f323a4eca6', 'LISTENING', false, null);
INSERT INTO public.questions (id, content, correct_answer, points, question_type, explanation, exam_id, part_id, part_no, question_number, group_id, question_bank_id, question_skill_type, is_example, suggested_answers) VALUES ('4a765aff-aeb4-430a-b0c9-ab43889be5ca', '{"options": [{"answer": "A", "content": "", "imageUrl": "questions/images/1774348169815_a7d06a58_q2_flyers_listening_p3_a.png"}, {"answer": "B", "content": "", "imageUrl": "questions/images/1774348181401_e49bd131_q2_flyers_listening_p3_b.png"}, {"answer": "C", "content": "", "imageUrl": "questions/images/1774348197821_ed23c765_q2_flyers_listening_p3_c.png"}, {"answer": "D", "content": "", "imageUrl": "questions/images/1774348213828_90d4ec19_q2_flyers_listening_p3_d.png"}, {"answer": "E", "content": "", "imageUrl": "questions/images/1774348224002_a1e60e90_q2_flyers_listening_p3_e.png"}, {"answer": "F", "content": "", "imageUrl": "questions/images/1774348234027_c82fcb83_q2_flyers_listening_p3_f.png"}, {"answer": "G", "content": "", "imageUrl": "questions/images/1774348247076_e47a5cb5_q2_flyers_listening_p3_g.png"}, {"answer": "H", "content": "", "imageUrl": "questions/images/1774348257640_03fa7555_q2_flyers_listening_p3_h.png"}], "imageUrl": "questions/images/1774348447747_f244cca2_q2_flyers_listening_p3_frank.png", "question": "Uncle Frank"}', '{"answer": "E"}', 1.00, 'MATCH_BY_WRITING_ANSWER', '', 'a0676e0b-eece-46cf-a80a-872952488fcc', '3', 3, 11, 'caf4681d-e080-4568-952d-aaa3cedace80', 'f2a39581-0854-48b1-83a9-cb33278ccafb', 'LISTENING', false, null);
INSERT INTO public.questions (id, content, correct_answer, points, question_type, explanation, exam_id, part_id, part_no, question_number, group_id, question_bank_id, question_skill_type, is_example, suggested_answers) VALUES ('84bd5c87-dedd-4dad-b839-393e117ef5ff', '{"options": [{"answer": "A", "content": "", "imageUrl": "questions/images/1774348169815_a7d06a58_q2_flyers_listening_p3_a.png"}, {"answer": "B", "content": "", "imageUrl": "questions/images/1774348181401_e49bd131_q2_flyers_listening_p3_b.png"}, {"answer": "C", "content": "", "imageUrl": "questions/images/1774348197821_ed23c765_q2_flyers_listening_p3_c.png"}, {"answer": "D", "content": "", "imageUrl": "questions/images/1774348213828_90d4ec19_q2_flyers_listening_p3_d.png"}, {"answer": "E", "content": "", "imageUrl": "questions/images/1774348224002_a1e60e90_q2_flyers_listening_p3_e.png"}, {"answer": "F", "content": "", "imageUrl": "questions/images/1774348234027_c82fcb83_q2_flyers_listening_p3_f.png"}, {"answer": "G", "content": "", "imageUrl": "questions/images/1774348247076_e47a5cb5_q2_flyers_listening_p3_g.png"}, {"answer": "H", "content": "", "imageUrl": "questions/images/1774348257640_03fa7555_q2_flyers_listening_p3_h.png"}], "imageUrl": "questions/images/1774348490223_b22bd783_q2_flyers_listening_p3_anna.png", "question": "Anna"}', '{"answer": "D"}', 1.00, 'MATCH_BY_WRITING_ANSWER', '', 'a0676e0b-eece-46cf-a80a-872952488fcc', '3', 3, 12, 'caf4681d-e080-4568-952d-aaa3cedace80', '727b5161-df85-47c2-872f-2968c9f32e45', 'LISTENING', false, null);
INSERT INTO public.questions (id, content, correct_answer, points, question_type, explanation, exam_id, part_id, part_no, question_number, group_id, question_bank_id, question_skill_type, is_example, suggested_answers) VALUES ('f1006a08-8aea-49cd-95da-001e95b1fd68', '{"options": [{"answer": "A", "content": "", "imageUrl": "questions/images/1774348169815_a7d06a58_q2_flyers_listening_p3_a.png"}, {"answer": "B", "content": "", "imageUrl": "questions/images/1774348181401_e49bd131_q2_flyers_listening_p3_b.png"}, {"answer": "C", "content": "", "imageUrl": "questions/images/1774348197821_ed23c765_q2_flyers_listening_p3_c.png"}, {"answer": "D", "content": "", "imageUrl": "questions/images/1774348213828_90d4ec19_q2_flyers_listening_p3_d.png"}, {"answer": "E", "content": "", "imageUrl": "questions/images/1774348224002_a1e60e90_q2_flyers_listening_p3_e.png"}, {"answer": "F", "content": "", "imageUrl": "questions/images/1774348234027_c82fcb83_q2_flyers_listening_p3_f.png"}, {"answer": "G", "content": "", "imageUrl": "questions/images/1774348247076_e47a5cb5_q2_flyers_listening_p3_g.png"}, {"answer": "H", "content": "", "imageUrl": "questions/images/1774348257640_03fa7555_q2_flyers_listening_p3_h.png"}], "imageUrl": "questions/images/1774348559866_b6ad5e51_q2_flyers_listening_p3_michael.png", "question": "Michael"}', '{"answer": "G"}', 1.00, 'MATCH_BY_WRITING_ANSWER', '', 'a0676e0b-eece-46cf-a80a-872952488fcc', '3', 3, 13, 'caf4681d-e080-4568-952d-aaa3cedace80', '27e4172c-608d-4028-808e-b693e5e573d3', 'LISTENING', false, null);
INSERT INTO public.questions (id, content, correct_answer, points, question_type, explanation, exam_id, part_id, part_no, question_number, group_id, question_bank_id, question_skill_type, is_example, suggested_answers) VALUES ('301030fb-daed-4092-aac3-60070bcff81e', '{"options": ["questions/options/images/1774349627316_f3daffde_q2_flyers_listening_p4_5_a.png", "questions/options/images/1774349631766_3503d4fe_q2_flyers_listening_p4_5_b.png", "questions/options/images/1774349636138_e97acd99_q2_flyers_listening_p4_5_c.png"], "question": "Which shorts will William take for football practice?", "optionType": "image"}', '{"answer": 1}', 1.00, 'CHOOSE_THE_CORRECT_ANSWER', '', 'a0676e0b-eece-46cf-a80a-872952488fcc', '4', 4, 18, null, 'ef762ec5-a646-47a9-980c-e8f13aa5b0d2', 'LISTENING', false, null);
INSERT INTO public.questions (id, content, correct_answer, points, question_type, explanation, exam_id, part_id, part_no, question_number, group_id, question_bank_id, question_skill_type, is_example, suggested_answers) VALUES ('19585851-4cf0-4dc3-9a2c-504bbf948fd0', '{"options": ["questions/options/images/1774349674279_367adc38_q2_flyers_listening_p4_6_a.png", "questions/options/images/1774349678224_651eeb38_q2_flyers_listening_p4_6_b.png", "questions/options/images/1774349681766_b86aa44a_q2_flyers_listening_p4_6_c.png"], "question": "What time will William see the dentist?", "optionType": "image"}', '{"answer": 2}', 1.00, 'CHOOSE_THE_CORRECT_ANSWER', '', 'a0676e0b-eece-46cf-a80a-872952488fcc', '4', 4, 19, null, '8238549e-00c3-4b54-95ff-dcdd25ba4b9d', 'LISTENING', false, null);
INSERT INTO public.questions (id, content, correct_answer, points, question_type, explanation, exam_id, part_id, part_no, question_number, group_id, question_bank_id, question_skill_type, is_example, suggested_answers) VALUES ('bd7e8466-10ee-4570-90a4-1f586809ccb9', '{"colorNodes": [{"id": "color-1774349749436", "color": "#00FF00"}, {"id": "color-1774349763155", "color": "#000000"}, {"id": "color-1774349779804", "color": "#FFFF00"}, {"id": "color-1774349795499", "color": "#0000FF"}, {"id": "color-1774349803509", "color": "#FF0000"}], "regionNodes": [{"x": 88.5, "y": 62.8, "id": "region-1774349749436", "color": "#00FF00", "width": 6, "height": 5, "linkedColorNodeId": "color-1774349749436"}, {"x": 38.7, "y": 76.7, "id": "region-1774349763155", "color": "#000000", "width": 6, "height": 5, "linkedColorNodeId": "color-1774349763155"}, {"x": 39.8, "y": 41.9, "id": "region-1774349779804", "color": "#FFFF00", "width": 6, "height": 5, "linkedColorNodeId": "color-1774349779804"}, {"x": 61.7, "y": 39.4, "id": "region-1774349795499", "color": "#0000FF", "width": 6, "height": 5, "linkedColorNodeId": "color-1774349795499"}, {"x": 49, "y": 2.8, "id": "region-1774349803509", "color": "#FF0000", "width": 6, "height": 5, "linkedColorNodeId": "color-1774349803509"}], "instructions": ["Colour the T-shirt of the girl with glasses green", "Colour the blank in the board at the gate black", "Colour the cakes on the blanket yellow", "Colour the kite red", "Colour the hat of a baby blue"], "backgroundImageUrl": "questions/images/1774349747121_89e829b2_q2_flyers_listening_p5.png"}', '{"answers": {"region-1774349749436": "#00FF00", "region-1774349763155": "#000000", "region-1774349779804": "#FFFF00", "region-1774349795499": "#0000FF", "region-1774349803509": "#FF0000"}}', 1.00, 'READ_AND_COLOR_OBJECTS', '', 'a0676e0b-eece-46cf-a80a-872952488fcc', '5', 5, 20, null, '102e3e52-defe-442d-95c7-11906caa234a', 'LISTENING', false, null);
INSERT INTO public.questions (id, content, correct_answer, points, question_type, explanation, exam_id, part_id, part_no, question_number, group_id, question_bank_id, question_skill_type, is_example, suggested_answers) VALUES ('937c5743-6120-4e0b-8e34-6273ee5f196f', '{"options": [{"answer": "a dentist", "content": "", "imageUrl": ""}, {"answer": "butter", "content": "", "imageUrl": ""}, {"answer": "a bridge", "content": "", "imageUrl": ""}, {"answer": "chocolate", "content": "", "imageUrl": ""}, {"answer": "an ambulance", "content": "", "imageUrl": ""}, {"answer": "a castle", "content": "", "imageUrl": ""}, {"answer": "traffic", "content": "", "imageUrl": ""}, {"answer": "sugar", "content": "", "imageUrl": ""}, {"answer": "a snack", "content": "", "imageUrl": ""}, {"answer": "an airport", "content": "", "imageUrl": ""}, {"answer": "an astronaut", "content": "", "imageUrl": ""}, {"answer": "a bike", "content": "", "imageUrl": ""}, {"answer": "a station", "content": "", "imageUrl": ""}, {"answer": "a waiter", "content": "", "imageUrl": ""}, {"answer": "jam", "content": "", "imageUrl": ""}], "question": "You go to this place if you want to travel somewhere by plane."}', '{"answer": "an airport"}', 1.00, 'MATCH_BY_WRITING_ANSWER', '', 'a0676e0b-eece-46cf-a80a-872952488fcc', '6', 6, 21, '88600160-7f49-44c6-a500-27352d0229b8', 'dfeb2e53-d606-4fa3-bd8f-32ad07bedd2c', 'READING', true, null);
INSERT INTO public.questions (id, content, correct_answer, points, question_type, explanation, exam_id, part_id, part_no, question_number, group_id, question_bank_id, question_skill_type, is_example, suggested_answers) VALUES ('12221bf9-c42c-466d-97c2-4f7a8f5e17ff', '{"options": [{"answer": "a dentist", "content": "", "imageUrl": ""}, {"answer": "butter", "content": "", "imageUrl": ""}, {"answer": "a bridge", "content": "", "imageUrl": ""}, {"answer": "chocolate", "content": "", "imageUrl": ""}, {"answer": "an ambulance", "content": "", "imageUrl": ""}, {"answer": "a castle", "content": "", "imageUrl": ""}, {"answer": "traffic", "content": "", "imageUrl": ""}, {"answer": "sugar", "content": "", "imageUrl": ""}, {"answer": "a snack", "content": "", "imageUrl": ""}, {"answer": "an airport", "content": "", "imageUrl": ""}, {"answer": "an astronaut", "content": "", "imageUrl": ""}, {"answer": "a bike", "content": "", "imageUrl": ""}, {"answer": "a station", "content": "", "imageUrl": ""}, {"answer": "a waiter", "content": "", "imageUrl": ""}, {"answer": "jam", "content": "", "imageUrl": ""}], "question": "This is brown and sweet. Most children like eating this."}', '{"answer": "chocolate"}', 1.00, 'MATCH_BY_WRITING_ANSWER', '', 'a0676e0b-eece-46cf-a80a-872952488fcc', '6', 6, 22, '88600160-7f49-44c6-a500-27352d0229b8', 'f9ab6b3b-5996-44bb-ad12-b31a9a6f2e1c', 'READING', false, null);
INSERT INTO public.questions (id, content, correct_answer, points, question_type, explanation, exam_id, part_id, part_no, question_number, group_id, question_bank_id, question_skill_type, is_example, suggested_answers) VALUES ('238af492-92ad-4a1b-916d-f8a4c5bc0c20', '{"options": [{"answer": "a dentist", "content": "", "imageUrl": ""}, {"answer": "butter", "content": "", "imageUrl": ""}, {"answer": "a bridge", "content": "", "imageUrl": ""}, {"answer": "chocolate", "content": "", "imageUrl": ""}, {"answer": "an ambulance", "content": "", "imageUrl": ""}, {"answer": "a castle", "content": "", "imageUrl": ""}, {"answer": "traffic", "content": "", "imageUrl": ""}, {"answer": "sugar", "content": "", "imageUrl": ""}, {"answer": "a snack", "content": "", "imageUrl": ""}, {"answer": "an airport", "content": "", "imageUrl": ""}, {"answer": "an astronaut", "content": "", "imageUrl": ""}, {"answer": "a bike", "content": "", "imageUrl": ""}, {"answer": "a station", "content": "", "imageUrl": ""}, {"answer": "a waiter", "content": "", "imageUrl": ""}, {"answer": "jam", "content": "", "imageUrl": ""}], "question": "This is yellow and we put it on bread. We use it when we make cakes."}', '{"answer": "butter"}', 1.00, 'MATCH_BY_WRITING_ANSWER', '', 'a0676e0b-eece-46cf-a80a-872952488fcc', '6', 6, 23, '88600160-7f49-44c6-a500-27352d0229b8', '68d79bf6-96e4-4f99-8fda-aada1000ece6', 'READING', false, null);
INSERT INTO public.questions (id, content, correct_answer, points, question_type, explanation, exam_id, part_id, part_no, question_number, group_id, question_bank_id, question_skill_type, is_example, suggested_answers) VALUES ('037fd235-cf01-4109-bc0a-42e43fa5c6bd', '{"options": [{"answer": "a dentist", "content": "", "imageUrl": ""}, {"answer": "butter", "content": "", "imageUrl": ""}, {"answer": "a bridge", "content": "", "imageUrl": ""}, {"answer": "chocolate", "content": "", "imageUrl": ""}, {"answer": "an ambulance", "content": "", "imageUrl": ""}, {"answer": "a castle", "content": "", "imageUrl": ""}, {"answer": "traffic", "content": "", "imageUrl": ""}, {"answer": "sugar", "content": "", "imageUrl": ""}, {"answer": "a snack", "content": "", "imageUrl": ""}, {"answer": "an airport", "content": "", "imageUrl": ""}, {"answer": "an astronaut", "content": "", "imageUrl": ""}, {"answer": "a bike", "content": "", "imageUrl": ""}, {"answer": "a station", "content": "", "imageUrl": ""}, {"answer": "a waiter", "content": "", "imageUrl": ""}, {"answer": "jam", "content": "", "imageUrl": ""}], "question": "Grown ups and children can ride this. It''s got two wheels."}', '{"answer": "a bike"}', 1.00, 'MATCH_BY_WRITING_ANSWER', '', 'a0676e0b-eece-46cf-a80a-872952488fcc', '6', 6, 24, '88600160-7f49-44c6-a500-27352d0229b8', 'd7dba14c-28ff-450d-bfec-34de301784a5', 'READING', false, null);
INSERT INTO public.questions (id, content, correct_answer, points, question_type, explanation, exam_id, part_id, part_no, question_number, group_id, question_bank_id, question_skill_type, is_example, suggested_answers) VALUES ('16f6495f-f510-4157-a999-2944c0982d99', '{"options": [{"answer": "a dentist", "content": "", "imageUrl": ""}, {"answer": "butter", "content": "", "imageUrl": ""}, {"answer": "a bridge", "content": "", "imageUrl": ""}, {"answer": "chocolate", "content": "", "imageUrl": ""}, {"answer": "an ambulance", "content": "", "imageUrl": ""}, {"answer": "a castle", "content": "", "imageUrl": ""}, {"answer": "traffic", "content": "", "imageUrl": ""}, {"answer": "sugar", "content": "", "imageUrl": ""}, {"answer": "a snack", "content": "", "imageUrl": ""}, {"answer": "an airport", "content": "", "imageUrl": ""}, {"answer": "an astronaut", "content": "", "imageUrl": ""}, {"answer": "a bike", "content": "", "imageUrl": ""}, {"answer": "a station", "content": "", "imageUrl": ""}, {"answer": "a waiter", "content": "", "imageUrl": ""}, {"answer": "jam", "content": "", "imageUrl": ""}], "question": "This person brings you food, usually in a restaurant or café."}', '{"answer": "a waiter"}', 1.00, 'MATCH_BY_WRITING_ANSWER', '', 'a0676e0b-eece-46cf-a80a-872952488fcc', '6', 6, 25, '88600160-7f49-44c6-a500-27352d0229b8', 'dbaa4d74-183a-4256-ab3f-d323da5ddd27', 'READING', false, null);
INSERT INTO public.questions (id, content, correct_answer, points, question_type, explanation, exam_id, part_id, part_no, question_number, group_id, question_bank_id, question_skill_type, is_example, suggested_answers) VALUES ('f935e670-adbb-4fe4-90d0-d69109f07967', '{"options": [{"answer": "a dentist", "content": "", "imageUrl": ""}, {"answer": "butter", "content": "", "imageUrl": ""}, {"answer": "a bridge", "content": "", "imageUrl": ""}, {"answer": "chocolate", "content": "", "imageUrl": ""}, {"answer": "an ambulance", "content": "", "imageUrl": ""}, {"answer": "a castle", "content": "", "imageUrl": ""}, {"answer": "traffic", "content": "", "imageUrl": ""}, {"answer": "sugar", "content": "", "imageUrl": ""}, {"answer": "a snack", "content": "", "imageUrl": ""}, {"answer": "an airport", "content": "", "imageUrl": ""}, {"answer": "an astronaut", "content": "", "imageUrl": ""}, {"answer": "a bike", "content": "", "imageUrl": ""}, {"answer": "a station", "content": "", "imageUrl": ""}, {"answer": "a waiter", "content": "", "imageUrl": ""}, {"answer": "jam", "content": "", "imageUrl": ""}], "question": "People go to this place if they want to catch a bus or train."}', '{"answer": "a station"}', 1.00, 'MATCH_BY_WRITING_ANSWER', '', 'a0676e0b-eece-46cf-a80a-872952488fcc', '6', 6, 26, '88600160-7f49-44c6-a500-27352d0229b8', 'aa7995a6-27b6-42b2-83cd-596722925fff', 'READING', false, null);
INSERT INTO public.questions (id, content, correct_answer, points, question_type, explanation, exam_id, part_id, part_no, question_number, group_id, question_bank_id, question_skill_type, is_example, suggested_answers) VALUES ('be5b84ed-85ad-48ad-aadb-1f4227acb5a3', '{"question": "Where are you going this weekend?", "askerName": "Ben", "answererName": "Sam"}', '{"answer": "E"}', 1.00, 'MATCH_BY_WRITING_ANSWER', '', 'a0676e0b-eece-46cf-a80a-872952488fcc', '7', 7, 32, '8094bed4-5155-428d-a806-f0f7418d395f', 'dd45b828-8852-4e00-8670-eb8fae00cb85', 'READING', true, null);
INSERT INTO public.questions (id, content, correct_answer, points, question_type, explanation, exam_id, part_id, part_no, question_number, group_id, question_bank_id, question_skill_type, is_example, suggested_answers) VALUES ('4dece032-655a-4e8f-8126-771d833149fe', '{"options": [{"answer": "a dentist", "content": "", "imageUrl": ""}, {"answer": "butter", "content": "", "imageUrl": ""}, {"answer": "a bridge", "content": "", "imageUrl": ""}, {"answer": "chocolate", "content": "", "imageUrl": ""}, {"answer": "an ambulance", "content": "", "imageUrl": ""}, {"answer": "a castle", "content": "", "imageUrl": ""}, {"answer": "traffic", "content": "", "imageUrl": ""}, {"answer": "sugar", "content": "", "imageUrl": ""}, {"answer": "a snack", "content": "", "imageUrl": ""}, {"answer": "an airport", "content": "", "imageUrl": ""}, {"answer": "an astronaut", "content": "", "imageUrl": ""}, {"answer": "a bike", "content": "", "imageUrl": ""}, {"answer": "a station", "content": "", "imageUrl": ""}, {"answer": "a waiter", "content": "", "imageUrl": ""}, {"answer": "jam", "content": "", "imageUrl": ""}], "question": "This is white and we use it when we make cakes and sweets."}', '{"answer": "sugar"}', 1.00, 'MATCH_BY_WRITING_ANSWER', '', 'a0676e0b-eece-46cf-a80a-872952488fcc', '6', 6, 27, '88600160-7f49-44c6-a500-27352d0229b8', 'b4e41daa-7d2d-4e3c-bf4b-6888ef1692c8', 'READING', false, null);
INSERT INTO public.questions (id, content, correct_answer, points, question_type, explanation, exam_id, part_id, part_no, question_number, group_id, question_bank_id, question_skill_type, is_example, suggested_answers) VALUES ('e43a0655-5b41-458a-b1ed-78f2ab5caf91', '{"options": ["Mrs White''s handbag", "The best café", "My terrible day"], "question": "Now choose the best name for the story.", "optionType": "text"}', '{"answer": 0}', 1.00, 'CHOOSE_THE_CORRECT_ANSWER', '', 'a0676e0b-eece-46cf-a80a-872952488fcc', '8', 8, 39, null, '12113ada-f92e-4f81-ad0c-6efc58205c7a', 'READING', false, null);
INSERT INTO public.questions (id, content, correct_answer, points, question_type, explanation, exam_id, part_id, part_no, question_number, group_id, question_bank_id, question_skill_type, is_example, suggested_answers) VALUES ('18e7d243-5756-49e0-a0e1-ba9f8c0dbba0', '{"options": [{"answer": "a dentist", "content": "", "imageUrl": ""}, {"answer": "butter", "content": "", "imageUrl": ""}, {"answer": "a bridge", "content": "", "imageUrl": ""}, {"answer": "chocolate", "content": "", "imageUrl": ""}, {"answer": "an ambulance", "content": "", "imageUrl": ""}, {"answer": "a castle", "content": "", "imageUrl": ""}, {"answer": "traffic", "content": "", "imageUrl": ""}, {"answer": "sugar", "content": "", "imageUrl": ""}, {"answer": "a snack", "content": "", "imageUrl": ""}, {"answer": "an airport", "content": "", "imageUrl": ""}, {"answer": "an astronaut", "content": "", "imageUrl": ""}, {"answer": "a bike", "content": "", "imageUrl": ""}, {"answer": "a station", "content": "", "imageUrl": ""}, {"answer": "a waiter", "content": "", "imageUrl": ""}, {"answer": "jam", "content": "", "imageUrl": ""}], "question": "You should see this person if you have bad toothache."}', '{"answer": "a dentist"}', 1.00, 'MATCH_BY_WRITING_ANSWER', '', 'a0676e0b-eece-46cf-a80a-872952488fcc', '6', 6, 28, '88600160-7f49-44c6-a500-27352d0229b8', '70fd8903-cf87-4c06-8bfd-ee58c32208b5', 'READING', false, null);
INSERT INTO public.questions (id, content, correct_answer, points, question_type, explanation, exam_id, part_id, part_no, question_number, group_id, question_bank_id, question_skill_type, is_example, suggested_answers) VALUES ('f3e73936-8c11-4f02-9d6c-36d9c571c8a2', '{"options": [{"answer": "a dentist", "content": "", "imageUrl": ""}, {"answer": "butter", "content": "", "imageUrl": ""}, {"answer": "a bridge", "content": "", "imageUrl": ""}, {"answer": "chocolate", "content": "", "imageUrl": ""}, {"answer": "an ambulance", "content": "", "imageUrl": ""}, {"answer": "a castle", "content": "", "imageUrl": ""}, {"answer": "traffic", "content": "", "imageUrl": ""}, {"answer": "sugar", "content": "", "imageUrl": ""}, {"answer": "a snack", "content": "", "imageUrl": ""}, {"answer": "an airport", "content": "", "imageUrl": ""}, {"answer": "an astronaut", "content": "", "imageUrl": ""}, {"answer": "a bike", "content": "", "imageUrl": ""}, {"answer": "a station", "content": "", "imageUrl": ""}, {"answer": "a waiter", "content": "", "imageUrl": ""}, {"answer": "jam", "content": "", "imageUrl": ""}], "question": "You travel in this if you need to get to hospital quickly."}', '{"answer": "an ambulance"}', 1.00, 'MATCH_BY_WRITING_ANSWER', '', 'a0676e0b-eece-46cf-a80a-872952488fcc', '6', 6, 29, '88600160-7f49-44c6-a500-27352d0229b8', 'df5fb934-a5fd-46d1-8e43-07bfdf32b6ce', 'READING', false, null);
INSERT INTO public.questions (id, content, correct_answer, points, question_type, explanation, exam_id, part_id, part_no, question_number, group_id, question_bank_id, question_skill_type, is_example, suggested_answers) VALUES ('368e2dd1-6147-452c-802d-2909b88f79a2', '{"options": [{"answer": "a dentist", "content": "", "imageUrl": ""}, {"answer": "butter", "content": "", "imageUrl": ""}, {"answer": "a bridge", "content": "", "imageUrl": ""}, {"answer": "chocolate", "content": "", "imageUrl": ""}, {"answer": "an ambulance", "content": "", "imageUrl": ""}, {"answer": "a castle", "content": "", "imageUrl": ""}, {"answer": "traffic", "content": "", "imageUrl": ""}, {"answer": "sugar", "content": "", "imageUrl": ""}, {"answer": "a snack", "content": "", "imageUrl": ""}, {"answer": "an airport", "content": "", "imageUrl": ""}, {"answer": "an astronaut", "content": "", "imageUrl": ""}, {"answer": "a bike", "content": "", "imageUrl": ""}, {"answer": "a station", "content": "", "imageUrl": ""}, {"answer": "a waiter", "content": "", "imageUrl": ""}, {"answer": "jam", "content": "", "imageUrl": ""}], "question": "This is something small we can eat if we are hungry between meals."}', '{"answer": "a snack"}', 1.00, 'MATCH_BY_WRITING_ANSWER', '', 'a0676e0b-eece-46cf-a80a-872952488fcc', '6', 6, 30, '88600160-7f49-44c6-a500-27352d0229b8', 'd13af4b0-a3a0-4cdd-92b3-c4047de5b2a9', 'READING', false, null);
INSERT INTO public.questions (id, content, correct_answer, points, question_type, explanation, exam_id, part_id, part_no, question_number, group_id, question_bank_id, question_skill_type, is_example, suggested_answers) VALUES ('cb610a8e-2713-4a82-b751-76bdc78b3b23', '{"options": [{"answer": "a dentist", "content": "", "imageUrl": ""}, {"answer": "butter", "content": "", "imageUrl": ""}, {"answer": "a bridge", "content": "", "imageUrl": ""}, {"answer": "chocolate", "content": "", "imageUrl": ""}, {"answer": "an ambulance", "content": "", "imageUrl": ""}, {"answer": "a castle", "content": "", "imageUrl": ""}, {"answer": "traffic", "content": "", "imageUrl": ""}, {"answer": "sugar", "content": "", "imageUrl": ""}, {"answer": "a snack", "content": "", "imageUrl": ""}, {"answer": "an airport", "content": "", "imageUrl": ""}, {"answer": "an astronaut", "content": "", "imageUrl": ""}, {"answer": "a bike", "content": "", "imageUrl": ""}, {"answer": "a station", "content": "", "imageUrl": ""}, {"answer": "a waiter", "content": "", "imageUrl": ""}, {"answer": "jam", "content": "", "imageUrl": ""}], "question": "This is someone who goes into space, usually in a rocket."}', '{"answer": "an astronaut"}', 1.00, 'MATCH_BY_WRITING_ANSWER', '', 'a0676e0b-eece-46cf-a80a-872952488fcc', '6', 6, 31, '88600160-7f49-44c6-a500-27352d0229b8', 'edd950ad-8ff7-49a8-94dc-a242de1028f2', 'READING', false, null);
INSERT INTO public.questions (id, content, correct_answer, points, question_type, explanation, exam_id, part_id, part_no, question_number, group_id, question_bank_id, question_skill_type, is_example, suggested_answers) VALUES ('a1c403ba-2113-450b-9849-53848c50ba4b', '{"options": [{"answer": "A", "content": "No never. I''m really excited.", "imageUrl": ""}, {"answer": "B", "content": "I''m not happy.", "imageUrl": ""}, {"answer": "C", "content": "In the forest near hear.", "imageUrl": ""}, {"answer": "D", "content": "Me too! My dad says it will be sunny this weekend.", "imageUrl": ""}, {"answer": "E", "content": "We''re going camping.", "imageUrl": ""}, {"answer": "F", "content": "With my dad and my brother.", "imageUrl": ""}, {"answer": "G", "content": "Will you go in the sea?", "imageUrl": ""}, {"answer": "H", "content": "Thanks a lot.", "imageUrl": ""}], "question": "Where at?", "askerName": "Ben", "answererName": "Sam", "groupImageUrl": "questions/images/1774395601627_b304a47f_q2_rw_part2_1.png"}', '{"answer": "C"}', 1.00, 'MATCH_BY_WRITING_ANSWER', '', 'a0676e0b-eece-46cf-a80a-872952488fcc', '7', 7, 33, '8094bed4-5155-428d-a806-f0f7418d395f', '47db49e5-ee38-4526-99aa-88fea504bdab', 'READING', false, null);
INSERT INTO public.questions (id, content, correct_answer, points, question_type, explanation, exam_id, part_id, part_no, question_number, group_id, question_bank_id, question_skill_type, is_example, suggested_answers) VALUES ('165111f5-0cbb-44c8-b629-6165ee77b33c', '{"options": [{"answer": "A", "content": "No never. I''m really excited.", "imageUrl": ""}, {"answer": "B", "content": "I''m not happy.", "imageUrl": ""}, {"answer": "C", "content": "In the forest near hear.", "imageUrl": ""}, {"answer": "D", "content": "Me too! My dad says it will be sunny this weekend.", "imageUrl": ""}, {"answer": "E", "content": "We''re going camping.", "imageUrl": ""}, {"answer": "F", "content": "With my dad and my brother.", "imageUrl": ""}, {"answer": "G", "content": "Will you go in the sea?", "imageUrl": ""}, {"answer": "H", "content": "Thanks a lot.", "imageUrl": ""}], "question": "Who are you going with?", "askerName": "Ben", "answererName": "Sam", "groupImageUrl": "questions/images/1774395601627_b304a47f_q2_rw_part2_1.png"}', '{"answer": "F"}', 1.00, 'MATCH_BY_WRITING_ANSWER', '', 'a0676e0b-eece-46cf-a80a-872952488fcc', '7', 7, 34, '8094bed4-5155-428d-a806-f0f7418d395f', 'f5b3cdda-d6c4-4b84-8b19-88fd9020fc7b', 'READING', false, null);
INSERT INTO public.questions (id, content, correct_answer, points, question_type, explanation, exam_id, part_id, part_no, question_number, group_id, question_bank_id, question_skill_type, is_example, suggested_answers) VALUES ('5a8858d4-540a-4ea1-bcd2-af6ee4073538', '{"options": [{"answer": "A", "content": "No, never. I''m really excited.", "imageUrl": ""}, {"answer": "B", "content": "I''m not happy.", "imageUrl": ""}, {"answer": "C", "content": "In the forest near hear.", "imageUrl": ""}, {"answer": "D", "content": "Me too! My dad says it will be sunny this weekend.", "imageUrl": ""}, {"answer": "E", "content": "We''re going camping.", "imageUrl": ""}, {"answer": "F", "content": "With my dad and my brother.", "imageUrl": ""}, {"answer": "G", "content": "Will you go in the sea?", "imageUrl": ""}, {"answer": "H", "content": "Thanks a lot.", "imageUrl": ""}], "question": "Great. Have you been camping before?", "askerName": "Ben", "answererName": "Sam", "groupImageUrl": "questions/images/1774395601627_b304a47f_q2_rw_part2_1.png"}', '{"answer": "A"}', 1.00, 'MATCH_BY_WRITING_ANSWER', '', 'a0676e0b-eece-46cf-a80a-872952488fcc', '7', 7, 35, '8094bed4-5155-428d-a806-f0f7418d395f', 'd764dbe4-0b6c-409e-9cbf-3f0e36884996', 'READING', false, null);
INSERT INTO public.questions (id, content, correct_answer, points, question_type, explanation, exam_id, part_id, part_no, question_number, group_id, question_bank_id, question_skill_type, is_example, suggested_answers) VALUES ('cbd88968-5e1a-4701-ba29-d645fb1559ea', '{"options": [{"answer": "A", "content": "No, never. I''m really excited.", "imageUrl": ""}, {"answer": "B", "content": "I''m not happy.", "imageUrl": ""}, {"answer": "C", "content": "In the forest near hear.", "imageUrl": ""}, {"answer": "D", "content": "Me too! My dad says it will be sunny this weekend.", "imageUrl": ""}, {"answer": "E", "content": "We''re going camping.", "imageUrl": ""}, {"answer": "F", "content": "With my dad and my brother.", "imageUrl": ""}, {"answer": "G", "content": "Will you go in the sea?", "imageUrl": ""}, {"answer": "H", "content": "Thanks a lot.", "imageUrl": ""}], "question": "I hope it doesn''t rain.", "askerName": "Ben", "answererName": "Sam", "groupImageUrl": "questions/images/1774395601627_b304a47f_q2_rw_part2_1.png"}', '{"answer": "D"}', 1.00, 'MATCH_BY_WRITING_ANSWER', '', 'a0676e0b-eece-46cf-a80a-872952488fcc', '7', 7, 36, '8094bed4-5155-428d-a806-f0f7418d395f', '02ce86e5-b0d4-41d4-9d11-9dc303d8cbe6', 'READING', false, null);
INSERT INTO public.questions (id, content, correct_answer, points, question_type, explanation, exam_id, part_id, part_no, question_number, group_id, question_bank_id, question_skill_type, is_example, suggested_answers) VALUES ('b1a20fa4-f780-43de-b6e8-06c837a61e25', '{"options": [{"answer": "A", "content": "No, never. I''m really excited.", "imageUrl": ""}, {"answer": "B", "content": "I''m not happy.", "imageUrl": ""}, {"answer": "C", "content": "In the forest near hear.", "imageUrl": ""}, {"answer": "D", "content": "Me too! My dad says it will be sunny this weekend.", "imageUrl": ""}, {"answer": "E", "content": "We''re going camping.", "imageUrl": ""}, {"answer": "F", "content": "With my dad and my brother.", "imageUrl": ""}, {"answer": "G", "content": "Will you go in the sea?", "imageUrl": ""}, {"answer": "H", "content": "Thanks a lot.", "imageUrl": ""}], "question": "Have a good time.", "askerName": "Ben", "answererName": "Sam", "groupImageUrl": "questions/images/1774395601627_b304a47f_q2_rw_part2_1.png"}', '{"answer": "H"}', 1.00, 'MATCH_BY_WRITING_ANSWER', '', 'a0676e0b-eece-46cf-a80a-872952488fcc', '7', 7, 37, '8094bed4-5155-428d-a806-f0f7418d395f', '2cedb752-9815-430b-a842-695597277a51', 'READING', false, null);
INSERT INTO public.questions (id, content, correct_answer, points, question_type, explanation, exam_id, part_id, part_no, question_number, group_id, question_bank_id, question_skill_type, is_example, suggested_answers) VALUES ('5e5ae06e-7597-4430-8ca1-28765ceb889b', '{"title": "", "imageUrl": "questions/images/1774396368141_c4fe2a02_q2_rw_p3_1.png", "viewMode": "WITH_WORD_BANK", "wordBank": [{"word": "cake", "imageUrl": "", "isExample": true}, {"word": "call", "imageUrl": ""}, {"word": "early", "imageUrl": ""}, {"word": "surprise", "imageUrl": ""}, {"word": "caught", "imageUrl": ""}, {"word": "address", "imageUrl": ""}, {"word": "saw", "imageUrl": ""}, {"word": "week", "imageUrl": ""}, {"word": "name", "imageUrl": ""}, {"word": "interesting", "imageUrl": ""}], "paragraph": "Last Saturday I went shopping with my mum and my sister. We were very tired after the shopping, so mum took us to a café for a drink and a piece of {0}.\n\nJust before we left the café, I {1} a handbag on the floor under my chair. I showed it to my mum. She said, \"You should give it to the man who works in the café.\" So, I went to the waiter and gave him the handbag. He took it and asked for my {2} and telephone number.\n\nA {3} later the telephone rang. My mum called to me, \"Daisy, there''s a woman on the phone for you. Her name''s Mrs White.\" I was {4} because I didn''t know anyone called Mrs White. I took the phone and spoke to the woman. The handbag I found in the café was Mrs White''s! She was very pleased to have her handbag back and asked for my {5}. Two days later I got a thank you letter from Mrs White with some money!", "exampleAnswer": ["cake"]}', '{"answers": ["cake", "saw", "name", "week", "surprise", "address"], "example": ["cake"], "caseSensitive": false}', 1.00, 'WORD_FILL_PARAGRAPH', '', 'a0676e0b-eece-46cf-a80a-872952488fcc', '8', 8, 38, null, 'a12ddf66-fd38-4219-acf5-7859c01270b4', 'READING', false, null);
INSERT INTO public.questions (id, content, correct_answer, points, question_type, explanation, exam_id, part_id, part_no, question_number, group_id, question_bank_id, question_skill_type, is_example, suggested_answers) VALUES ('8e3260f3-0092-43a5-9c8e-65af46d22390', '{"title": "Firefighters", "viewMode": "WITH_OPTIONS", "wordBank": [{"options": ["all", "each", "any"], "isExample": true}, {"options": ["help", "helps", "helping"]}, {"options": ["need", "can", "should"]}, {"options": ["quick", "quicker", "quickly"]}, {"options": ["these", "this", "those"]}, {"options": ["who", "how", "what"]}, {"options": ["no-one", "someone", "everyone"]}, {"options": ["into", "onto", "over"]}, {"options": ["is", "are", "be"]}, {"options": ["a", "an", "the"]}, {"options": ["so", "because", "but"]}], "paragraph": "A firefighter''s job is very important and {0} day is always different. Often firefighters {1} people who have a fire in their house. Other times, the fire is in a factory or an office. A fire {2} grow very fast and so it is important that the team of firefighters work very {3}. In the past {4} job was only for men but of course now there are women {5} work at fire stations. When {6} calls a fire station, a team of about five firefighters get {7} a fire engine and drive to where the fire {8}. The driver of the fire engine must drive very fast but carefully. To be a firefighter you need to be brave because it can be {9} very dangerous job. You can''t be afraid of climbing and you need to be strong {10} you will sometimes carry heavy things."}', '{"answers": ["each", "help", "can", "quickly", "this", "who", "someone", "into", "is", "a", "because"], "caseSensitive": false}', 1.00, 'WORD_FILL_PARAGRAPH', '', 'a0676e0b-eece-46cf-a80a-872952488fcc', '9', 9, 40, null, '2e2a9a0f-042c-437e-86c4-bf9cdc17dbbe', 'READING', false, null);
INSERT INTO public.questions (id, content, correct_answer, points, question_type, explanation, exam_id, part_id, part_no, question_number, group_id, question_bank_id, question_skill_type, is_example, suggested_answers) VALUES ('ce48d112-6fca-4ece-9f96-fb41cfd09f0b', '{"hints": [], "title": "My first day at school", "content": "My name''s Betty Stewart and I''m an English teacher. I was twenty-two years old when I got my first teaching job. I remember my first day very well!\n\nThe day didn''t start well. I got up early and got dressed. Then I dropped my cereal all over my new skirt. I quickly put on clean clothes. I picked up my bag and went to the bus stop. I saw a lot of people waiting for the bus. I asked a woman, \"Why are there so many people?\" She said \"There''s a lot of traffic in the city centre and all the buses are late.\" So, I decided to walk to school.\n\nI only had half an hour before my first lesson. I walked very quickly. After some time I could see the school at the end of the road. I felt very happy. Suddenly it started to rain. I ran fast but I was very wet when I arrived at school. When I got to my classroom I was five minutes late and I looked wet and horrible. At first, my new students looked surprised when they saw me. Then they all smiled and said, \"Good morning Miss Stewart!\" I smiled back and said \"Good morning class!\" After that, the day got much better.", "imageUrl": "", "question": "Betty''s job is a {0}.", "showHints": false}', '{"answers": ["teacher"], "caseSensitive": false}', 1.00, 'FILL_IN_BLANK', '', 'a0676e0b-eece-46cf-a80a-872952488fcc', '10', 10, 41, '60fe649f-a0a2-4c73-840a-64d297a4a368', '40d5c8b6-d1eb-4614-b4bb-b0b1f0135ea6', 'READING', true, null);
INSERT INTO public.questions (id, content, correct_answer, points, question_type, explanation, exam_id, part_id, part_no, question_number, group_id, question_bank_id, question_skill_type, is_example, suggested_answers) VALUES ('81fd9329-ab6b-4804-8a8b-0759e1dcd1f5', '{"hints": [], "title": "My first day at school", "content": "My name''s Betty Stewart and I''m an English teacher. I was twenty-two years old when I got my first teaching job. I remember my first day very well!\n\nThe day didn''t start well. I got up early and got dressed. Then I dropped my cereal all over my new skirt. I quickly put on clean clothes. I picked up my bag and went to the bus stop. I saw a lot of people waiting for the bus. I asked a woman, \"Why are there so many people?\" She said \"There''s a lot of traffic in the city centre and all the buses are late.\" So, I decided to walk to school.\n\nI only had half an hour before my first lesson. I walked very quickly. After some time I could see the school at the end of the road. I felt very happy. Suddenly it started to rain. I ran fast but I was very wet when I arrived at school. When I got to my classroom I was five minutes late and I looked wet and horrible. At first, my new students looked surprised when they saw me. Then they all smiled and said, \"Good morning Miss Stewart!\" I smiled back and said \"Good morning class!\" After that, the day got much better.", "imageUrl": "", "question": "She started teaching when she was {0} old.", "showHints": false}', '{"answers": ["tweny-two years"], "caseSensitive": false}', 1.00, 'FILL_IN_BLANK', '', 'a0676e0b-eece-46cf-a80a-872952488fcc', '10', 10, 42, '60fe649f-a0a2-4c73-840a-64d297a4a368', '2d9408a2-682a-4d43-9889-03cbee9ccd3b', 'READING', true, null);
INSERT INTO public.questions (id, content, correct_answer, points, question_type, explanation, exam_id, part_id, part_no, question_number, group_id, question_bank_id, question_skill_type, is_example, suggested_answers) VALUES ('d933ee42-4ad5-4303-8025-ba761faee1d1', '{"hints": [], "title": "My first day at school", "content": "My name''s Betty Stewart and I''m an English teacher. I was twenty-two years old when I got my first teaching job. I remember my first day very well!\n\nThe day didn''t start well. I got up early and got dressed. Then I dropped my cereal all over my new skirt. I quickly put on clean clothes. I picked up my bag and went to the bus stop. I saw a lot of people waiting for the bus. I asked a woman, \"Why are there so many people?\" She said \"There''s a lot of traffic in the city centre and all the buses are late.\" So, I decided to walk to school.\n\nI only had half an hour before my first lesson. I walked very quickly. After some time I could see the school at the end of the road. I felt very happy. Suddenly it started to rain. I ran fast but I was very wet when I arrived at school. When I got to my classroom I was five minutes late and I looked wet and horrible. At first, my new students looked surprised when they saw me. Then they all smiled and said, \"Good morning Miss Stewart!\" I smiled back and said \"Good morning class!\" After that, the day got much better.", "imageUrl": "", "question": "Betty couldn''t wear her new skirt to school because it had {0} on it.", "showHints": false}', '{"answers": ["cereal"], "caseSensitive": false}', 1.00, 'FILL_IN_BLANK', '', 'a0676e0b-eece-46cf-a80a-872952488fcc', '10', 10, 43, '60fe649f-a0a2-4c73-840a-64d297a4a368', '6735a775-dd37-4019-adc3-375a4ee7f7f3', 'READING', false, null);
INSERT INTO public.questions (id, content, correct_answer, points, question_type, explanation, exam_id, part_id, part_no, question_number, group_id, question_bank_id, question_skill_type, is_example, suggested_answers) VALUES ('fcb11824-af2d-4d39-8871-4bd261598e93', '{"hints": [], "title": "My first day at school", "content": "My name''s Betty Stewart and I''m an English teacher. I was twenty-two years old when I got my first teaching job. I remember my first day very well!\n\nThe day didn''t start well. I got up early and got dressed. Then I dropped my cereal all over my new skirt. I quickly put on clean clothes. I picked up my bag and went to the bus stop. I saw a lot of people waiting for the bus. I asked a woman, \"Why are there so many people?\" She said \"There''s a lot of traffic in the city centre and all the buses are late.\" So, I decided to walk to school.\n\nI only had half an hour before my first lesson. I walked very quickly. After some time I could see the school at the end of the road. I felt very happy. Suddenly it started to rain. I ran fast but I was very wet when I arrived at school. When I got to my classroom I was five minutes late and I looked wet and horrible. At first, my new students looked surprised when they saw me. Then they all smiled and said, \"Good morning Miss Stewart!\" I smiled back and said \"Good morning class!\" After that, the day got much better.", "imageUrl": "", "question": "There were so {0} people waiting for the bus.", "showHints": false}', '{"answers": ["many"], "caseSensitive": false}', 1.00, 'FILL_IN_BLANK', '', 'a0676e0b-eece-46cf-a80a-872952488fcc', '10', 10, 44, '60fe649f-a0a2-4c73-840a-64d297a4a368', 'fe3fced7-a179-4d5a-8e17-7c0f1f734eea', 'READING', false, null);
INSERT INTO public.questions (id, content, correct_answer, points, question_type, explanation, exam_id, part_id, part_no, question_number, group_id, question_bank_id, question_skill_type, is_example, suggested_answers) VALUES ('738b15d3-99db-49ed-ae74-0d527583a72e', '{"hints": [], "title": "My first day at school", "content": "My name''s Betty Stewart and I''m an English teacher. I was twenty-two years old when I got my first teaching job. I remember my first day very well!\n\nThe day didn''t start well. I got up early and got dressed. Then I dropped my cereal all over my new skirt. I quickly put on clean clothes. I picked up my bag and went to the bus stop. I saw a lot of people waiting for the bus. I asked a woman, \"Why are there so many people?\" She said \"There''s a lot of traffic in the city centre and all the buses are late.\" So, I decided to walk to school.\n\nI only had half an hour before my first lesson. I walked very quickly. After some time I could see the school at the end of the road. I felt very happy. Suddenly it started to rain. I ran fast but I was very wet when I arrived at school. When I got to my classroom I was five minutes late and I looked wet and horrible. At first, my new students looked surprised when they saw me. Then they all smiled and said, \"Good morning Miss Stewart!\" I smiled back and said \"Good morning class!\" After that, the day got much better.", "imageUrl": "", "question": "There was a lot of traffic in the city centre so all the buses {0}.", "showHints": false}', '{"answers": ["were late"], "caseSensitive": false}', 1.00, 'FILL_IN_BLANK', '', 'a0676e0b-eece-46cf-a80a-872952488fcc', '10', 10, 45, '60fe649f-a0a2-4c73-840a-64d297a4a368', '2b7c0bd3-6f4f-4289-8d56-e8bf38eed67f', 'READING', false, null);
INSERT INTO public.questions (id, content, correct_answer, points, question_type, explanation, exam_id, part_id, part_no, question_number, group_id, question_bank_id, question_skill_type, is_example, suggested_answers) VALUES ('166ae97b-b97a-4565-80ac-7ffcde23ac7d', '{"hints": [], "title": "My first day at school", "content": "My name''s Betty Stewart and I''m an English teacher. I was twenty-two years old when I got my first teaching job. I remember my first day very well!\n\nThe day didn''t start well. I got up early and got dressed. Then I dropped my cereal all over my new skirt. I quickly put on clean clothes. I picked up my bag and went to the bus stop. I saw a lot of people waiting for the bus. I asked a woman, \"Why are there so many people?\" She said \"There''s a lot of traffic in the city centre and all the buses are late.\" So, I decided to walk to school.\n\nI only had half an hour before my first lesson. I walked very quickly. After some time I could see the school at the end of the road. I felt very happy. Suddenly it started to rain. I ran fast but I was very wet when I arrived at school. When I got to my classroom I was five minutes late and I looked wet and horrible. At first, my new students looked surprised when they saw me. Then they all smiled and said, \"Good morning Miss Stewart!\" I smiled back and said \"Good morning class!\" After that, the day got much better.", "imageUrl": "", "question": "Betty was {0} when she could see the school.", "showHints": false}', '{"answers": ["happy"], "caseSensitive": false}', 1.00, 'FILL_IN_BLANK', '', 'a0676e0b-eece-46cf-a80a-872952488fcc', '10', 10, 46, '60fe649f-a0a2-4c73-840a-64d297a4a368', 'dd9743b5-f3c9-450a-864c-f29dc32e4f8c', 'READING', false, null);
INSERT INTO public.questions (id, content, correct_answer, points, question_type, explanation, exam_id, part_id, part_no, question_number, group_id, question_bank_id, question_skill_type, is_example, suggested_answers) VALUES ('9e82b8af-b59b-4f59-9747-7e843bfc22ad', '{"hints": [], "title": "My first day at school", "content": "My name''s Betty Stewart and I''m an English teacher. I was twenty-two years old when I got my first teaching job. I remember my first day very well!\n\nThe day didn''t start well. I got up early and got dressed. Then I dropped my cereal all over my new skirt. I quickly put on clean clothes. I picked up my bag and went to the bus stop. I saw a lot of people waiting for the bus. I asked a woman, \"Why are there so many people?\" She said \"There''s a lot of traffic in the city centre and all the buses are late.\" So, I decided to walk to school.\n\nI only had half an hour before my first lesson. I walked very quickly. After some time I could see the school at the end of the road. I felt very happy. Suddenly it started to rain. I ran fast but I was very wet when I arrived at school. When I got to my classroom I was five minutes late and I looked wet and horrible. At first, my new students looked surprised when they saw me. Then they all smiled and said, \"Good morning Miss Stewart!\" I smiled back and said \"Good morning class!\" After that, the day got much better.", "imageUrl": "", "question": "Before Betty arrived at school it {0} rain.", "showHints": false}', '{"answers": ["started to"], "caseSensitive": false}', 1.00, 'FILL_IN_BLANK', '', 'a0676e0b-eece-46cf-a80a-872952488fcc', '10', 10, 47, '60fe649f-a0a2-4c73-840a-64d297a4a368', '91e199a2-f655-423a-b101-ee45b6adc0cb', 'READING', false, null);
INSERT INTO public.questions (id, content, correct_answer, points, question_type, explanation, exam_id, part_id, part_no, question_number, group_id, question_bank_id, question_skill_type, is_example, suggested_answers) VALUES ('334459b8-ab0e-4bbf-9bde-74aac1e439ea', '{"hints": [], "title": "My first day at school", "content": "My name''s Betty Stewart and I''m an English teacher. I was twenty-two years old when I got my first teaching job. I remember my first day very well!\n\nThe day didn''t start well. I got up early and got dressed. Then I dropped my cereal all over my new skirt. I quickly put on clean clothes. I picked up my bag and went to the bus stop. I saw a lot of people waiting for the bus. I asked a woman, \"Why are there so many people?\" She said \"There''s a lot of traffic in the city centre and all the buses are late.\" So, I decided to walk to school.\n\nI only had half an hour before my first lesson. I walked very quickly. After some time I could see the school at the end of the road. I felt very happy. Suddenly it started to rain. I ran fast but I was very wet when I arrived at school. When I got to my classroom I was five minutes late and I looked wet and horrible. At first, my new students looked surprised when they saw me. Then they all smiled and said, \"Good morning Miss Stewart!\" I smiled back and said \"Good morning class!\" After that, the day got much better.", "imageUrl": "", "question": "When the students first saw their new teacher they looked {0}.", "showHints": false}', '{"answers": ["surprised"], "caseSensitive": false}', 1.00, 'FILL_IN_BLANK', '', 'a0676e0b-eece-46cf-a80a-872952488fcc', '10', 10, 48, '60fe649f-a0a2-4c73-840a-64d297a4a368', 'b745704b-6e83-464b-9ac1-4380926cdfc2', 'READING', false, null);
INSERT INTO public.questions (id, content, correct_answer, points, question_type, explanation, exam_id, part_id, part_no, question_number, group_id, question_bank_id, question_skill_type, is_example, suggested_answers) VALUES ('2e414540-3b3c-440f-ba2a-a53cf012202e', '{"hints": [], "title": "My first day at school", "content": "My name''s Betty Stewart and I''m an English teacher. I was twenty-two years old when I got my first teaching job. I remember my first day very well!\n\nThe day didn''t start well. I got up early and got dressed. Then I dropped my cereal all over my new skirt. I quickly put on clean clothes. I picked up my bag and went to the bus stop. I saw a lot of people waiting for the bus. I asked a woman, \"Why are there so many people?\" She said \"There''s a lot of traffic in the city centre and all the buses are late.\" So, I decided to walk to school.\n\nI only had half an hour before my first lesson. I walked very quickly. After some time I could see the school at the end of the road. I felt very happy. Suddenly it started to rain. I ran fast but I was very wet when I arrived at school. When I got to my classroom I was five minutes late and I looked wet and horrible. At first, my new students looked surprised when they saw me. Then they all smiled and said, \"Good morning Miss Stewart!\" I smiled back and said \"Good morning class!\" After that, the day got much better.", "imageUrl": "", "question": "Everyone in the class {0} at Miss Stewart and said \"Good morning.\"", "showHints": false}', '{"answers": ["smiled"], "caseSensitive": false}', 1.00, 'FILL_IN_BLANK', '', 'a0676e0b-eece-46cf-a80a-872952488fcc', '10', 10, 49, '60fe649f-a0a2-4c73-840a-64d297a4a368', '34392e7d-b336-4ee2-831f-5eae9688780d', 'READING', false, null);
INSERT INTO public.questions (id, content, correct_answer, points, question_type, explanation, exam_id, part_id, part_no, question_number, group_id, question_bank_id, question_skill_type, is_example, suggested_answers) VALUES ('14f9f081-c159-47b6-a3f9-968f83f84e6e', '{"title": "", "viewMode": "DEFAULT", "wordBank": [], "paragraph": "Tuesday 23rd July\n\nDear Grandma,\n\nWe''re {0} a good time on holiday.\nOur hotel is great. I''ve got a big room and I can see the sea {1} my window! Yesterday we visited a castle. I {2} lots of photos with my camera. The castle was very {3} and we heard lots of interesting stories {4} the kings and queens who lived there. It''s hot and sunny today so we''re {5} to go to the beach this afternoon.\n\nSee you soon.\n\nLots of love,\n\nSarah."}', '{"answers": ["having", "from", "took", "old", "about", "going"], "caseSensitive": false}', 1.00, 'WORD_FILL_PARAGRAPH', '', 'a0676e0b-eece-46cf-a80a-872952488fcc', '11', 11, 50, null, '59571705-bbbf-453b-a0f6-3fc7e12d7597', 'READING', false, null);
INSERT INTO public.questions (id, content, correct_answer, points, question_type, explanation, exam_id, part_id, part_no, question_number, group_id, question_bank_id, question_skill_type, is_example, suggested_answers) VALUES ('d7ec38fd-1310-47a2-a1b5-946ad20e742f', '{"title": "Nghe và trả lời", "content": "", "question": "Name of music school:", "subtitle": "", "prefixText": "The", "suffixText": "Music School"}', '{"answer": "Stage"}', 1.00, 'ANSWER_THE_QUESTION', '', 'a0676e0b-eece-46cf-a80a-872952488fcc', '2', 2, 2, 'e5eb1071-a17a-47c4-94ba-ade7cb7df1ef', '25744964-34ff-4ede-8e4b-1eea6a1ca401', 'LISTENING', true, null);
INSERT INTO public.exam_questions (id, exam_id, question_id, position, part_id, part_no, points) VALUES ('fb3bbc88-1add-43ef-83de-4a715e318b82', 'd4eb85dd-b610-4e31-9058-aa26c5b1f6db', 'd4ca89e1-7ca2-44e2-83bb-8c490596e75c', 1, '1', 1, null);
INSERT INTO public.exam_questions (id, exam_id, question_id, position, part_id, part_no, points) VALUES ('739e0451-6611-4421-8d4d-eadfdf14e670', 'd4eb85dd-b610-4e31-9058-aa26c5b1f6db', 'd7ec38fd-1310-47a2-a1b5-946ad20e742f', 2, '2', 2, null);
INSERT INTO public.exam_questions (id, exam_id, question_id, position, part_id, part_no, points) VALUES ('ef5e51af-4a34-4665-9f88-198b85040ad8', 'd4eb85dd-b610-4e31-9058-aa26c5b1f6db', 'f3b67fef-277e-40f1-8bb8-d3114eae15a5', 3, '2', 2, null);
INSERT INTO public.exam_questions (id, exam_id, question_id, position, part_id, part_no, points) VALUES ('b9a5778d-1432-4298-a9bd-af3af79cae2c', 'd4eb85dd-b610-4e31-9058-aa26c5b1f6db', '18d8fefe-8c59-4417-afc1-8a0f403b1db7', 4, '2', 2, null);
INSERT INTO public.exam_questions (id, exam_id, question_id, position, part_id, part_no, points) VALUES ('c97029d8-0cf6-45ed-8a54-9ddc095f7814', 'd4eb85dd-b610-4e31-9058-aa26c5b1f6db', 'aa788b88-1033-429d-85d4-dafc9c32db72', 5, '2', 2, null);
INSERT INTO public.exam_questions (id, exam_id, question_id, position, part_id, part_no, points) VALUES ('3fcff0df-0658-459c-b486-51925813446a', 'd4eb85dd-b610-4e31-9058-aa26c5b1f6db', 'b9b31517-d6dd-47ee-a6dc-d3f463b68651', 6, '2', 2, null);
INSERT INTO public.exam_questions (id, exam_id, question_id, position, part_id, part_no, points) VALUES ('0f64454f-3476-4757-aa8a-566bc95796bd', 'd4eb85dd-b610-4e31-9058-aa26c5b1f6db', '14160fba-23e2-4eb0-a8bd-e2400cdf254d', 7, '2', 2, null);
INSERT INTO public.exam_questions (id, exam_id, question_id, position, part_id, part_no, points) VALUES ('f8592ef3-e918-4afe-a7d9-4767482ef785', 'd4eb85dd-b610-4e31-9058-aa26c5b1f6db', 'd39469d8-1b3a-4b35-b3a1-ef9efbe23499', 8, '3', 3, null);
INSERT INTO public.exam_questions (id, exam_id, question_id, position, part_id, part_no, points) VALUES ('ca9ce0e6-b20e-47d1-932f-383808cec650', 'd4eb85dd-b610-4e31-9058-aa26c5b1f6db', 'fb8b4269-0091-4fb0-b625-6050c8d22000', 9, '3', 3, null);
INSERT INTO public.exam_questions (id, exam_id, question_id, position, part_id, part_no, points) VALUES ('dc119946-0f2f-4a2f-ba42-7aa5fc7b8dbd', 'd4eb85dd-b610-4e31-9058-aa26c5b1f6db', 'b00d1467-cd15-498b-bd3a-6b3a28e52d33', 10, '3', 3, null);
INSERT INTO public.exam_questions (id, exam_id, question_id, position, part_id, part_no, points) VALUES ('e0710bb3-5d3a-4b3d-a870-111d6df4cd6e', 'd4eb85dd-b610-4e31-9058-aa26c5b1f6db', '4a765aff-aeb4-430a-b0c9-ab43889be5ca', 11, '3', 3, null);
INSERT INTO public.exam_questions (id, exam_id, question_id, position, part_id, part_no, points) VALUES ('847d6cb9-49af-49f1-b8fb-4638ae2531e6', 'd4eb85dd-b610-4e31-9058-aa26c5b1f6db', '84bd5c87-dedd-4dad-b839-393e117ef5ff', 12, '3', 3, null);
INSERT INTO public.exam_questions (id, exam_id, question_id, position, part_id, part_no, points) VALUES ('1b206a00-b382-4934-b168-b95b6667e60e', 'd4eb85dd-b610-4e31-9058-aa26c5b1f6db', 'f1006a08-8aea-49cd-95da-001e95b1fd68', 13, '3', 3, null);
INSERT INTO public.exam_questions (id, exam_id, question_id, position, part_id, part_no, points) VALUES ('50a7f910-cee6-43f0-8ca4-e8abb3947caf', 'd4eb85dd-b610-4e31-9058-aa26c5b1f6db', '5635925a-9c1c-49dd-9c92-b52560c83b6d', 14, '4', 4, null);
INSERT INTO public.exam_questions (id, exam_id, question_id, position, part_id, part_no, points) VALUES ('1ab43660-df4c-405e-880a-143e49a1c345', 'd4eb85dd-b610-4e31-9058-aa26c5b1f6db', '1d2fcce2-047f-4a76-aee0-2d23eb698b76', 15, '4', 4, null);
INSERT INTO public.exam_questions (id, exam_id, question_id, position, part_id, part_no, points) VALUES ('ce67accf-e54c-46dc-afa4-b8bd07e9baad', 'd4eb85dd-b610-4e31-9058-aa26c5b1f6db', '5120a119-e12e-4d69-9d54-c844405f896d', 16, '4', 4, null);
INSERT INTO public.exam_questions (id, exam_id, question_id, position, part_id, part_no, points) VALUES ('7dc7f2e8-48a0-49fa-ab6a-45ac163d6b81', 'd4eb85dd-b610-4e31-9058-aa26c5b1f6db', 'e7eb0f4d-86a9-45ff-8967-dd3855c458ae', 17, '4', 4, null);
INSERT INTO public.exam_questions (id, exam_id, question_id, position, part_id, part_no, points) VALUES ('8d4fb5e4-3c29-4378-8a44-9b1893e118fa', 'd4eb85dd-b610-4e31-9058-aa26c5b1f6db', '301030fb-daed-4092-aac3-60070bcff81e', 18, '4', 4, null);
INSERT INTO public.exam_questions (id, exam_id, question_id, position, part_id, part_no, points) VALUES ('2f0f94e2-7f83-4594-aaf3-3b474053bd54', 'd4eb85dd-b610-4e31-9058-aa26c5b1f6db', '19585851-4cf0-4dc3-9a2c-504bbf948fd0', 19, '4', 4, null);
INSERT INTO public.exam_questions (id, exam_id, question_id, position, part_id, part_no, points) VALUES ('7f0dbccc-8ba4-45dc-a144-5167895800b2', 'd4eb85dd-b610-4e31-9058-aa26c5b1f6db', 'bd7e8466-10ee-4570-90a4-1f586809ccb9', 20, '5', 5, null);
INSERT INTO public.exam_questions (id, exam_id, question_id, position, part_id, part_no, points) VALUES ('d6a871b6-dcb6-4405-b1cd-cdb5d426330e', 'd4eb85dd-b610-4e31-9058-aa26c5b1f6db', '937c5743-6120-4e0b-8e34-6273ee5f196f', 21, '6', 6, null);
INSERT INTO public.exam_questions (id, exam_id, question_id, position, part_id, part_no, points) VALUES ('6cddadc3-43d5-47d1-a630-23f2c6984fde', 'd4eb85dd-b610-4e31-9058-aa26c5b1f6db', '12221bf9-c42c-466d-97c2-4f7a8f5e17ff', 22, '6', 6, null);
INSERT INTO public.exam_questions (id, exam_id, question_id, position, part_id, part_no, points) VALUES ('07a17d25-57f5-477d-abb0-03aad54da580', 'd4eb85dd-b610-4e31-9058-aa26c5b1f6db', '238af492-92ad-4a1b-916d-f8a4c5bc0c20', 23, '6', 6, null);
INSERT INTO public.exam_questions (id, exam_id, question_id, position, part_id, part_no, points) VALUES ('eb17a250-6dfa-46ac-880b-4ab3ce16fa03', 'd4eb85dd-b610-4e31-9058-aa26c5b1f6db', '037fd235-cf01-4109-bc0a-42e43fa5c6bd', 24, '6', 6, null);
INSERT INTO public.exam_questions (id, exam_id, question_id, position, part_id, part_no, points) VALUES ('fac88f67-fd57-4c20-9476-140f2ea36052', 'd4eb85dd-b610-4e31-9058-aa26c5b1f6db', '16f6495f-f510-4157-a999-2944c0982d99', 25, '6', 6, null);
INSERT INTO public.exam_questions (id, exam_id, question_id, position, part_id, part_no, points) VALUES ('895fd894-bc25-4e2c-a6f5-41438f118f01', 'd4eb85dd-b610-4e31-9058-aa26c5b1f6db', 'f935e670-adbb-4fe4-90d0-d69109f07967', 26, '6', 6, null);
INSERT INTO public.exam_questions (id, exam_id, question_id, position, part_id, part_no, points) VALUES ('877dfed5-d0ef-439c-9472-4a0d36e21ea1', 'd4eb85dd-b610-4e31-9058-aa26c5b1f6db', '4dece032-655a-4e8f-8126-771d833149fe', 27, '6', 6, null);
INSERT INTO public.exam_questions (id, exam_id, question_id, position, part_id, part_no, points) VALUES ('fcf23b2b-2304-41a5-a04f-7f0ab401e6fd', 'd4eb85dd-b610-4e31-9058-aa26c5b1f6db', '18e7d243-5756-49e0-a0e1-ba9f8c0dbba0', 28, '6', 6, null);
INSERT INTO public.exam_questions (id, exam_id, question_id, position, part_id, part_no, points) VALUES ('af9cd01e-a976-49aa-aeac-c9784dd4d40e', 'd4eb85dd-b610-4e31-9058-aa26c5b1f6db', 'f3e73936-8c11-4f02-9d6c-36d9c571c8a2', 29, '6', 6, null);
INSERT INTO public.exam_questions (id, exam_id, question_id, position, part_id, part_no, points) VALUES ('0de47868-35ee-42cd-8c24-fb771a6ab513', 'd4eb85dd-b610-4e31-9058-aa26c5b1f6db', '368e2dd1-6147-452c-802d-2909b88f79a2', 30, '6', 6, null);
INSERT INTO public.exam_questions (id, exam_id, question_id, position, part_id, part_no, points) VALUES ('6afe0564-978b-4b67-b66f-dfe5e84966d8', 'd4eb85dd-b610-4e31-9058-aa26c5b1f6db', 'cb610a8e-2713-4a82-b751-76bdc78b3b23', 31, '6', 6, null);
INSERT INTO public.exam_questions (id, exam_id, question_id, position, part_id, part_no, points) VALUES ('2eef4a37-e16b-439e-be75-242f9e447606', 'd4eb85dd-b610-4e31-9058-aa26c5b1f6db', 'be5b84ed-85ad-48ad-aadb-1f4227acb5a3', 32, '7', 7, null);
INSERT INTO public.exam_questions (id, exam_id, question_id, position, part_id, part_no, points) VALUES ('333049db-72a3-4d28-b33a-fb338175a545', 'd4eb85dd-b610-4e31-9058-aa26c5b1f6db', 'a1c403ba-2113-450b-9849-53848c50ba4b', 33, '7', 7, null);
INSERT INTO public.exam_questions (id, exam_id, question_id, position, part_id, part_no, points) VALUES ('5fa25cb2-b568-4214-8590-381c77213d88', 'd4eb85dd-b610-4e31-9058-aa26c5b1f6db', '165111f5-0cbb-44c8-b629-6165ee77b33c', 34, '7', 7, null);
INSERT INTO public.exam_questions (id, exam_id, question_id, position, part_id, part_no, points) VALUES ('f3d01ab1-9937-4ea5-922c-d3c3a14ea7c2', 'd4eb85dd-b610-4e31-9058-aa26c5b1f6db', '5a8858d4-540a-4ea1-bcd2-af6ee4073538', 35, '7', 7, null);
INSERT INTO public.exam_questions (id, exam_id, question_id, position, part_id, part_no, points) VALUES ('417e7279-d5c1-4254-8aed-457659d2285d', 'd4eb85dd-b610-4e31-9058-aa26c5b1f6db', 'cbd88968-5e1a-4701-ba29-d645fb1559ea', 36, '7', 7, null);
INSERT INTO public.exam_questions (id, exam_id, question_id, position, part_id, part_no, points) VALUES ('0ce8ebea-dbae-443c-804c-5879428d9d1a', 'd4eb85dd-b610-4e31-9058-aa26c5b1f6db', 'b1a20fa4-f780-43de-b6e8-06c837a61e25', 37, '7', 7, null);
INSERT INTO public.exam_questions (id, exam_id, question_id, position, part_id, part_no, points) VALUES ('ebc26c81-93a2-45a7-883a-abcc1a22c24e', 'd4eb85dd-b610-4e31-9058-aa26c5b1f6db', '5e5ae06e-7597-4430-8ca1-28765ceb889b', 38, '8', 8, null);
INSERT INTO public.exam_questions (id, exam_id, question_id, position, part_id, part_no, points) VALUES ('1f6daf20-e5b6-4e56-9500-cd4ef4e8fdae', 'd4eb85dd-b610-4e31-9058-aa26c5b1f6db', 'e43a0655-5b41-458a-b1ed-78f2ab5caf91', 39, '8', 8, null);
INSERT INTO public.exam_questions (id, exam_id, question_id, position, part_id, part_no, points) VALUES ('2fcd80d2-3992-4636-a3f9-ecbbd69552f8', 'd4eb85dd-b610-4e31-9058-aa26c5b1f6db', '8e3260f3-0092-43a5-9c8e-65af46d22390', 40, '9', 9, null);
INSERT INTO public.exam_questions (id, exam_id, question_id, position, part_id, part_no, points) VALUES ('01acb67d-5f69-45ea-b066-b3c7e8d1e164', 'd4eb85dd-b610-4e31-9058-aa26c5b1f6db', 'ce48d112-6fca-4ece-9f96-fb41cfd09f0b', 41, '10', 10, null);
INSERT INTO public.exam_questions (id, exam_id, question_id, position, part_id, part_no, points) VALUES ('d474ba84-d611-4c2d-998b-16bd92776447', 'd4eb85dd-b610-4e31-9058-aa26c5b1f6db', '81fd9329-ab6b-4804-8a8b-0759e1dcd1f5', 42, '10', 10, null);
INSERT INTO public.exam_questions (id, exam_id, question_id, position, part_id, part_no, points) VALUES ('4f7b57fe-102c-4801-ba80-7ee77a450de1', 'd4eb85dd-b610-4e31-9058-aa26c5b1f6db', 'd933ee42-4ad5-4303-8025-ba761faee1d1', 43, '10', 10, null);
INSERT INTO public.exam_questions (id, exam_id, question_id, position, part_id, part_no, points) VALUES ('6957841b-0b93-483f-bb19-b8e9a9c13761', 'd4eb85dd-b610-4e31-9058-aa26c5b1f6db', 'fcb11824-af2d-4d39-8871-4bd261598e93', 44, '10', 10, null);
INSERT INTO public.exam_questions (id, exam_id, question_id, position, part_id, part_no, points) VALUES ('9879e417-7d1f-453d-a2d6-9d620808a1b6', 'd4eb85dd-b610-4e31-9058-aa26c5b1f6db', '738b15d3-99db-49ed-ae74-0d527583a72e', 45, '10', 10, null);
INSERT INTO public.exam_questions (id, exam_id, question_id, position, part_id, part_no, points) VALUES ('a273291c-4aea-48c1-bad3-7e71c3b9b148', 'd4eb85dd-b610-4e31-9058-aa26c5b1f6db', '166ae97b-b97a-4565-80ac-7ffcde23ac7d', 46, '10', 10, null);
INSERT INTO public.exam_questions (id, exam_id, question_id, position, part_id, part_no, points) VALUES ('e5861d61-2128-44fc-9f82-ecd6c0444d39', 'd4eb85dd-b610-4e31-9058-aa26c5b1f6db', '9e82b8af-b59b-4f59-9747-7e843bfc22ad', 47, '10', 10, null);
INSERT INTO public.exam_questions (id, exam_id, question_id, position, part_id, part_no, points) VALUES ('1ad8470c-52da-4621-9b06-a49916e57b01', 'd4eb85dd-b610-4e31-9058-aa26c5b1f6db', '334459b8-ab0e-4bbf-9bde-74aac1e439ea', 48, '10', 10, null);
INSERT INTO public.exam_questions (id, exam_id, question_id, position, part_id, part_no, points) VALUES ('4d8d1dff-63d2-4b37-91cc-ec91ab0756fa', 'd4eb85dd-b610-4e31-9058-aa26c5b1f6db', '2e414540-3b3c-440f-ba2a-a53cf012202e', 49, '10', 10, null);
INSERT INTO public.exam_questions (id, exam_id, question_id, position, part_id, part_no, points) VALUES ('bbd55016-3f3b-4f00-b3ad-a2dc70dc6611', 'd4eb85dd-b610-4e31-9058-aa26c5b1f6db', '14f9f081-c159-47b6-a3f9-968f83f84e6e', 50, '11', 11, null);
INSERT INTO public.exam_questions (id, exam_id, question_id, position, part_id, part_no, points) VALUES ('f40b8b5a-288d-440c-b858-2ac214291a22', 'd4eb85dd-b610-4e31-9058-aa26c5b1f6db', 'b636b48c-0a3f-4439-9c89-f6baf9266974', 51, '12', 12, null);
