INSERT INTO public.exams (id, name, code, subject_id, difficulty, is_complete, is_active, total_score, description, exam_level, duration_minutes, exam_template_id, parent_exam_id, variant_no, template, total_questions) VALUES ('e8fc3a15-68ce-4cfd-ae52-394e7fc7c41c', 'YLE - Starters - Listening/Reading/Writing', 'YLE-STA-LRW', null, 'EASY', true, true, 43, 'Đề thi quý: Starter - Listening/Reading/Writing', null, 45, null, null, null, '{"id": "0b8505f8-3021-489f-acd5-8e24fa34b14b", "parts": [{"id": 1, "name": "Part 1", "skill": "LISTENING", "points": 5, "isGroup": false, "audioUrl": "exams/e8fc3a15-68ce-4cfd-ae52-394e7fc7c41c/1/audio/1773744379783_fa2ed5d2_LISTENING_PARTS_1-4.mp3", "category": "LISTENING", "endIndex": 0, "startIndex": 0, "instructions": "Listen and drag the colours to the correct objects.", "questionType": "IMAGE_OBJECT_MATCHING", "questionCount": 1}, {"id": 2, "name": "Part 2", "skill": "LISTENING", "groups": [{"number": 1, "questionCount": 7}], "points": 5, "isGroup": true, "audioUrl": "exams/e8fc3a15-68ce-4cfd-ae52-394e7fc7c41c/2/audio/1773744387945_0c7de3fa_LISTENING_PARTS_1-4.mp3", "category": "LISTENING", "endIndex": 7, "viewMode": "PICTURE_AND_QUESTIONS", "startIndex": 1, "groupConfig": ["imageUrl"], "exampleCount": 2, "instructions": "Read the question. Listen and write a name or a number.", "questionType": "ANSWER_THE_QUESTION", "questionCount": 7}, {"id": 3, "name": "Part 3", "skill": "LISTENING", "points": 5, "isGroup": false, "audioUrl": "exams/e8fc3a15-68ce-4cfd-ae52-394e7fc7c41c/3/audio/1773744396320_2907daf3_LISTENING_PARTS_1-4.mp3", "category": "LISTENING", "endIndex": 13, "optionMode": "IMAGE", "startIndex": 8, "optionCount": 3, "instructions": "Listen and tick (✓) the box.", "questionType": "CHOOSE_THE_CORRECT_ANSWER", "questionCount": 6, "questionConfig": ["question", "options"]}, {"id": 4, "name": "Part 4", "skill": "LISTENING", "points": 5, "isGroup": false, "audioUrl": "exams/e8fc3a15-68ce-4cfd-ae52-394e7fc7c41c/4/audio/1773744416658_021c2981_LISTENING_PARTS_1-4.mp3", "category": "LISTENING", "endIndex": 14, "startIndex": 14, "instructions": "Listen and drag the colours to the correct objects.", "questionType": "READ_AND_COLOR_OBJECTS", "questionCount": 1}, {"id": 5, "name": "Part 1", "skill": "READING", "points": 5, "isGroup": false, "category": "READING_AND_WRITING", "endIndex": 21, "startIndex": 15, "instructions": "Look and read. Put a tick (✓) or a cross (✗) in the box.", "questionType": "TRUE_FALSE", "questionCount": 7}, {"id": 6, "name": "Part 2", "skill": "READING", "groups": [{"number": 1, "questionCount": 7}], "points": 5, "isGroup": true, "category": "READING_AND_WRITING", "endIndex": 28, "viewMode": "PICTURE_AND_QUESTIONS", "startIndex": 22, "groupConfig": ["imageUrl"], "instructions": "Look and read. Write yes or no.", "questionType": "ANSWER_THE_QUESTION", "questionCount": 7}, {"id": 7, "name": "Part 3", "skill": "READING", "points": 5, "isGroup": false, "category": "READING_AND_WRITING", "endIndex": 34, "startIndex": 29, "instructions": "Look at the pictures. Look at the letters. Write the words.", "questionType": "WORD_ORDERING", "questionCount": 6}, {"id": 8, "name": "Part 4", "skill": "READING", "points": 5, "isGroup": false, "category": "READING_AND_WRITING", "endIndex": 35, "viewMode": "WITH_WORD_BANK", "startIndex": 35, "instructions": "Read this. Choose a word from the box. Write the correct word next to the numbers {from}–{to}.", "questionType": "WORD_FILL_PARAGRAPH", "questionCount": 1}, {"id": 9, "name": "Part 5", "skill": "READING", "groups": [{"number": 1, "questionCount": 3}, {"number": 2, "questionCount": 2}, {"number": 3, "questionCount": 2}], "points": 5, "isGroup": true, "category": "READING_AND_WRITING", "endIndex": 42, "viewMode": "PICTURE_AND_QUESTIONS", "startIndex": 36, "groupConfig": ["imageUrl"], "instructions": "Look at the pictures and read the questions. Write one-word answers.", "questionType": "ANSWER_THE_QUESTION", "questionCount": 7}], "title": "YLE Starters", "subTitle": "YLE STARTERS", "examLevel": "A1", "totalParts": 9, "description": "Cambridge YLE Starters", "examLevelId": "a3582f71-5608-42ae-a8cd-7f71055c9116", "totalQuestions": 43}', 43);
INSERT INTO public.exams (id, name, code, subject_id, difficulty, is_complete, is_active, total_score, description, exam_level, duration_minutes, exam_template_id, parent_exam_id, variant_no, template, total_questions) VALUES ('552f1308-2100-4818-87ae-6876b46e30c1', '000', 'YLE-STA-LRW-0', null, 'EASY', false, false, 43, 'Đề thi quý: Starter - Listening/Reading/Writing', null, 45, null, 'e8fc3a15-68ce-4cfd-ae52-394e7fc7c41c', 0, '{"id": "0b8505f8-3021-489f-acd5-8e24fa34b14b", "parts": [{"id": 1, "name": "Part 1", "skill": "LISTENING", "points": 5, "isGroup": false, "audioUrl": "exams/e8fc3a15-68ce-4cfd-ae52-394e7fc7c41c/1/audio/1773744379783_fa2ed5d2_LISTENING_PARTS_1-4.mp3", "category": "LISTENING", "endIndex": 0, "startIndex": 0, "instructions": "Listen and drag the colours to the correct objects.", "questionType": "IMAGE_OBJECT_MATCHING", "questionCount": 1}, {"id": 2, "name": "Part 2", "skill": "LISTENING", "groups": [{"number": 1, "questionCount": 7}], "points": 5, "isGroup": true, "audioUrl": "exams/e8fc3a15-68ce-4cfd-ae52-394e7fc7c41c/2/audio/1773744387945_0c7de3fa_LISTENING_PARTS_1-4.mp3", "category": "LISTENING", "endIndex": 7, "viewMode": "PICTURE_AND_QUESTIONS", "startIndex": 1, "groupConfig": ["imageUrl"], "exampleCount": 2, "instructions": "Read the question. Listen and write a name or a number.", "questionType": "ANSWER_THE_QUESTION", "questionCount": 7}, {"id": 3, "name": "Part 3", "skill": "LISTENING", "points": 5, "isGroup": false, "audioUrl": "exams/e8fc3a15-68ce-4cfd-ae52-394e7fc7c41c/3/audio/1773744396320_2907daf3_LISTENING_PARTS_1-4.mp3", "category": "LISTENING", "endIndex": 13, "optionMode": "IMAGE", "startIndex": 8, "optionCount": 3, "instructions": "Listen and tick (✓) the box.", "questionType": "CHOOSE_THE_CORRECT_ANSWER", "questionCount": 6, "questionConfig": ["question", "options"]}, {"id": 4, "name": "Part 4", "skill": "LISTENING", "points": 5, "isGroup": false, "audioUrl": "exams/e8fc3a15-68ce-4cfd-ae52-394e7fc7c41c/4/audio/1773744416658_021c2981_LISTENING_PARTS_1-4.mp3", "category": "LISTENING", "endIndex": 14, "startIndex": 14, "instructions": "Listen and drag the colours to the correct objects.", "questionType": "READ_AND_COLOR_OBJECTS", "questionCount": 1}, {"id": 5, "name": "Part 1", "skill": "READING", "points": 5, "isGroup": false, "category": "READING_AND_WRITING", "endIndex": 21, "startIndex": 15, "instructions": "Look and read. Put a tick (✓) or a cross (✗) in the box.", "questionType": "TRUE_FALSE", "questionCount": 7}, {"id": 6, "name": "Part 2", "skill": "READING", "groups": [{"number": 1, "questionCount": 7}], "points": 5, "isGroup": true, "category": "READING_AND_WRITING", "endIndex": 28, "viewMode": "PICTURE_AND_QUESTIONS", "startIndex": 22, "groupConfig": ["imageUrl"], "instructions": "Look and read. Write yes or no.", "questionType": "ANSWER_THE_QUESTION", "questionCount": 7}, {"id": 7, "name": "Part 3", "skill": "READING", "points": 5, "isGroup": false, "category": "READING_AND_WRITING", "endIndex": 34, "startIndex": 29, "instructions": "Look at the pictures. Look at the letters. Write the words.", "questionType": "WORD_ORDERING", "questionCount": 6}, {"id": 8, "name": "Part 4", "skill": "READING", "points": 5, "isGroup": false, "category": "READING_AND_WRITING", "endIndex": 35, "viewMode": "WITH_WORD_BANK", "startIndex": 35, "instructions": "Read this. Choose a word from the box. Write the correct word next to the numbers {from}–{to}.", "questionType": "WORD_FILL_PARAGRAPH", "questionCount": 1}, {"id": 9, "name": "Part 5", "skill": "READING", "groups": [{"number": 1, "questionCount": 3}, {"number": 2, "questionCount": 2}, {"number": 3, "questionCount": 2}], "points": 5, "isGroup": true, "category": "READING_AND_WRITING", "endIndex": 42, "viewMode": "PICTURE_AND_QUESTIONS", "startIndex": 36, "groupConfig": ["imageUrl"], "instructions": "Look at the pictures and read the questions. Write one-word answers.", "questionType": "ANSWER_THE_QUESTION", "questionCount": 7}], "title": "YLE Starters", "subTitle": "YLE STARTERS", "examLevel": "A1", "totalParts": 9, "description": "Cambridge YLE Starters", "examLevelId": "a3582f71-5608-42ae-a8cd-7f71055c9116", "totalQuestions": 43}', 43);
INSERT INTO public.question_banks (id, code, title, content, correct_answer, question_type, difficulty, skill, points, subject_id, exam_level, explanation) VALUES ('29e328c1-a7ac-4816-9201-803d0b667715', 'LQL_Q2_2025_001', 'Ghép nối hình ảnh', '{"colorNodes": [{"id": "color-1773744594794", "color": "#FF0000", "label": "Lucy"}, {"id": "color-1773744627488", "color": "#00FF00", "label": "Sam"}, {"id": "color-1773744707350", "color": "#0000FF", "label": "Eva"}, {"id": "color-1773744763155", "color": "#FFFF00", "label": "Hugo"}, {"id": "color-1773744844531", "color": "#FF00FF", "label": "Sue"}], "regionNodes": [{"x": 41.4, "y": 38.2, "id": "region-1773744594794", "color": "#FF0000", "width": 6, "height": 5, "linkedColorNodeId": "color-1773744594794"}, {"x": 55.4, "y": 41.5, "id": "region-1773744627488", "color": "#00FF00", "width": 6, "height": 5, "linkedColorNodeId": "color-1773744627488"}, {"x": 71.9, "y": 34.2, "id": "region-1773744707350", "color": "#0000FF", "width": 6, "height": 5, "linkedColorNodeId": "color-1773744707350"}, {"x": 80.3, "y": 37, "id": "region-1773744763155", "color": "#FFFF00", "width": 6, "height": 5, "linkedColorNodeId": "color-1773744763155"}, {"x": 65.8, "y": 72.7, "id": "region-1773744844531", "color": "#FF00FF", "width": 6, "height": 5, "linkedColorNodeId": "color-1773744844531"}], "instructions": ["Match the red object with Lucy", "Match the green object with Sam", "Match the blue object with Eva", "Match the yellow object with Hugo", "Match the pink object with Sue"], "backgroundImageUrl": "questions/images/1773744471097_df00b1c2_Q2_listening_part1.png"}', '{"answers": {"region-1773744594794": "#FF0000", "region-1773744627488": "#00FF00", "region-1773744707350": "#0000FF", "region-1773744763155": "#FFFF00", "region-1773744844531": "#FF00FF"}}', 'IMAGE_OBJECT_MATCHING', 'medium', null, 1.00, null, null, '');
INSERT INTO public.question_banks (id, code, title, content, correct_answer, question_type, difficulty, skill, points, subject_id, exam_level, explanation) VALUES ('8aa4e68d-6b91-4101-897b-3f698cbb22fa', 'WTW_Q2_2025_006', 'Sắp xếp từ', '{"words": ["e", "r", "e", "s", "a", "r"], "imageUrl": "questions/images/1773806152174_f85996f4_Q2_rw_part3_6.png"}', '{"answer": ["e", "r", "a", "s", "e", "r"]}', 'WORD_ORDERING', 'medium', null, 1.00, null, null, '');
INSERT INTO public.question_banks (id, code, title, content, correct_answer, question_type, difficulty, skill, points, subject_id, exam_level, explanation) VALUES ('a8ee0168-2e91-4ec7-b93f-9f159bf2d234', 'WNN_Q2_2025_001', 'Đọc câu hỏi và viết đáp án', '{"title": "Đọc câu hỏi. Nghe và viết tên hoặc số.", "content": "", "imageUrl": "questions/images/1773745079334_afb0a44f_Q2_listening_part2.png", "question": "What is the girl''s name?"}', '{"answer": "Lucy"}', 'ANSWER_THE_QUESTION', 'medium', null, 1.00, null, null, '');
INSERT INTO public.question_banks (id, code, title, content, correct_answer, question_type, difficulty, skill, points, subject_id, exam_level, explanation) VALUES ('be01c37e-d8e7-4ba9-b456-4a18abf3d503', 'WNN_Q2_2025_002', 'Đọc câu hỏi và viết đáp án', '{"title": "Đọc câu hỏi. Nghe và viết tên hoặc số.", "content": "", "imageUrl": "questions/images/1773745079334_afb0a44f_Q2_listening_part2.png", "question": "How old is she?"}', '{"answer": "6"}', 'ANSWER_THE_QUESTION', 'medium', null, 1.00, null, null, '');
INSERT INTO public.question_banks (id, code, title, content, correct_answer, question_type, difficulty, skill, points, subject_id, exam_level, explanation) VALUES ('71f34ce4-3365-4913-a55f-682562b63699', 'WNN_Q2_2025_003', 'Đọc câu hỏi và viết đáp án', '{"title": "Đọc câu hỏi. Nghe và viết tên hoặc số.", "content": "", "imageUrl": "questions/images/1773745079334_afb0a44f_Q2_listening_part2.png", "question": "How many dolls has Lucy got?"}', '{"answer": "13"}', 'ANSWER_THE_QUESTION', 'medium', null, 1.00, null, null, '');
INSERT INTO public.question_banks (id, code, title, content, correct_answer, question_type, difficulty, skill, points, subject_id, exam_level, explanation) VALUES ('8d934dc3-7151-40a3-9e3b-a535f1e6dece', 'WNN_Q2_2025_004', 'Đọc câu hỏi và viết đáp án', '{"title": "Đọc câu hỏi. Nghe và viết tên hoặc số.", "content": "", "imageUrl": "questions/images/1773745079334_afb0a44f_Q2_listening_part2.png", "question": "What''s the dog''s name?"}', '{"answer": "Blue"}', 'ANSWER_THE_QUESTION', 'medium', null, 1.00, null, null, '');
INSERT INTO public.question_banks (id, code, title, content, correct_answer, question_type, difficulty, skill, points, subject_id, exam_level, explanation) VALUES ('6fee8c08-8efe-4034-9d6a-f4346a706827', 'WNN_Q2_2025_005', 'Đọc câu hỏi và viết đáp án', '{"title": "Đọc câu hỏi. Nghe và viết tên hoặc số.", "content": "", "imageUrl": "questions/images/1773745079334_afb0a44f_Q2_listening_part2.png", "question": "Which class is Lucy in?"}', '{"answer": "2"}', 'ANSWER_THE_QUESTION', 'medium', null, 1.00, null, null, '');
INSERT INTO public.question_banks (id, code, title, content, correct_answer, question_type, difficulty, skill, points, subject_id, exam_level, explanation) VALUES ('bb31c4d6-b87f-4d7e-a54b-1c233a44c4ca', 'WNN_Q2_2025_006', 'Đọc câu hỏi và viết đáp án', '{"title": "Đọc câu hỏi. Nghe và viết tên hoặc số.", "content": "", "imageUrl": "questions/images/1773745079334_afb0a44f_Q2_listening_part2.png", "question": "What''s the name of Lucy''s school?"}', '{"answer": "Town"}', 'ANSWER_THE_QUESTION', 'medium', null, 1.00, null, null, '');
INSERT INTO public.question_banks (id, code, title, content, correct_answer, question_type, difficulty, skill, points, subject_id, exam_level, explanation) VALUES ('a95c1da6-d79c-4870-9292-885d3c69f2d6', 'WNN_Q2_2025_007', 'Đọc câu hỏi và viết đáp án', '{"title": "Đọc câu hỏi. Nghe và viết tên hoặc số.", "content": "", "imageUrl": "questions/images/1773745079334_afb0a44f_Q2_listening_part2.png", "question": "How mane children are in Lucy''s class?"}', '{"answer": "19"}', 'ANSWER_THE_QUESTION', 'medium', null, 1.00, null, null, '');
INSERT INTO public.question_banks (id, code, title, content, correct_answer, question_type, difficulty, skill, points, subject_id, exam_level, explanation) VALUES ('ffa2a940-ffba-4252-bfb5-a363ee463ccb', 'LAT_Q2_2025_001', 'Chọn đáp án đúng', '{"options": ["questions/options/images/1773796765965_76883a1a_Q2_listening_part3_ex_a.png", "questions/options/images/1773796776783_978b36da_Q2_listening_part3_ex_b.png", "questions/options/images/1773796783566_dd3aded0_Q2_listening_part3_ex_c.png"], "imageUrl": "questions/images/1773796493091_dd5a87c8_Q2_listening_part3_ex.png", "question": "What''s Nick doing?", "optionType": "image"}', '{"answer": 1}', 'CHOOSE_THE_CORRECT_ANSWER', 'medium', null, 1.00, null, null, '');
INSERT INTO public.question_banks (id, code, title, content, correct_answer, question_type, difficulty, skill, points, subject_id, exam_level, explanation) VALUES ('ffc3ac11-295b-46d5-8ac7-158454f2c115', 'LAT_Q2_2025_002', 'Chọn đáp án đúng', '{"options": ["questions/options/images/1773797289544_212eb079_Q2_listening_part3_1_a.png", "questions/options/images/1773797294220_a67e5fe6_Q2_listening_part3_1_b.png", "questions/options/images/1773797297874_63d78e79_Q2_listening_part3_1_c.png"], "imageUrl": "questions/images/1773797283429_5cb03149_Q2_listening_part3_1.png", "question": "Which boy is Tom?", "optionType": "image"}', '{"answer": 2}', 'CHOOSE_THE_CORRECT_ANSWER', 'medium', null, 1.00, null, null, '');
INSERT INTO public.question_banks (id, code, title, content, correct_answer, question_type, difficulty, skill, points, subject_id, exam_level, explanation) VALUES ('6b71c6f3-50de-4b13-83d2-2e9afb8cb52e', 'LAT_Q2_2025_003', 'Chọn đáp án đúng', '{"options": ["questions/options/images/1773797543010_5a2f5f72_Q2_listening_part3_2_a.png", "questions/options/images/1773797546566_c432b8a2_Q2_listening_part3_2_b.png", "questions/options/images/1773797550023_c63b838e_Q2_listening_part3_2_c.png"], "imageUrl": "questions/images/1773797539010_4300e48e_Q2_listening_part3_2.png", "question": "Which is Jill''s favourite drink?", "optionType": "image"}', '{"answer": 1}', 'CHOOSE_THE_CORRECT_ANSWER', 'medium', null, 1.00, null, null, '');
INSERT INTO public.question_banks (id, code, title, content, correct_answer, question_type, difficulty, skill, points, subject_id, exam_level, explanation) VALUES ('505738d5-7465-4551-9afb-39ecc109edcb', 'LAT_Q2_2025_004', 'Chọn đáp án đúng', '{"options": ["questions/options/images/1773797769951_61aafb92_Q2_listening_part3_3_a.png", "questions/options/images/1773797773064_fc0184fb_Q2_listening_part3_3_b.png", "questions/options/images/1773797776739_a6ccafec_Q2_listening_part3_3_c.png"], "imageUrl": "questions/images/1773797766115_cb963868_Q2_listening_part3_3.png", "question": "What''s Mark doing?", "optionType": "image"}', '{"answer": 2}', 'CHOOSE_THE_CORRECT_ANSWER', 'medium', null, 1.00, null, null, '');
INSERT INTO public.question_banks (id, code, title, content, correct_answer, question_type, difficulty, skill, points, subject_id, exam_level, explanation) VALUES ('84c71d25-1449-4310-af1c-e829e4db14d7', 'LAT_Q2_2025_005', 'Chọn đáp án đúng', '{"options": ["questions/options/images/1773798050967_c9b19470_Q2_listening_part3_4_a.png", "questions/options/images/1773798055629_d5feb9a7_Q2_listening_part3_4_b.png", "questions/options/images/1773798059572_6a9fee77_Q2_listening_part3_4_c.png"], "imageUrl": "questions/images/1773798013917_15e592e6_Q2_listening_part3_4.png", "question": "Where''s the spider?", "optionType": "image"}', '{"answer": 0}', 'CHOOSE_THE_CORRECT_ANSWER', 'medium', null, 1.00, null, null, '');
INSERT INTO public.question_banks (id, code, title, content, correct_answer, question_type, difficulty, skill, points, subject_id, exam_level, explanation) VALUES ('01100f33-4183-4553-bd52-8b1beef33c59', 'LAT_Q2_2025_006', 'Chọn đáp án đúng', '{"options": ["questions/options/images/1773798324564_49ab7bea_Q2_listening_part3_5_a.png", "questions/options/images/1773798328993_e5080ba3_Q2_listening_part3_5_b.png", "questions/options/images/1773798333935_0417c5bf_Q2_listening_part3_5_c.png"], "imageUrl": "questions/images/1773798320715_44d9837c_Q2_listening_part3_5.png", "question": "Where''s the baby''s duck?", "optionType": "image"}', '{"answer": 1}', 'CHOOSE_THE_CORRECT_ANSWER', 'medium', null, 1.00, null, null, '');
INSERT INTO public.question_banks (id, code, title, content, correct_answer, question_type, difficulty, skill, points, subject_id, exam_level, explanation) VALUES ('2f4e83a9-a89e-452f-a50a-81d24ed82f90', 'RCW_Q2_2025_001', 'Điền từ vào đoạn văn', '{"title": "Monkeys", "imageUrl": "questions/images/1773806330293_e7e6b9c1_Q2_rw_part4_monkey.png", "viewMode": "WITH_WORD_BANK", "wordBank": [{"word": "trees", "imageUrl": "questions/images/1773806593402_246fdb5f_Q2_rw_part4_1.png", "isExample": true}, {"word": "arms", "imageUrl": "questions/images/1773806673625_0df1a606_Q2_rw_part4_2.png"}, {"word": "bike", "imageUrl": "questions/images/1773806692794_e76366a7_Q2_rw_part4_3.png"}, {"word": "bananas", "imageUrl": "questions/images/1773806713620_00e5930f_Q2_rw_part4_4.png"}, {"word": "tails", "imageUrl": "questions/images/1773806731037_6ede49ba_Q2_rw_part4_5.png"}, {"word": "toes", "imageUrl": "questions/images/1773806745228_c6b173a3_Q2_rw_part4_6.png"}, {"word": "eggs", "imageUrl": "questions/images/1773806765491_d1a81bae_Q2_rw_part4_7.png"}, {"word": "eyes", "imageUrl": "questions/images/1773806802859_548cb35c_Q2_rw_part4_8.png"}], "paragraph": "Monkeys live in the {0} with their family and friends.\nMonkeys are fun. They can run and jump with their long {1}.\nThey eat fruit but {2} are their favourite food. Lots of monkeys are small but they have long {3}. They are brown or orange and have big {4}. They have ten fingers and ten {5}, like people. Monkeys are very funny!", "exampleAnswer": ["trees"]}', '{"answers": ["trees", "arms", "bananas", "tails", "eyes", "toes"], "example": ["trees"], "caseSensitive": false}', 'WORD_FILL_PARAGRAPH', 'medium', null, 1.00, null, null, '');
INSERT INTO public.question_banks (id, code, title, content, correct_answer, question_type, difficulty, skill, points, subject_id, exam_level, explanation) VALUES ('d98ceaa1-7b7f-4c4a-ac69-951231bd15f0', 'LAC_Q2_2025_001', 'Đọc và tô màu', '{"colorNodes": [{"id": "color-1773800114747", "color": "#0000FF"}, {"id": "color-1773800166302", "color": "#800080"}, {"id": "color-1773800374691", "color": "#00FF00"}, {"id": "color-1773800400013", "color": "#FFA500"}, {"id": "color-1773800637993", "color": "#FF0000"}], "regionNodes": [{"x": 76.5, "y": 56.6, "id": "region-1773800114747", "color": "#0000FF", "width": 6, "height": 5, "linkedColorNodeId": "color-1773800114747"}, {"x": 11.4, "y": 36.8, "id": "region-1773800166302", "color": "#800080", "width": 6, "height": 5, "linkedColorNodeId": "color-1773800166302"}, {"x": 33.5, "y": 11.4, "id": "region-1773800374691", "color": "#00FF00", "width": 6, "height": 5, "linkedColorNodeId": "color-1773800374691"}, {"x": 41, "y": 70.3, "id": "region-1773800400013", "color": "#FFA500", "width": 6, "height": 5, "linkedColorNodeId": "color-1773800400013"}, {"x": 40.1, "y": 38, "id": "region-1773800637993", "color": "#FF0000", "width": 6, "height": 5, "linkedColorNodeId": "color-1773800637993"}], "instructions": ["Colour the banana on the chair blue", "Colour the banana next to the flower purple", "Colour the banana in the cupboard green", "Colour the toy banana orange", "Colour the banana between the apples and the books red"], "backgroundImageUrl": "questions/images/1773798442542_0ab5d539_Q2_listening_part4.png"}', '{"answers": {"region-1773800114747": "#0000FF", "region-1773800166302": "#800080", "region-1773800374691": "#00FF00", "region-1773800400013": "#FFA500", "region-1773800637993": "#FF0000"}}', 'READ_AND_COLOR_OBJECTS', 'medium', null, 1.00, null, null, '');
INSERT INTO public.question_banks (id, code, title, content, correct_answer, question_type, difficulty, skill, points, subject_id, exam_level, explanation) VALUES ('dc9ce549-2729-489a-bf09-e639e0a89c50', 'PTC_Q2_2025_001', 'Đúng / Sai', '{"imageUrl": "questions/images/1773801778923_5a7083c2_q2_rw_par1_ex1.png", "question": "This is a burger."}', '{"answer": true}', 'TRUE_FALSE', 'medium', null, 1.00, null, null, '');
INSERT INTO public.question_banks (id, code, title, content, correct_answer, question_type, difficulty, skill, points, subject_id, exam_level, explanation) VALUES ('6b254474-4dec-46d2-afc7-158ec4142416', 'PTC_Q2_2025_002', 'Đúng / Sai', '{"imageUrl": "questions/images/1773801906733_8e30b0d4_q2_rw_par1_ex2.png", "question": "This is an orange."}', '{"answer": false}', 'TRUE_FALSE', 'medium', null, 1.00, null, null, '');
INSERT INTO public.question_banks (id, code, title, content, correct_answer, question_type, difficulty, skill, points, subject_id, exam_level, explanation) VALUES ('53a14750-f985-4d9f-9de2-f607069788a5', 'PTC_Q2_2025_003', 'Đúng / Sai', '{"imageUrl": "questions/images/1773802057442_a9db1773_q2_rw_par1_1.png", "question": "This is a cow."}', '{"answer": false}', 'TRUE_FALSE', 'medium', null, 1.00, null, null, '');
INSERT INTO public.question_banks (id, code, title, content, correct_answer, question_type, difficulty, skill, points, subject_id, exam_level, explanation) VALUES ('f9f0b8d6-cf58-4c41-b458-fa23aa1b7ece', 'PTC_Q2_2025_004', 'Đúng / Sai', '{"imageUrl": "questions/images/1773802147246_d745c251_q2_rw_par1_2.png", "question": "This is a doll."}', '{"answer": true}', 'TRUE_FALSE', 'medium', null, 1.00, null, null, '');
INSERT INTO public.question_banks (id, code, title, content, correct_answer, question_type, difficulty, skill, points, subject_id, exam_level, explanation) VALUES ('0a0c646c-a8c2-446b-a297-20ecfeacc355', 'PTC_Q2_2025_005', 'Đúng / Sai', '{"imageUrl": "questions/images/1773802224859_b88dfa70_q2_rw_par1_3.png", "question": "These are socks."}', '{"answer": false}', 'TRUE_FALSE', 'medium', null, 1.00, null, null, '');
INSERT INTO public.question_banks (id, code, title, content, correct_answer, question_type, difficulty, skill, points, subject_id, exam_level, explanation) VALUES ('ed49e063-dae2-4e96-b684-ee86dff278a6', 'PTC_Q2_2025_006', 'Đúng / Sai', '{"imageUrl": "questions/images/1773802291517_09c26488_q2_rw_par1_4.png", "question": "This is a fish."}', '{"answer": true}', 'TRUE_FALSE', 'medium', null, 1.00, null, null, '');
INSERT INTO public.question_banks (id, code, title, content, correct_answer, question_type, difficulty, skill, points, subject_id, exam_level, explanation) VALUES ('121db9ea-4469-4fdc-ba03-80428fc56ff6', 'PTC_Q2_2025_007', 'Đúng / Sai', '{"imageUrl": "questions/images/1773802377415_5b418f09_q2_rw_par1_5.png", "question": "These are watermelons."}', '{"answer": true}', 'TRUE_FALSE', 'medium', null, 1.00, null, null, '');
INSERT INTO public.question_banks (id, code, title, content, correct_answer, question_type, difficulty, skill, points, subject_id, exam_level, explanation) VALUES ('d9c727a5-e555-4945-9b36-ec4905ca7152', 'YON_Q2_2025_001', 'Đọc câu hỏi và viết đáp án', '{"title": "Nhìn tranh, đọc câu hỏi, trả lời có hoặc không.", "content": "", "imageUrl": "questions/images/1773803594626_1efd4afa_Q2_rw_part2.png", "question": "There are four children in the room."}', '{"answer": "yes"}', 'ANSWER_THE_QUESTION', 'medium', null, 1.00, null, null, '');
INSERT INTO public.question_banks (id, code, title, content, correct_answer, question_type, difficulty, skill, points, subject_id, exam_level, explanation) VALUES ('6f2d320f-ed68-4908-848f-84a099b0851c', 'YON_Q2_2025_002', 'Đọc câu hỏi và viết đáp án', '{"title": "Nhìn tranh, đọc câu hỏi, trả lời có hoặc không.", "content": "", "imageUrl": "questions/images/1773803594626_1efd4afa_Q2_rw_part2.png", "question": "There is a dog under the table."}', '{"answer": "no"}', 'ANSWER_THE_QUESTION', 'medium', null, 1.00, null, null, '');
INSERT INTO public.question_banks (id, code, title, content, correct_answer, question_type, difficulty, skill, points, subject_id, exam_level, explanation) VALUES ('0f3ce4ba-894c-4dd0-9dea-3a6b827b653e', 'YON_Q2_2025_003', 'Đọc câu hỏi và viết đáp án', '{"title": "Nhìn tranh, đọc câu hỏi, trả lời có hoặc không.", "content": "", "imageUrl": "questions/images/1773803594626_1efd4afa_Q2_rw_part2.png", "question": "There is a mouse in the room."}', '{"answer": "yes"}', 'ANSWER_THE_QUESTION', 'medium', null, 1.00, null, null, '');
INSERT INTO public.question_banks (id, code, title, content, correct_answer, question_type, difficulty, skill, points, subject_id, exam_level, explanation) VALUES ('e43bf81c-0a50-4f1c-8b0c-f69219ce4930', 'YON_Q2_2025_004', 'Đọc câu hỏi và viết đáp án', '{"title": "Nhìn tranh, đọc câu hỏi, trả lời có hoặc không.", "content": "", "imageUrl": "questions/images/1773803594626_1efd4afa_Q2_rw_part2.png", "question": "A boy is playing with a train."}', '{"answer": "no"}', 'ANSWER_THE_QUESTION', 'medium', null, 1.00, null, null, '');
INSERT INTO public.question_banks (id, code, title, content, correct_answer, question_type, difficulty, skill, points, subject_id, exam_level, explanation) VALUES ('65ff32bd-9307-425c-aaa6-bd439a163b00', 'YON_Q2_2025_005', 'Đọc câu hỏi và viết đáp án', '{"title": "Nhìn tranh, đọc câu hỏi, trả lời có hoặc không.", "content": "", "imageUrl": "questions/images/1773803594626_1efd4afa_Q2_rw_part2.png", "question": "There are blue flowers on the bookcase."}', '{"answer": "no"}', 'ANSWER_THE_QUESTION', 'medium', null, 1.00, null, null, '');
INSERT INTO public.question_banks (id, code, title, content, correct_answer, question_type, difficulty, skill, points, subject_id, exam_level, explanation) VALUES ('6a3fd3b3-54e0-473a-a7a6-eddebf5c75aa', 'YON_Q2_2025_006', 'Đọc câu hỏi và viết đáp án', '{"title": "Nhìn tranh, đọc câu hỏi, trả lời có hoặc không.", "content": "", "imageUrl": "questions/images/1773803594626_1efd4afa_Q2_rw_part2.png", "question": "A baby is holding a ball."}', '{"answer": "yes"}', 'ANSWER_THE_QUESTION', 'medium', null, 1.00, null, null, '');
INSERT INTO public.question_banks (id, code, title, content, correct_answer, question_type, difficulty, skill, points, subject_id, exam_level, explanation) VALUES ('7228dcd9-f88e-458b-a97d-e4b23b86c3cf', 'YON_Q2_2025_007', 'Đọc câu hỏi và viết đáp án', '{"title": "Nhìn tranh, đọc câu hỏi, trả lời có hoặc không.", "content": "", "imageUrl": "questions/images/1773803594626_1efd4afa_Q2_rw_part2.png", "question": "The children are watching television."}', '{"answer": "no"}', 'ANSWER_THE_QUESTION', 'medium', null, 1.00, null, null, '');
INSERT INTO public.question_banks (id, code, title, content, correct_answer, question_type, difficulty, skill, points, subject_id, exam_level, explanation) VALUES ('7c2ce0c5-f0c9-46ec-a95a-ff41de34b51d', 'WTW_Q2_2025_001', 'Sắp xếp từ', '{"words": ["o", "k", "b", "o"], "imageUrl": "questions/images/1773805412283_ef7b8eb9_Q2_rw_part3_1.png"}', '{"answer": ["b", "o", "o", "k"]}', 'WORD_ORDERING', 'medium', null, 1.00, null, null, '');
INSERT INTO public.question_banks (id, code, title, content, correct_answer, question_type, difficulty, skill, points, subject_id, exam_level, explanation) VALUES ('4db05ec4-dacf-4a6c-b0ed-522017d4d572', 'WTW_Q2_2025_002', 'Sắp xếp từ', '{"words": ["s", "e", "d", "k"], "imageUrl": "questions/images/1773805706467_7f9d4554_Q2_rw_part3_2.png"}', '{"answer": ["d", "e", "s", "k"]}', 'WORD_ORDERING', 'medium', null, 1.00, null, null, '');
INSERT INTO public.question_banks (id, code, title, content, correct_answer, question_type, difficulty, skill, points, subject_id, exam_level, explanation) VALUES ('e15b2541-1ddf-45c6-bbb2-5ae388a981d7', 'WTW_Q2_2025_003', 'Sắp xếp từ', '{"words": ["o", "d", "a", "r", "b"], "imageUrl": "questions/images/1773805803781_b7d6f0db_Q2_rw_part3_3.png"}', '{"answer": ["b", "o", "a", "r", "d"]}', 'WORD_ORDERING', 'medium', null, 1.00, null, null, '');
INSERT INTO public.question_banks (id, code, title, content, correct_answer, question_type, difficulty, skill, points, subject_id, exam_level, explanation) VALUES ('0faa17ab-7cc7-4d49-8449-5a37e51d3391', 'WTW_Q2_2025_004', 'Sắp xếp từ', '{"words": ["i", "h", "c", "a", "r"], "imageUrl": "questions/images/1773805985207_628608c6_Q2_rw_part3_4.png"}', '{"answer": ["c", "h", "a", "i", "r"]}', 'WORD_ORDERING', 'medium', null, 1.00, null, null, '');
INSERT INTO public.question_banks (id, code, title, content, correct_answer, question_type, difficulty, skill, points, subject_id, exam_level, explanation) VALUES ('cfd27084-b9ba-449b-8d77-e4d0152fb3b6', 'WTW_Q2_2025_005', 'Sắp xếp từ', '{"words": ["i", "c", "p", "n", "e", "l"], "imageUrl": "questions/images/1773806064706_d02ee5dc_Q2_rw_part3_5.png"}', '{"answer": ["p", "e", "n", "c", "i", "l"]}', 'WORD_ORDERING', 'medium', null, 1.00, null, null, '');
INSERT INTO public.question_banks (id, code, title, content, correct_answer, question_type, difficulty, skill, points, subject_id, exam_level, explanation) VALUES ('8a209902-f4ea-4b2d-9f4c-6ea9f46e03d0', 'WOA_Q2_2025_P1_001', 'Đọc câu hỏi và viết đáp án', '{"title": "Look at the picture and read the questions. Write one-word answer.", "content": "", "imageUrl": "questions/images/1773807070508_208bb60d_Q2_rw_part5_1.png", "question": "Where are the people?", "prefixText": "In the"}', '{"answer": "street"}', 'ANSWER_THE_QUESTION', 'medium', null, 1.00, null, null, '');
INSERT INTO public.question_banks (id, code, title, content, correct_answer, question_type, difficulty, skill, points, subject_id, exam_level, explanation) VALUES ('89ced6b4-8021-4fad-8ad9-eede6fdb17cf', 'WOA_Q2_2025_P1_002', 'Đọc câu hỏi và viết đáp án', '{"title": "Look at the picture and read the questions. Write one-word answer.", "content": "", "imageUrl": "questions/images/1773807070508_208bb60d_Q2_rw_part5_1.png", "question": "How many shops are there?"}', '{"answer": "three"}', 'ANSWER_THE_QUESTION', 'medium', null, 1.00, null, null, '');
INSERT INTO public.question_banks (id, code, title, content, correct_answer, question_type, difficulty, skill, points, subject_id, exam_level, explanation) VALUES ('b34ecefd-433b-4b38-b89d-67f66e4716ee', 'WOA_Q2_2025_P1_003', 'Đọc câu hỏi và viết đáp án', '{"title": "Look at the picture and read the questions. Write one-word answer.", "content": "", "imageUrl": "questions/images/1773807070508_208bb60d_Q2_rw_part5_1.png", "question": "What is the woman holding?", "prefixText": "a"}', '{"answer": "purse"}', 'ANSWER_THE_QUESTION', 'medium', null, 1.00, null, null, '');
INSERT INTO public.question_banks (id, code, title, content, correct_answer, question_type, difficulty, skill, points, subject_id, exam_level, explanation) VALUES ('481034f8-b191-4405-a7a6-38ab9178f71a', 'WOA_Q2_2025_P2_001', 'Đọc câu hỏi và viết đáp án', '{"title": "Look at the picture and read the questions. Write one-word answer.", "content": "", "imageUrl": "questions/images/1773807333837_458d33da_Q2_rw_part5_2.png", "question": "Where are the jeans?", "prefixText": "on the"}', '{"answer": "clothes rack"}', 'ANSWER_THE_QUESTION', 'medium', null, 1.00, null, null, '');
INSERT INTO public.question_banks (id, code, title, content, correct_answer, question_type, difficulty, skill, points, subject_id, exam_level, explanation) VALUES ('31539601-6197-4493-af2e-69e8ef9d8886', 'WOA_Q2_2025_P2_002', 'Đọc câu hỏi và viết đáp án', '{"title": "Look at the picture and read the questions. Write one-word answer.", "content": "", "imageUrl": "questions/images/1773807333837_458d33da_Q2_rw_part5_2.png", "question": "What is the girl in the blue dress looking at?", "prefixText": "at a"}', '{"answer": "T-shirt"}', 'ANSWER_THE_QUESTION', 'medium', null, 1.00, null, null, '');
INSERT INTO public.question_banks (id, code, title, content, correct_answer, question_type, difficulty, skill, points, subject_id, exam_level, explanation) VALUES ('b6cdde2e-3b58-41ea-ac67-a43e75cc8497', 'WOA_Q2_2025_P3_001', 'Đọc câu hỏi và viết đáp án', '{"title": "Look at the picture and read the questions. Write one-word answer.", "content": "", "imageUrl": "questions/images/1773807524043_0bbecf64_Q2_rw_part5_3.png", "question": "Where are the people now?", "prefixText": "in front of a"}', '{"answer": "house"}', 'ANSWER_THE_QUESTION', 'medium', null, 1.00, null, null, '');
INSERT INTO public.question_banks (id, code, title, content, correct_answer, question_type, difficulty, skill, points, subject_id, exam_level, explanation) VALUES ('0d5982be-0a4d-4ae0-a192-94411b2852c5', 'WOA_Q2_2025_P3_002', 'Đọc câu hỏi và viết đáp án', '{"title": "Look at the picture and read the questions. Write one-word answer.", "content": "", "imageUrl": "questions/images/1773807524043_0bbecf64_Q2_rw_part5_3.png", "question": "What are they holding?", "prefixText": "some big"}', '{"answer": "bags"}', 'ANSWER_THE_QUESTION', 'medium', null, 1.00, null, null, '');
INSERT INTO public.question_groups (id, payload, group_number, part_id, section_id, exam_id) VALUES ('6a67e91c-1e8a-4ce8-a8d7-f9a66f2ee4ca', '{"title": "Đọc câu hỏi. Nghe và viết tên hoặc số.", "content": "", "imageUrl": "questions/images/1773745079334_afb0a44f_Q2_listening_part2.png", "subtitle": ""}', 1, '2', null, 'e8fc3a15-68ce-4cfd-ae52-394e7fc7c41c');
INSERT INTO public.question_groups (id, payload, group_number, part_id, section_id, exam_id) VALUES ('2cfe1c65-92b5-4887-a34b-a4421e446b68', '{"title": "Look at the picture and read the questions. Write one-word answer.", "content": "", "imageUrl": "questions/images/1773807333837_458d33da_Q2_rw_part5_2.png", "subtitle": ""}', 2, '9', null, 'e8fc3a15-68ce-4cfd-ae52-394e7fc7c41c');
INSERT INTO public.question_groups (id, payload, group_number, part_id, section_id, exam_id) VALUES ('3028b9c5-a3f2-40a2-9be2-06b184308c01', '{"title": "Nhìn tranh, đọc câu hỏi, trả lời có hoặc không.", "content": "", "imageUrl": "questions/images/1773803594626_1efd4afa_Q2_rw_part2.png", "subtitle": ""}', 1, '6', null, 'e8fc3a15-68ce-4cfd-ae52-394e7fc7c41c');
INSERT INTO public.question_groups (id, payload, group_number, part_id, section_id, exam_id) VALUES ('5ea5655c-cfee-47d5-b48f-137471a07563', '{"title": "Look at the picture and read the questions. Write one-word answer.", "content": "", "imageUrl": "questions/images/1773807070508_208bb60d_Q2_rw_part5_1.png", "subtitle": ""}', 1, '9', null, 'e8fc3a15-68ce-4cfd-ae52-394e7fc7c41c');
INSERT INTO public.question_groups (id, payload, group_number, part_id, section_id, exam_id) VALUES ('09777515-406b-4093-9685-f8e094337207', '{"title": "Look at the picture and read the questions. Write one-word answer.", "content": "", "imageUrl": "questions/images/1773807524043_0bbecf64_Q2_rw_part5_3.png", "subtitle": ""}', 3, '9', null, 'e8fc3a15-68ce-4cfd-ae52-394e7fc7c41c');
INSERT INTO public.questions (id, content, correct_answer, points, question_type, explanation, exam_id, part_id, part_no, question_number, group_id, question_bank_id, question_skill_type, is_example, suggested_answers) VALUES ('2b2c0ae1-20e4-4f2b-b972-f52fa4317316', '{"imageUrl": "questions/images/1773802377415_5b418f09_q2_rw_par1_5.png", "question": "These are watermelons."}', '{"answer": true}', 1.00, 'TRUE_FALSE', '', 'e8fc3a15-68ce-4cfd-ae52-394e7fc7c41c', '5', 5, 22, null, '121db9ea-4469-4fdc-ba03-80428fc56ff6', 'READING', false, null);
INSERT INTO public.questions (id, content, correct_answer, points, question_type, explanation, exam_id, part_id, part_no, question_number, group_id, question_bank_id, question_skill_type, is_example, suggested_answers) VALUES ('9358ec1f-0a97-4e3c-9ceb-29452fa77cdd', '{"imageUrl": "questions/images/1773801778923_5a7083c2_q2_rw_par1_ex1.png", "question": "This is a burger."}', '{"answer": true}', 1.00, 'TRUE_FALSE', '', 'e8fc3a15-68ce-4cfd-ae52-394e7fc7c41c', '5', 5, 16, null, 'dc9ce549-2729-489a-bf09-e639e0a89c50', 'READING', true, null);
INSERT INTO public.questions (id, content, correct_answer, points, question_type, explanation, exam_id, part_id, part_no, question_number, group_id, question_bank_id, question_skill_type, is_example, suggested_answers) VALUES ('779c3080-6ff9-42d4-87eb-7c05143f2c7f', '{"words": ["o", "k", "b", "o"], "imageUrl": "questions/images/1773805412283_ef7b8eb9_Q2_rw_part3_1.png"}', '{"answer": ["b", "o", "o", "k"]}', 1.00, 'WORD_ORDERING', '', 'e8fc3a15-68ce-4cfd-ae52-394e7fc7c41c', '7', 7, 30, null, '7c2ce0c5-f0c9-46ec-a95a-ff41de34b51d', 'READING', true, null);
INSERT INTO public.questions (id, content, correct_answer, points, question_type, explanation, exam_id, part_id, part_no, question_number, group_id, question_bank_id, question_skill_type, is_example, suggested_answers) VALUES ('c80c7ff8-5e33-46a1-9491-707e731364a9', '{"title": "Nhìn tranh, đọc câu hỏi, trả lời có hoặc không.", "content": "", "question": "There are four children in the room.", "subtitle": ""}', '{"answer": "yes"}', 1.00, 'ANSWER_THE_QUESTION', '', 'e8fc3a15-68ce-4cfd-ae52-394e7fc7c41c', '6', 6, 23, '3028b9c5-a3f2-40a2-9be2-06b184308c01', 'd9c727a5-e555-4945-9b36-ec4905ca7152', 'READING', true, null);
INSERT INTO public.questions (id, content, correct_answer, points, question_type, explanation, exam_id, part_id, part_no, question_number, group_id, question_bank_id, question_skill_type, is_example, suggested_answers) VALUES ('2a2e4db2-f6da-4657-bf20-a946eea53070', '{"title": "Đọc câu hỏi. Nghe và viết tên hoặc số.", "content": "", "question": "What is the girl''s name?", "subtitle": ""}', '{"answer": "Lucy"}', 1.00, 'ANSWER_THE_QUESTION', '', 'e8fc3a15-68ce-4cfd-ae52-394e7fc7c41c', '2', 2, 2, '6a67e91c-1e8a-4ce8-a8d7-f9a66f2ee4ca', 'a8ee0168-2e91-4ec7-b93f-9f159bf2d234', 'LISTENING', true, null);
INSERT INTO public.questions (id, content, correct_answer, points, question_type, explanation, exam_id, part_id, part_no, question_number, group_id, question_bank_id, question_skill_type, is_example, suggested_answers) VALUES ('e4b93676-d7fb-42a0-92cc-d8e98d17a4be', '{"title": "Nhìn tranh, đọc câu hỏi, trả lời có hoặc không.", "content": "", "question": "The children are watching television.", "subtitle": ""}', '{"answer": "no"}', 1.00, 'ANSWER_THE_QUESTION', '', 'e8fc3a15-68ce-4cfd-ae52-394e7fc7c41c', '6', 6, 29, '3028b9c5-a3f2-40a2-9be2-06b184308c01', '7228dcd9-f88e-458b-a97d-e4b23b86c3cf', 'READING', false, null);
INSERT INTO public.questions (id, content, correct_answer, points, question_type, explanation, exam_id, part_id, part_no, question_number, group_id, question_bank_id, question_skill_type, is_example, suggested_answers) VALUES ('1f54c24b-8824-4350-a4c3-f8b3244786b1', '{"title": "Look at the picture and read the questions. Write one-word answer.", "content": "", "question": "What is the girl in the blue dress looking at?", "subtitle": "", "prefixText": "at a"}', '{"answer": "T-shirt"}', 1.00, 'ANSWER_THE_QUESTION', '', 'e8fc3a15-68ce-4cfd-ae52-394e7fc7c41c', '9', 9, 41, '2cfe1c65-92b5-4887-a34b-a4421e446b68', '31539601-6197-4493-af2e-69e8ef9d8886', 'READING', false, null);
INSERT INTO public.questions (id, content, correct_answer, points, question_type, explanation, exam_id, part_id, part_no, question_number, group_id, question_bank_id, question_skill_type, is_example, suggested_answers) VALUES ('3e5468f1-e6b2-4842-8eef-f2abc96e925a', '{"options": ["questions/options/images/1773796765965_76883a1a_Q2_listening_part3_ex_a.png", "questions/options/images/1773796776783_978b36da_Q2_listening_part3_ex_b.png", "questions/options/images/1773796783566_dd3aded0_Q2_listening_part3_ex_c.png"], "question": "What''s Nick doing?", "optionType": "image"}', '{"answer": 1}', 1.00, 'CHOOSE_THE_CORRECT_ANSWER', '', 'e8fc3a15-68ce-4cfd-ae52-394e7fc7c41c', '3', 3, 9, null, 'ffa2a940-ffba-4252-bfb5-a363ee463ccb', 'LISTENING', true, null);
INSERT INTO public.questions (id, content, correct_answer, points, question_type, explanation, exam_id, part_id, part_no, question_number, group_id, question_bank_id, question_skill_type, is_example, suggested_answers) VALUES ('b58aafef-91e3-48ee-a090-71f1957ce735', '{"options": ["questions/options/images/1773797289544_212eb079_Q2_listening_part3_1_a.png", "questions/options/images/1773797294220_a67e5fe6_Q2_listening_part3_1_b.png", "questions/options/images/1773797297874_63d78e79_Q2_listening_part3_1_c.png"], "question": "Which boy is Tom?", "optionType": "image"}', '{"answer": 2}', 1.00, 'CHOOSE_THE_CORRECT_ANSWER', '', 'e8fc3a15-68ce-4cfd-ae52-394e7fc7c41c', '3', 3, 10, null, 'ffc3ac11-295b-46d5-8ac7-158454f2c115', 'LISTENING', false, null);
INSERT INTO public.questions (id, content, correct_answer, points, question_type, explanation, exam_id, part_id, part_no, question_number, group_id, question_bank_id, question_skill_type, is_example, suggested_answers) VALUES ('5486c01c-33d8-42b1-92c4-027da0de30be', '{"colorNodes": [{"id": "color-1773800114747", "color": "#0000FF"}, {"id": "color-1773800166302", "color": "#800080"}, {"id": "color-1773800374691", "color": "#00FF00"}, {"id": "color-1773800400013", "color": "#FFA500"}, {"id": "color-1773800637993", "color": "#FF0000"}], "regionNodes": [{"x": 76.5, "y": 56.6, "id": "region-1773800114747", "color": "#0000FF", "width": 6, "height": 5, "linkedColorNodeId": "color-1773800114747"}, {"x": 11.4, "y": 36.8, "id": "region-1773800166302", "color": "#800080", "width": 6, "height": 5, "linkedColorNodeId": "color-1773800166302"}, {"x": 33.5, "y": 11.4, "id": "region-1773800374691", "color": "#00FF00", "width": 6, "height": 5, "linkedColorNodeId": "color-1773800374691"}, {"x": 41, "y": 70.3, "id": "region-1773800400013", "color": "#FFA500", "width": 6, "height": 5, "linkedColorNodeId": "color-1773800400013"}, {"x": 40.1, "y": 38, "id": "region-1773800637993", "color": "#FF0000", "width": 6, "height": 5, "linkedColorNodeId": "color-1773800637993"}], "instructions": ["Colour the mentioned banana blue", "Colour the mentioned banana purple", "Colour the mentioned banana green", "Colour the mentioned banana orange", "Colour the mentioned banana red"], "backgroundImageUrl": "questions/images/1773798442542_0ab5d539_Q2_listening_part4.png"}', '{"answers": {"region-1773800114747": "#0000FF", "region-1773800166302": "#800080", "region-1773800374691": "#00FF00", "region-1773800400013": "#FFA500", "region-1773800637993": "#FF0000"}}', 1.00, 'READ_AND_COLOR_OBJECTS', '', 'e8fc3a15-68ce-4cfd-ae52-394e7fc7c41c', '4', 4, 15, null, 'd98ceaa1-7b7f-4c4a-ac69-951231bd15f0', 'LISTENING', false, null);
INSERT INTO public.questions (id, content, correct_answer, points, question_type, explanation, exam_id, part_id, part_no, question_number, group_id, question_bank_id, question_skill_type, is_example, suggested_answers) VALUES ('133e7bf6-3ecf-4e10-958a-6d526a26e412', '{"title": "Monkeys", "imageUrl": "questions/images/1773806330293_e7e6b9c1_Q2_rw_part4_monkey.png", "viewMode": "WITH_WORD_BANK", "wordBank": [{"word": "trees", "imageUrl": "questions/images/1773806593402_246fdb5f_Q2_rw_part4_1.png", "isExample": true}, {"word": "arms", "imageUrl": "questions/images/1773806673625_0df1a606_Q2_rw_part4_2.png"}, {"word": "bike", "imageUrl": "questions/images/1773806692794_e76366a7_Q2_rw_part4_3.png"}, {"word": "bananas", "imageUrl": "questions/images/1773806713620_00e5930f_Q2_rw_part4_4.png"}, {"word": "tails", "imageUrl": "questions/images/1773806731037_6ede49ba_Q2_rw_part4_5.png"}, {"word": "toes", "imageUrl": "questions/images/1773806745228_c6b173a3_Q2_rw_part4_6.png"}, {"word": "eggs", "imageUrl": "questions/images/1773806765491_d1a81bae_Q2_rw_part4_7.png"}, {"word": "eyes", "imageUrl": "questions/images/1773806802859_548cb35c_Q2_rw_part4_8.png"}], "paragraph": "Monkeys live in the {0} with their family and friends.\nMonkeys are fun. They can run and jump with their long {1}.\nThey eat fruit but {2} are their favourite food. Lots of monkeys are small but they have long {3}. They are brown or orange and have big {4}. They have ten fingers and ten {5}, like people. Monkeys are very funny!", "exampleAnswer": ["trees"]}', '{"answers": ["trees", "arms", "bananas", "tails", "eyes", "toes"], "example": ["trees"], "caseSensitive": false}', 1.00, 'WORD_FILL_PARAGRAPH', '', 'e8fc3a15-68ce-4cfd-ae52-394e7fc7c41c', '8', 8, 36, null, '2f4e83a9-a89e-452f-a50a-81d24ed82f90', 'READING', false, null);
INSERT INTO public.questions (id, content, correct_answer, points, question_type, explanation, exam_id, part_id, part_no, question_number, group_id, question_bank_id, question_skill_type, is_example, suggested_answers) VALUES ('ff902e62-2592-44c0-a17b-4524fbf75b02', '{"imageUrl": "questions/images/1773801906733_8e30b0d4_q2_rw_par1_ex2.png", "question": "This is an orange."}', '{"answer": false}', 1.00, 'TRUE_FALSE', '', 'e8fc3a15-68ce-4cfd-ae52-394e7fc7c41c', '5', 5, 17, null, '6b254474-4dec-46d2-afc7-158ec4142416', 'READING', true, null);
INSERT INTO public.questions (id, content, correct_answer, points, question_type, explanation, exam_id, part_id, part_no, question_number, group_id, question_bank_id, question_skill_type, is_example, suggested_answers) VALUES ('64808176-d9fc-4788-bc5c-3879421670fa', '{"words": ["s", "e", "d", "k"], "imageUrl": "questions/images/1773805706467_7f9d4554_Q2_rw_part3_2.png"}', '{"answer": ["d", "e", "s", "k"]}', 1.00, 'WORD_ORDERING', '', 'e8fc3a15-68ce-4cfd-ae52-394e7fc7c41c', '7', 7, 31, null, '4db05ec4-dacf-4a6c-b0ed-522017d4d572', 'READING', false, null);
INSERT INTO public.questions (id, content, correct_answer, points, question_type, explanation, exam_id, part_id, part_no, question_number, group_id, question_bank_id, question_skill_type, is_example, suggested_answers) VALUES ('7afcb396-16cf-447d-a0e2-3b5d780dee40', '{"imageUrl": "questions/images/1773802057442_a9db1773_q2_rw_par1_1.png", "question": "This is a cow."}', '{"answer": false}', 1.00, 'TRUE_FALSE', '', 'e8fc3a15-68ce-4cfd-ae52-394e7fc7c41c', '5', 5, 18, null, '53a14750-f985-4d9f-9de2-f607069788a5', 'READING', false, null);
INSERT INTO public.questions (id, content, correct_answer, points, question_type, explanation, exam_id, part_id, part_no, question_number, group_id, question_bank_id, question_skill_type, is_example, suggested_answers) VALUES ('53adc16e-6cac-44cd-9634-3eb2181dc894', '{"words": ["o", "d", "a", "r", "b"], "imageUrl": "questions/images/1773805803781_b7d6f0db_Q2_rw_part3_3.png"}', '{"answer": ["b", "o", "a", "r", "d"]}', 1.00, 'WORD_ORDERING', '', 'e8fc3a15-68ce-4cfd-ae52-394e7fc7c41c', '7', 7, 32, null, 'e15b2541-1ddf-45c6-bbb2-5ae388a981d7', 'READING', false, null);
INSERT INTO public.questions (id, content, correct_answer, points, question_type, explanation, exam_id, part_id, part_no, question_number, group_id, question_bank_id, question_skill_type, is_example, suggested_answers) VALUES ('f18d2826-919e-400c-aa02-c8f8572ac3c1', '{"title": "Look at the picture and read the questions. Write one-word answer.", "content": "", "imageUrl": "questions/images/1773807070508_208bb60d_Q2_rw_part5_1.png", "question": "How many shops are there?"}', '{"answer": "three"}', 1.00, 'ANSWER_THE_QUESTION', '', 'e8fc3a15-68ce-4cfd-ae52-394e7fc7c41c', '9', 9, 38, '5ea5655c-cfee-47d5-b48f-137471a07563', '89ced6b4-8021-4fad-8ad9-eede6fdb17cf', 'READING', true, null);
INSERT INTO public.questions (id, content, correct_answer, points, question_type, explanation, exam_id, part_id, part_no, question_number, group_id, question_bank_id, question_skill_type, is_example, suggested_answers) VALUES ('f32bad47-9b4b-4e1f-885d-e8fb0d502839', '{"title": "Đọc câu hỏi. Nghe và viết tên hoặc số.", "content": "", "question": "How old is she?", "subtitle": ""}', '{"answer": "6"}', 1.00, 'ANSWER_THE_QUESTION', '', 'e8fc3a15-68ce-4cfd-ae52-394e7fc7c41c', '2', 2, 3, '6a67e91c-1e8a-4ce8-a8d7-f9a66f2ee4ca', 'be01c37e-d8e7-4ba9-b456-4a18abf3d503', 'LISTENING', true, null);
INSERT INTO public.questions (id, content, correct_answer, points, question_type, explanation, exam_id, part_id, part_no, question_number, group_id, question_bank_id, question_skill_type, is_example, suggested_answers) VALUES ('7dad7704-acd7-4bac-876f-590eec34d76a', '{"title": "Đọc câu hỏi. Nghe và viết tên hoặc số.", "content": "", "question": "How many dolls has Lucy got?", "subtitle": ""}', '{"answer": "13"}', 1.00, 'ANSWER_THE_QUESTION', '', 'e8fc3a15-68ce-4cfd-ae52-394e7fc7c41c', '2', 2, 4, '6a67e91c-1e8a-4ce8-a8d7-f9a66f2ee4ca', '71f34ce4-3365-4913-a55f-682562b63699', 'LISTENING', false, null);
INSERT INTO public.questions (id, content, correct_answer, points, question_type, explanation, exam_id, part_id, part_no, question_number, group_id, question_bank_id, question_skill_type, is_example, suggested_answers) VALUES ('1dc89f5a-1378-42be-91f2-6e9004b41319', '{"title": "Đọc câu hỏi. Nghe và viết tên hoặc số.", "content": "", "question": "What''s the dog''s name?", "subtitle": ""}', '{"answer": "Blue"}', 1.00, 'ANSWER_THE_QUESTION', '', 'e8fc3a15-68ce-4cfd-ae52-394e7fc7c41c', '2', 2, 5, '6a67e91c-1e8a-4ce8-a8d7-f9a66f2ee4ca', '8d934dc3-7151-40a3-9e3b-a535f1e6dece', 'LISTENING', false, null);
INSERT INTO public.questions (id, content, correct_answer, points, question_type, explanation, exam_id, part_id, part_no, question_number, group_id, question_bank_id, question_skill_type, is_example, suggested_answers) VALUES ('71db9fb9-f468-4b37-aaec-30bf9b6fe2a3', '{"title": "Nhìn tranh, đọc câu hỏi, trả lời có hoặc không.", "content": "", "question": "There is a dog under the table.", "subtitle": ""}', '{"answer": "no"}', 1.00, 'ANSWER_THE_QUESTION', '', 'e8fc3a15-68ce-4cfd-ae52-394e7fc7c41c', '6', 6, 24, '3028b9c5-a3f2-40a2-9be2-06b184308c01', '6f2d320f-ed68-4908-848f-84a099b0851c', 'READING', true, null);
INSERT INTO public.questions (id, content, correct_answer, points, question_type, explanation, exam_id, part_id, part_no, question_number, group_id, question_bank_id, question_skill_type, is_example, suggested_answers) VALUES ('e82e1466-0ba8-4e02-8e20-51db2abe81e3', '{"title": "Nhìn tranh, đọc câu hỏi, trả lời có hoặc không.", "content": "", "question": "There is a mouse in the room.", "subtitle": ""}', '{"answer": "yes"}', 1.00, 'ANSWER_THE_QUESTION', '', 'e8fc3a15-68ce-4cfd-ae52-394e7fc7c41c', '6', 6, 25, '3028b9c5-a3f2-40a2-9be2-06b184308c01', '0f3ce4ba-894c-4dd0-9dea-3a6b827b653e', 'READING', false, null);
INSERT INTO public.questions (id, content, correct_answer, points, question_type, explanation, exam_id, part_id, part_no, question_number, group_id, question_bank_id, question_skill_type, is_example, suggested_answers) VALUES ('0e67fc0d-476d-483c-a79d-5c110434fe57', '{"title": "Look at the picture and read the questions. Write one-word answer.", "content": "", "question": "Where are the people?", "subtitle": "", "prefixText": "In the"}', '{"answer": "street"}', 1.00, 'ANSWER_THE_QUESTION', '', 'e8fc3a15-68ce-4cfd-ae52-394e7fc7c41c', '9', 9, 37, '5ea5655c-cfee-47d5-b48f-137471a07563', '8a209902-f4ea-4b2d-9f4c-6ea9f46e03d0', 'READING', true, null);
INSERT INTO public.questions (id, content, correct_answer, points, question_type, explanation, exam_id, part_id, part_no, question_number, group_id, question_bank_id, question_skill_type, is_example, suggested_answers) VALUES ('639e1740-4cf5-497d-863e-4bd1debb8a7d', '{"title": "Look at the picture and read the questions. Write one-word answer.", "content": "", "question": "Where are the people now?", "subtitle": "", "prefixText": "in front of a"}', '{"answer": "house"}', 1.00, 'ANSWER_THE_QUESTION', '', 'e8fc3a15-68ce-4cfd-ae52-394e7fc7c41c', '9', 9, 42, '09777515-406b-4093-9685-f8e094337207', 'b6cdde2e-3b58-41ea-ac67-a43e75cc8497', 'READING', false, null);
INSERT INTO public.questions (id, content, correct_answer, points, question_type, explanation, exam_id, part_id, part_no, question_number, group_id, question_bank_id, question_skill_type, is_example, suggested_answers) VALUES ('d5a8141a-41bc-43d1-a9e5-a30a2ccf36c8', '{"title": "Look at the picture and read the questions. Write one-word answer.", "content": "", "question": "What are they holding?", "subtitle": "", "prefixText": "some big"}', '{"answer": "bags"}', 1.00, 'ANSWER_THE_QUESTION', '', 'e8fc3a15-68ce-4cfd-ae52-394e7fc7c41c', '9', 9, 43, '09777515-406b-4093-9685-f8e094337207', '0d5982be-0a4d-4ae0-a192-94411b2852c5', 'READING', false, null);
INSERT INTO public.questions (id, content, correct_answer, points, question_type, explanation, exam_id, part_id, part_no, question_number, group_id, question_bank_id, question_skill_type, is_example, suggested_answers) VALUES ('3b9c43ab-8871-43ce-b1da-8d504f1c3ff0', '{"options": ["questions/options/images/1773797543010_5a2f5f72_Q2_listening_part3_2_a.png", "questions/options/images/1773797546566_c432b8a2_Q2_listening_part3_2_b.png", "questions/options/images/1773797550023_c63b838e_Q2_listening_part3_2_c.png"], "question": "Which is Jill''s favourite drink?", "optionType": "image"}', '{"answer": 1}', 1.00, 'CHOOSE_THE_CORRECT_ANSWER', '', 'e8fc3a15-68ce-4cfd-ae52-394e7fc7c41c', '3', 3, 11, null, '6b71c6f3-50de-4b13-83d2-2e9afb8cb52e', 'LISTENING', false, null);
INSERT INTO public.questions (id, content, correct_answer, points, question_type, explanation, exam_id, part_id, part_no, question_number, group_id, question_bank_id, question_skill_type, is_example, suggested_answers) VALUES ('e85ef7b3-9e5c-45a5-8a51-0c0d401e9afa', '{"options": ["questions/options/images/1773797769951_61aafb92_Q2_listening_part3_3_a.png", "questions/options/images/1773797773064_fc0184fb_Q2_listening_part3_3_b.png", "questions/options/images/1773797776739_a6ccafec_Q2_listening_part3_3_c.png"], "question": "What''s Mark doing?", "optionType": "image"}', '{"answer": 2}', 1.00, 'CHOOSE_THE_CORRECT_ANSWER', '', 'e8fc3a15-68ce-4cfd-ae52-394e7fc7c41c', '3', 3, 12, null, '505738d5-7465-4551-9afb-39ecc109edcb', 'LISTENING', false, null);
INSERT INTO public.questions (id, content, correct_answer, points, question_type, explanation, exam_id, part_id, part_no, question_number, group_id, question_bank_id, question_skill_type, is_example, suggested_answers) VALUES ('b6b6df52-c9f7-4d46-b72e-f9f49c768b32', '{"imageUrl": "questions/images/1773802147246_d745c251_q2_rw_par1_2.png", "question": "This is a doll."}', '{"answer": true}', 1.00, 'TRUE_FALSE', '', 'e8fc3a15-68ce-4cfd-ae52-394e7fc7c41c', '5', 5, 19, null, 'f9f0b8d6-cf58-4c41-b458-fa23aa1b7ece', 'READING', false, null);
INSERT INTO public.questions (id, content, correct_answer, points, question_type, explanation, exam_id, part_id, part_no, question_number, group_id, question_bank_id, question_skill_type, is_example, suggested_answers) VALUES ('2e9d35f3-57af-46ae-b842-4e83f9739a50', '{"words": ["i", "h", "c", "a", "r"], "imageUrl": "questions/images/1773805985207_628608c6_Q2_rw_part3_4.png"}', '{"answer": ["c", "h", "a", "i", "r"]}', 1.00, 'WORD_ORDERING', '', 'e8fc3a15-68ce-4cfd-ae52-394e7fc7c41c', '7', 7, 33, null, '0faa17ab-7cc7-4d49-8449-5a37e51d3391', 'READING', false, null);
INSERT INTO public.questions (id, content, correct_answer, points, question_type, explanation, exam_id, part_id, part_no, question_number, group_id, question_bank_id, question_skill_type, is_example, suggested_answers) VALUES ('263c9180-98e6-4585-ae62-eb4d274e6a03', '{"imageUrl": "questions/images/1773802224859_b88dfa70_q2_rw_par1_3.png", "question": "These are socks."}', '{"answer": false}', 1.00, 'TRUE_FALSE', '', 'e8fc3a15-68ce-4cfd-ae52-394e7fc7c41c', '5', 5, 20, null, '0a0c646c-a8c2-446b-a297-20ecfeacc355', 'READING', false, null);
INSERT INTO public.questions (id, content, correct_answer, points, question_type, explanation, exam_id, part_id, part_no, question_number, group_id, question_bank_id, question_skill_type, is_example, suggested_answers) VALUES ('5929978b-3b3b-4c69-9a8d-473e5d1e091f', '{"words": ["i", "c", "p", "n", "e", "l"], "imageUrl": "questions/images/1773806064706_d02ee5dc_Q2_rw_part3_5.png"}', '{"answer": ["p", "e", "n", "c", "i", "l"]}', 1.00, 'WORD_ORDERING', '', 'e8fc3a15-68ce-4cfd-ae52-394e7fc7c41c', '7', 7, 34, null, 'cfd27084-b9ba-449b-8d77-e4d0152fb3b6', 'READING', false, null);
INSERT INTO public.questions (id, content, correct_answer, points, question_type, explanation, exam_id, part_id, part_no, question_number, group_id, question_bank_id, question_skill_type, is_example, suggested_answers) VALUES ('ccb4b606-ed3f-4942-81d3-049fa9e95302', '{"imageUrl": "questions/images/1773802291517_09c26488_q2_rw_par1_4.png", "question": "This is a fish."}', '{"answer": true}', 1.00, 'TRUE_FALSE', '', 'e8fc3a15-68ce-4cfd-ae52-394e7fc7c41c', '5', 5, 21, null, 'ed49e063-dae2-4e96-b684-ee86dff278a6', 'READING', false, null);
INSERT INTO public.questions (id, content, correct_answer, points, question_type, explanation, exam_id, part_id, part_no, question_number, group_id, question_bank_id, question_skill_type, is_example, suggested_answers) VALUES ('4bb1d83b-a4d5-4aa6-8fe3-0635667a0759', '{"words": ["e", "r", "e", "s", "a", "r"], "imageUrl": "questions/images/1773806152174_f85996f4_Q2_rw_part3_6.png"}', '{"answer": ["e", "r", "a", "s", "e", "r"]}', 1.00, 'WORD_ORDERING', '', 'e8fc3a15-68ce-4cfd-ae52-394e7fc7c41c', '7', 7, 35, null, '8aa4e68d-6b91-4101-897b-3f698cbb22fa', 'READING', false, null);
INSERT INTO public.questions (id, content, correct_answer, points, question_type, explanation, exam_id, part_id, part_no, question_number, group_id, question_bank_id, question_skill_type, is_example, suggested_answers) VALUES ('d9611039-7873-4fbd-833c-2e96ecd1637b', '{"options": ["questions/options/images/1773798050967_c9b19470_Q2_listening_part3_4_a.png", "questions/options/images/1773798055629_d5feb9a7_Q2_listening_part3_4_b.png", "questions/options/images/1773798059572_6a9fee77_Q2_listening_part3_4_c.png"], "question": "Where''s the spider?", "optionType": "image"}', '{"answer": 0}', 1.00, 'CHOOSE_THE_CORRECT_ANSWER', '', 'e8fc3a15-68ce-4cfd-ae52-394e7fc7c41c', '3', 3, 13, null, '84c71d25-1449-4310-af1c-e829e4db14d7', 'LISTENING', false, null);
INSERT INTO public.questions (id, content, correct_answer, points, question_type, explanation, exam_id, part_id, part_no, question_number, group_id, question_bank_id, question_skill_type, is_example, suggested_answers) VALUES ('0d3ba06b-2d54-4cbc-a78a-a94ed14e569e', '{"title": "Đọc câu hỏi. Nghe và viết tên hoặc số.", "content": "", "question": "Which class is Lucy in?", "subtitle": ""}', '{"answer": "2"}', 1.00, 'ANSWER_THE_QUESTION', '', 'e8fc3a15-68ce-4cfd-ae52-394e7fc7c41c', '2', 2, 6, '6a67e91c-1e8a-4ce8-a8d7-f9a66f2ee4ca', '6fee8c08-8efe-4034-9d6a-f4346a706827', 'LISTENING', false, null);
INSERT INTO public.questions (id, content, correct_answer, points, question_type, explanation, exam_id, part_id, part_no, question_number, group_id, question_bank_id, question_skill_type, is_example, suggested_answers) VALUES ('711ade6e-715c-4cf0-8531-cf5ca4895a75', '{"title": "Đọc câu hỏi. Nghe và viết tên hoặc số.", "content": "", "question": "What''s the name of Lucy''s school?", "subtitle": ""}', '{"answer": "Town"}', 1.00, 'ANSWER_THE_QUESTION', '', 'e8fc3a15-68ce-4cfd-ae52-394e7fc7c41c', '2', 2, 7, '6a67e91c-1e8a-4ce8-a8d7-f9a66f2ee4ca', 'bb31c4d6-b87f-4d7e-a54b-1c233a44c4ca', 'LISTENING', false, null);
INSERT INTO public.questions (id, content, correct_answer, points, question_type, explanation, exam_id, part_id, part_no, question_number, group_id, question_bank_id, question_skill_type, is_example, suggested_answers) VALUES ('5d16dce4-3bb5-444d-a89f-bdb8788712a7', '{"title": "Nhìn tranh, đọc câu hỏi, trả lời có hoặc không.", "content": "", "question": "A boy is playing with a train.", "subtitle": ""}', '{"answer": "no"}', 1.00, 'ANSWER_THE_QUESTION', '', 'e8fc3a15-68ce-4cfd-ae52-394e7fc7c41c', '6', 6, 26, '3028b9c5-a3f2-40a2-9be2-06b184308c01', 'e43bf81c-0a50-4f1c-8b0c-f69219ce4930', 'READING', false, null);
INSERT INTO public.questions (id, content, correct_answer, points, question_type, explanation, exam_id, part_id, part_no, question_number, group_id, question_bank_id, question_skill_type, is_example, suggested_answers) VALUES ('e9c8b855-9c0c-456c-872a-faf4d2005102', '{"title": "Nhìn tranh, đọc câu hỏi, trả lời có hoặc không.", "content": "", "question": "There are blue flowers on the bookcase.", "subtitle": ""}', '{"answer": "no"}', 1.00, 'ANSWER_THE_QUESTION', '', 'e8fc3a15-68ce-4cfd-ae52-394e7fc7c41c', '6', 6, 27, '3028b9c5-a3f2-40a2-9be2-06b184308c01', '65ff32bd-9307-425c-aaa6-bd439a163b00', 'READING', false, null);
INSERT INTO public.questions (id, content, correct_answer, points, question_type, explanation, exam_id, part_id, part_no, question_number, group_id, question_bank_id, question_skill_type, is_example, suggested_answers) VALUES ('c2218543-5c6a-4066-b819-d5761bc4ff48', '{"title": "Nhìn tranh, đọc câu hỏi, trả lời có hoặc không.", "content": "", "question": "A baby is holding a ball.", "subtitle": ""}', '{"answer": "yes"}', 1.00, 'ANSWER_THE_QUESTION', '', 'e8fc3a15-68ce-4cfd-ae52-394e7fc7c41c', '6', 6, 28, '3028b9c5-a3f2-40a2-9be2-06b184308c01', '6a3fd3b3-54e0-473a-a7a6-eddebf5c75aa', 'READING', false, null);
INSERT INTO public.questions (id, content, correct_answer, points, question_type, explanation, exam_id, part_id, part_no, question_number, group_id, question_bank_id, question_skill_type, is_example, suggested_answers) VALUES ('7e1a6e47-b9d3-48c4-9739-914955db546d', '{"title": "Look at the picture and read the questions. Write one-word answer.", "content": "", "question": "Where are the jeans?", "subtitle": "", "prefixText": "on the"}', '{"answer": "chair"}', 1.00, 'ANSWER_THE_QUESTION', '', 'e8fc3a15-68ce-4cfd-ae52-394e7fc7c41c', '9', 9, 40, '2cfe1c65-92b5-4887-a34b-a4421e446b68', '481034f8-b191-4405-a7a6-38ab9178f71a', 'READING', false, null);
INSERT INTO public.questions (id, content, correct_answer, points, question_type, explanation, exam_id, part_id, part_no, question_number, group_id, question_bank_id, question_skill_type, is_example, suggested_answers) VALUES ('9ee92886-73bc-4fdc-b036-30de67b8ba10', '{"options": ["questions/options/images/1773798324564_49ab7bea_Q2_listening_part3_5_a.png", "questions/options/images/1773798328993_e5080ba3_Q2_listening_part3_5_b.png", "questions/options/images/1773798333935_0417c5bf_Q2_listening_part3_5_c.png"], "question": "Where''s the baby''s duck?", "optionType": "image"}', '{"answer": 1}', 1.00, 'CHOOSE_THE_CORRECT_ANSWER', '', 'e8fc3a15-68ce-4cfd-ae52-394e7fc7c41c', '3', 3, 14, null, '01100f33-4183-4553-bd52-8b1beef33c59', 'LISTENING', false, null);
INSERT INTO public.questions (id, content, correct_answer, points, question_type, explanation, exam_id, part_id, part_no, question_number, group_id, question_bank_id, question_skill_type, is_example, suggested_answers) VALUES ('673e2daf-b543-4eba-99a5-896e7ac2c67a', '{"title": "Look at the picture and read the questions. Write one-word answer.", "content": "", "question": "What is the woman holding?", "subtitle": "", "prefixText": "a"}', '{"answer": "handbag"}', 1.00, 'ANSWER_THE_QUESTION', '', 'e8fc3a15-68ce-4cfd-ae52-394e7fc7c41c', '9', 9, 39, '5ea5655c-cfee-47d5-b48f-137471a07563', 'b34ecefd-433b-4b38-b89d-67f66e4716ee', 'READING', false, null);
INSERT INTO public.questions (id, content, correct_answer, points, question_type, explanation, exam_id, part_id, part_no, question_number, group_id, question_bank_id, question_skill_type, is_example, suggested_answers) VALUES ('c5b42b2f-bd8c-49fe-ab90-9b214d2b5933', '{"title": "Đọc câu hỏi. Nghe và viết tên hoặc số.", "content": "", "question": "How many children are in Lucy''s class?", "subtitle": ""}', '{"answer": "19"}', 1.00, 'ANSWER_THE_QUESTION', '', 'e8fc3a15-68ce-4cfd-ae52-394e7fc7c41c', '2', 2, 8, '6a67e91c-1e8a-4ce8-a8d7-f9a66f2ee4ca', 'a95c1da6-d79c-4870-9292-885d3c69f2d6', 'LISTENING', false, null);
INSERT INTO public.questions (id, content, correct_answer, points, question_type, explanation, exam_id, part_id, part_no, question_number, group_id, question_bank_id, question_skill_type, is_example, suggested_answers) VALUES ('e25c58dc-a1ce-4fa6-b206-7898ef956ade', '{"colorNodes": [{"id": "color-1773744594794", "color": "#FF0000", "label": "Lucy"}, {"id": "color-1773744627488", "color": "#00FF00", "label": "Sam"}, {"id": "color-1773744707350", "color": "#0000FF", "label": "Eva"}, {"id": "color-1773744763155", "color": "#FFFF00", "label": "Hugo"}, {"id": "color-1773744844531", "color": "#FF00FF", "label": "Sue"}], "regionNodes": [{"x": 41.4, "y": 38.2, "id": "region-1773744594794", "color": "#FF0000", "width": 6, "height": 5, "linkedColorNodeId": "color-1773744594794"}, {"x": 55.4, "y": 41.5, "id": "region-1773744627488", "color": "#00FF00", "width": 6, "height": 5, "linkedColorNodeId": "color-1773744627488"}, {"x": 69.5, "y": 29.6, "id": "region-1773744707350", "color": "#0000FF", "width": 6, "height": 5, "linkedColorNodeId": "color-1773744707350"}, {"x": 83.3, "y": 42.4, "id": "region-1773744763155", "color": "#FFFF00", "width": 6, "height": 5, "linkedColorNodeId": "color-1773744763155"}, {"x": 65.8, "y": 72.7, "id": "region-1773744844531", "color": "#FF00FF", "width": 6, "height": 5, "linkedColorNodeId": "color-1773744844531"}], "instructions": ["Match the red object with Lucy", "Match the green object with Sam", "Match the blue object with Eva", "Match the yellow object with Hugo", "Match the pink object with Sue"], "backgroundImageUrl": "questions/images/1773744471097_df00b1c2_Q2_listening_part1.png"}', '{"answers": {"region-1773744594794": "#FF0000", "region-1773744627488": "#00FF00", "region-1773744707350": "#0000FF", "region-1773744763155": "#FFFF00", "region-1773744844531": "#FF00FF"}}', 1.00, 'IMAGE_OBJECT_MATCHING', '', 'e8fc3a15-68ce-4cfd-ae52-394e7fc7c41c', '1', 1, 1, null, '29e328c1-a7ac-4816-9201-803d0b667715', 'LISTENING', false, null);
INSERT INTO public.exam_questions (id, exam_id, question_id, position, part_id, part_no, points) VALUES ('98f3e887-14e0-4736-a5b6-06810a845f8e', '552f1308-2100-4818-87ae-6876b46e30c1', 'e25c58dc-a1ce-4fa6-b206-7898ef956ade', 1, '1', 1, null);
INSERT INTO public.exam_questions (id, exam_id, question_id, position, part_id, part_no, points) VALUES ('33320067-568b-42df-9896-683d26540677', '552f1308-2100-4818-87ae-6876b46e30c1', '2a2e4db2-f6da-4657-bf20-a946eea53070', 2, '2', 2, null);
INSERT INTO public.exam_questions (id, exam_id, question_id, position, part_id, part_no, points) VALUES ('c04d82cd-4461-4f21-b462-07cee912cb7e', '552f1308-2100-4818-87ae-6876b46e30c1', 'f32bad47-9b4b-4e1f-885d-e8fb0d502839', 3, '2', 2, null);
INSERT INTO public.exam_questions (id, exam_id, question_id, position, part_id, part_no, points) VALUES ('4cda9b9b-392d-4c7c-ab68-eed5c265e373', '552f1308-2100-4818-87ae-6876b46e30c1', '7dad7704-acd7-4bac-876f-590eec34d76a', 4, '2', 2, null);
INSERT INTO public.exam_questions (id, exam_id, question_id, position, part_id, part_no, points) VALUES ('928d40be-dcbf-4b50-b499-0b6b15dca6cd', '552f1308-2100-4818-87ae-6876b46e30c1', '1dc89f5a-1378-42be-91f2-6e9004b41319', 5, '2', 2, null);
INSERT INTO public.exam_questions (id, exam_id, question_id, position, part_id, part_no, points) VALUES ('e8e2d6fa-57fe-46f6-8b75-b8a278ebaa79', '552f1308-2100-4818-87ae-6876b46e30c1', '0d3ba06b-2d54-4cbc-a78a-a94ed14e569e', 6, '2', 2, null);
INSERT INTO public.exam_questions (id, exam_id, question_id, position, part_id, part_no, points) VALUES ('4b2e2413-32b0-4229-9533-6f58e138ae55', '552f1308-2100-4818-87ae-6876b46e30c1', '711ade6e-715c-4cf0-8531-cf5ca4895a75', 7, '2', 2, null);
INSERT INTO public.exam_questions (id, exam_id, question_id, position, part_id, part_no, points) VALUES ('cdb935a9-c9a1-44cb-bef0-99c038da2e82', '552f1308-2100-4818-87ae-6876b46e30c1', 'c5b42b2f-bd8c-49fe-ab90-9b214d2b5933', 8, '2', 2, null);
INSERT INTO public.exam_questions (id, exam_id, question_id, position, part_id, part_no, points) VALUES ('308ba314-d266-43dd-92af-bec8931fa962', '552f1308-2100-4818-87ae-6876b46e30c1', '3e5468f1-e6b2-4842-8eef-f2abc96e925a', 9, '3', 3, null);
INSERT INTO public.exam_questions (id, exam_id, question_id, position, part_id, part_no, points) VALUES ('8065e45a-fbc3-413c-8ea3-e6b66cbd4bb4', '552f1308-2100-4818-87ae-6876b46e30c1', 'b58aafef-91e3-48ee-a090-71f1957ce735', 10, '3', 3, null);
INSERT INTO public.exam_questions (id, exam_id, question_id, position, part_id, part_no, points) VALUES ('22a1680d-053f-4cee-9848-e90ea4f5d5e2', '552f1308-2100-4818-87ae-6876b46e30c1', '3b9c43ab-8871-43ce-b1da-8d504f1c3ff0', 11, '3', 3, null);
INSERT INTO public.exam_questions (id, exam_id, question_id, position, part_id, part_no, points) VALUES ('a0284d8a-0e3d-43b8-a22c-5f82d56c47cc', '552f1308-2100-4818-87ae-6876b46e30c1', 'e85ef7b3-9e5c-45a5-8a51-0c0d401e9afa', 12, '3', 3, null);
INSERT INTO public.exam_questions (id, exam_id, question_id, position, part_id, part_no, points) VALUES ('77ebe614-7e55-49b3-b82b-21a6eaad394d', '552f1308-2100-4818-87ae-6876b46e30c1', 'd9611039-7873-4fbd-833c-2e96ecd1637b', 13, '3', 3, null);
INSERT INTO public.exam_questions (id, exam_id, question_id, position, part_id, part_no, points) VALUES ('082d1a0b-a9ae-424b-91c1-f68740e91f18', '552f1308-2100-4818-87ae-6876b46e30c1', '9ee92886-73bc-4fdc-b036-30de67b8ba10', 14, '3', 3, null);
INSERT INTO public.exam_questions (id, exam_id, question_id, position, part_id, part_no, points) VALUES ('46bbce67-e72a-45d5-9501-699b5ce5226d', '552f1308-2100-4818-87ae-6876b46e30c1', '5486c01c-33d8-42b1-92c4-027da0de30be', 15, '4', 4, null);
INSERT INTO public.exam_questions (id, exam_id, question_id, position, part_id, part_no, points) VALUES ('1e83e953-7b89-4f80-ac2a-f7bb8ddb0859', '552f1308-2100-4818-87ae-6876b46e30c1', '9358ec1f-0a97-4e3c-9ceb-29452fa77cdd', 16, '5', 5, null);
INSERT INTO public.exam_questions (id, exam_id, question_id, position, part_id, part_no, points) VALUES ('15fc0536-2d1a-4bd0-a839-4ef966440af5', '552f1308-2100-4818-87ae-6876b46e30c1', 'ff902e62-2592-44c0-a17b-4524fbf75b02', 17, '5', 5, null);
INSERT INTO public.exam_questions (id, exam_id, question_id, position, part_id, part_no, points) VALUES ('d96f3d9c-19c5-48d8-b0ba-71271a997dc5', '552f1308-2100-4818-87ae-6876b46e30c1', '7afcb396-16cf-447d-a0e2-3b5d780dee40', 18, '5', 5, null);
INSERT INTO public.exam_questions (id, exam_id, question_id, position, part_id, part_no, points) VALUES ('a377001e-6fb0-40bd-bf73-a08ccc095067', '552f1308-2100-4818-87ae-6876b46e30c1', 'b6b6df52-c9f7-4d46-b72e-f9f49c768b32', 19, '5', 5, null);
INSERT INTO public.exam_questions (id, exam_id, question_id, position, part_id, part_no, points) VALUES ('a541bed2-0500-4686-b02e-82f5d13fd917', '552f1308-2100-4818-87ae-6876b46e30c1', '263c9180-98e6-4585-ae62-eb4d274e6a03', 20, '5', 5, null);
INSERT INTO public.exam_questions (id, exam_id, question_id, position, part_id, part_no, points) VALUES ('3d8f05b0-d4de-4039-9b9d-e46e7fc5c192', '552f1308-2100-4818-87ae-6876b46e30c1', 'ccb4b606-ed3f-4942-81d3-049fa9e95302', 21, '5', 5, null);
INSERT INTO public.exam_questions (id, exam_id, question_id, position, part_id, part_no, points) VALUES ('9698d839-3ae1-4821-94f3-1a8629176363', '552f1308-2100-4818-87ae-6876b46e30c1', '2b2c0ae1-20e4-4f2b-b972-f52fa4317316', 22, '5', 5, null);
INSERT INTO public.exam_questions (id, exam_id, question_id, position, part_id, part_no, points) VALUES ('62f94c32-3d01-4d11-bf08-101021777faa', '552f1308-2100-4818-87ae-6876b46e30c1', 'c80c7ff8-5e33-46a1-9491-707e731364a9', 23, '6', 6, null);
INSERT INTO public.exam_questions (id, exam_id, question_id, position, part_id, part_no, points) VALUES ('5f81fe9d-ef07-4837-971b-6fd6e7c3a394', '552f1308-2100-4818-87ae-6876b46e30c1', '71db9fb9-f468-4b37-aaec-30bf9b6fe2a3', 24, '6', 6, null);
INSERT INTO public.exam_questions (id, exam_id, question_id, position, part_id, part_no, points) VALUES ('d5a2d90c-58d3-4f37-9491-9f4d13868eb5', '552f1308-2100-4818-87ae-6876b46e30c1', 'e82e1466-0ba8-4e02-8e20-51db2abe81e3', 25, '6', 6, null);
INSERT INTO public.exam_questions (id, exam_id, question_id, position, part_id, part_no, points) VALUES ('e5625417-62f3-4362-acaa-8abb27ca1836', '552f1308-2100-4818-87ae-6876b46e30c1', '5d16dce4-3bb5-444d-a89f-bdb8788712a7', 26, '6', 6, null);
INSERT INTO public.exam_questions (id, exam_id, question_id, position, part_id, part_no, points) VALUES ('b775b45e-33ea-4b0a-b666-394bb80f9758', '552f1308-2100-4818-87ae-6876b46e30c1', 'e9c8b855-9c0c-456c-872a-faf4d2005102', 27, '6', 6, null);
INSERT INTO public.exam_questions (id, exam_id, question_id, position, part_id, part_no, points) VALUES ('569d0cda-55ca-4c94-9c12-76d94b401a9e', '552f1308-2100-4818-87ae-6876b46e30c1', 'c2218543-5c6a-4066-b819-d5761bc4ff48', 28, '6', 6, null);
INSERT INTO public.exam_questions (id, exam_id, question_id, position, part_id, part_no, points) VALUES ('4d0d4b0e-69a0-4934-b8ff-2d4b4ff3b2f8', '552f1308-2100-4818-87ae-6876b46e30c1', 'e4b93676-d7fb-42a0-92cc-d8e98d17a4be', 29, '6', 6, null);
INSERT INTO public.exam_questions (id, exam_id, question_id, position, part_id, part_no, points) VALUES ('4b65e19b-5d79-4ca2-b203-5860484c16e1', '552f1308-2100-4818-87ae-6876b46e30c1', '779c3080-6ff9-42d4-87eb-7c05143f2c7f', 30, '7', 7, null);
INSERT INTO public.exam_questions (id, exam_id, question_id, position, part_id, part_no, points) VALUES ('d09b7bf3-7013-45cc-8d62-b93a385958a5', '552f1308-2100-4818-87ae-6876b46e30c1', '64808176-d9fc-4788-bc5c-3879421670fa', 31, '7', 7, null);
INSERT INTO public.exam_questions (id, exam_id, question_id, position, part_id, part_no, points) VALUES ('6cb7752f-a028-4a45-8887-309a5d9d81bb', '552f1308-2100-4818-87ae-6876b46e30c1', '53adc16e-6cac-44cd-9634-3eb2181dc894', 32, '7', 7, null);
INSERT INTO public.exam_questions (id, exam_id, question_id, position, part_id, part_no, points) VALUES ('10302c55-b878-4c78-a162-90871536babe', '552f1308-2100-4818-87ae-6876b46e30c1', '2e9d35f3-57af-46ae-b842-4e83f9739a50', 33, '7', 7, null);
INSERT INTO public.exam_questions (id, exam_id, question_id, position, part_id, part_no, points) VALUES ('add2eba7-cf99-48d4-a182-8c7fe7836a33', '552f1308-2100-4818-87ae-6876b46e30c1', '5929978b-3b3b-4c69-9a8d-473e5d1e091f', 34, '7', 7, null);
INSERT INTO public.exam_questions (id, exam_id, question_id, position, part_id, part_no, points) VALUES ('84f53571-ff1a-4506-9ea6-248b0038b2b5', '552f1308-2100-4818-87ae-6876b46e30c1', '4bb1d83b-a4d5-4aa6-8fe3-0635667a0759', 35, '7', 7, null);
INSERT INTO public.exam_questions (id, exam_id, question_id, position, part_id, part_no, points) VALUES ('51e52f0c-c133-4428-9a6e-5594a31c7fee', '552f1308-2100-4818-87ae-6876b46e30c1', '133e7bf6-3ecf-4e10-958a-6d526a26e412', 36, '8', 8, null);
INSERT INTO public.exam_questions (id, exam_id, question_id, position, part_id, part_no, points) VALUES ('cc3da415-fbc7-4d79-b6e3-f6599ef2d77b', '552f1308-2100-4818-87ae-6876b46e30c1', '0e67fc0d-476d-483c-a79d-5c110434fe57', 37, '9', 9, null);
INSERT INTO public.exam_questions (id, exam_id, question_id, position, part_id, part_no, points) VALUES ('512f083e-2b58-4a9e-a609-326036158c7e', '552f1308-2100-4818-87ae-6876b46e30c1', 'f18d2826-919e-400c-aa02-c8f8572ac3c1', 38, '9', 9, null);
INSERT INTO public.exam_questions (id, exam_id, question_id, position, part_id, part_no, points) VALUES ('b22e77ba-de4e-43cd-aea8-67ec41c0f615', '552f1308-2100-4818-87ae-6876b46e30c1', '673e2daf-b543-4eba-99a5-896e7ac2c67a', 39, '9', 9, null);
INSERT INTO public.exam_questions (id, exam_id, question_id, position, part_id, part_no, points) VALUES ('e469c0b0-76df-4576-8e19-351d417cce96', '552f1308-2100-4818-87ae-6876b46e30c1', '7e1a6e47-b9d3-48c4-9739-914955db546d', 40, '9', 9, null);
INSERT INTO public.exam_questions (id, exam_id, question_id, position, part_id, part_no, points) VALUES ('81505a25-0a54-4ca2-8835-a6c776f209ac', '552f1308-2100-4818-87ae-6876b46e30c1', '1f54c24b-8824-4350-a4c3-f8b3244786b1', 41, '9', 9, null);
INSERT INTO public.exam_questions (id, exam_id, question_id, position, part_id, part_no, points) VALUES ('7b26cfc8-1d6c-405b-8569-35fd528184d4', '552f1308-2100-4818-87ae-6876b46e30c1', '639e1740-4cf5-497d-863e-4bd1debb8a7d', 42, '9', 9, null);
INSERT INTO public.exam_questions (id, exam_id, question_id, position, part_id, part_no, points) VALUES ('e640d92b-692e-467a-b779-88f87e887a2b', '552f1308-2100-4818-87ae-6876b46e30c1', 'd5a8141a-41bc-43d1-a9e5-a30a2ccf36c8', 43, '9', 9, null);
